section_id,s_node,e_node,length
0,0,9114,3562.368
1,7965,0,76.898
2,8723,0,351.7950000000001
3,1,7574,293.54
4,1,9509,754.592
5,9512,1,752.0059999999999
6,2,4778,1196.6650000000004
7,2,7901,1176.4899999999998
8,7895,2,92.144
9,3,8380,20.253
10,3,9696,12.52
11,9696,3,12.52
12,3,9685,30.791
13,1352,3,283.065
14,9694,3,62.381
15,4,763,75.108
16,763,4,75.108
17,5,7,101.12
18,7,5,101.12
19,7582,5,46.646
20,5,7582,46.646
21,5,7383,141.32099999999997
22,7970,5,146.468
23,7,6,146.52
24,6,7,146.52
25,6,8376,146.56900000000002
26,8376,6,146.56900000000002
27,6,7970,101.335
28,7970,6,101.335
29,7,7454,212.056
30,7454,7,212.056
31,7,9502,141.30599999999998
32,9502,7,141.30599999999998
33,8,7384,19.164
34,8,7479,100.754
35,1736,8,46.775
36,7476,8,139.178
37,9,7476,108.454
38,7478,9,104.625
39,9,7478,104.625
40,10,9,47.538
41,9,10,47.538
42,11,10,205.427
43,10,11,205.427
44,156,10,115.935
45,11,12,113.397
46,12,11,113.397
47,8615,11,213.016
48,11,8615,213.016
49,156,12,206.746
50,12,156,206.746
51,12,7480,138.80100000000002
52,7480,12,138.80100000000002
53,13,14,147.026
54,13,1356,52.161
55,1356,13,52.161
56,2017,13,53.631
57,13,2017,53.631
58,14,1357,53.765
59,1357,14,53.765
60,2018,14,52.592
61,14,2018,52.592
62,15,16,74.131
63,16,15,74.131
64,16,800,204.35
65,800,16,204.35
66,7954,16,127.971
67,16,7954,127.971
68,17,803,191.95
69,803,17,191.95
70,804,18,280.743
71,18,804,280.743
72,18,805,200.527
73,805,18,200.527
74,18,19,86.43900000000001
75,19,18,86.43900000000001
76,18,5419,40.42
77,2328,19,341.21500000000003
78,19,2328,341.21500000000003
79,19,806,200.342
80,806,19,200.342
81,19,20,83.00999999999999
82,20,19,83.00999999999999
83,20,807,200.691
84,807,20,200.691
85,20,21,86.00200000000001
86,21,20,86.00200000000001
87,6511,20,62.947
88,20,6511,62.947
89,21,7740,66.131
90,7740,21,66.131
91,21,1795,100.15
92,1795,21,100.15
93,2602,21,203.572
94,21,2602,203.572
95,7740,22,6.946
96,22,7740,6.946
97,22,59,207.24
98,59,22,207.24
99,60,22,87.99
100,22,60,87.99
101,9207,22,75.03099999999999
102,22,9207,75.03099999999999
103,23,24,85.462
104,24,23,85.462
105,23,791,202.12
106,791,23,202.12
107,6368,23,166.612
108,23,6368,166.612
109,24,25,85.321
110,25,24,85.321
111,24,792,202.25600000000003
112,792,24,202.25600000000003
113,2229,24,44.759
114,24,2229,44.759
115,25,26,85.411
116,26,25,85.411
117,25,793,202.329
118,793,25,202.329
119,4118,25,34.418
120,25,4118,34.418
121,26,27,85.46300000000001
122,27,26,85.46300000000001
123,26,794,202.539
124,794,26,202.539
125,5965,26,202.54
126,26,5965,202.54
127,1259,27,202.607
128,27,1259,202.607
129,27,795,202.611
130,795,27,202.611
131,28,797,184.473
132,797,28,184.473
133,29,30,88.69300000000001
134,30,29,88.69300000000001
135,29,9472,102.411
136,9472,29,102.411
137,2413,29,543.195
138,29,2413,543.195
139,30,5061,75.727
140,5061,30,75.727
141,9472,30,79.803
142,30,9472,79.803
143,31,8661,154.304
144,8661,31,154.304
145,3232,31,87.518
146,31,3232,87.518
147,31,4347,124.841
148,4347,31,124.841
149,8661,32,11.125
150,32,8661,11.125
151,5675,32,189.385
152,32,5675,189.385
153,33,32,34.089
154,32,33,34.089
155,33,34,189.765
156,34,33,189.765
157,33,5905,285.762
158,5905,33,285.762
159,35,36,207.334
160,36,35,207.334
161,35,5372,93.826
162,5372,35,93.826
163,5905,35,97.237
164,35,5905,97.237
165,1490,36,159.245
166,36,1490,159.245
167,36,8983,6.888999999999999
168,8983,36,6.888999999999999
169,37,37,69.604
170,540,37,94.235
171,37,540,94.235
172,37,541,94.422
173,541,37,94.422
174,37,38,207.301
175,38,37,207.301
176,38,39,208.047
177,39,38,208.047
178,38,1213,94.452
179,1213,38,94.452
180,1212,38,94.284
181,38,1212,94.284
182,39,5369,94.482
183,5369,39,94.482
184,6146,39,94.32
185,39,6146,94.32
186,39,6831,207.379
187,6831,39,207.379
188,40,2686,94.538
189,2686,40,94.538
190,2685,40,94.415
191,40,2685,94.415
192,40,41,208.226
193,41,40,208.226
194,6874,40,207.58
195,40,6874,207.58
196,5869,41,94.461
197,41,5869,94.461
198,41,5370,94.573
199,5370,41,94.573
200,41,42,207.591
201,42,41,207.591
202,42,5371,94.595
203,5371,42,94.595
204,6532,42,94.516
205,42,6532,94.516
206,42,8859,208.025
207,8859,42,208.025
208,43,44,82.576
209,44,43,82.576
210,44,45,81.807
211,45,44,81.807
212,5844,44,176.519
213,44,5844,176.519
214,6494,45,27.467
215,45,6494,27.467
216,45,5365,94.273
217,5365,45,94.273
218,46,6947,10.056
219,6947,46,10.056
220,46,2163,94.097
221,2162,46,94.493
222,47,7698,200.62
223,7698,47,200.62
224,6947,47,204.514
225,47,6947,204.514
226,47,5366,94.231
227,5366,47,94.231
228,6113,47,94.363
229,47,6113,94.363
230,48,5367,94.271
231,5367,48,94.271
232,6533,48,94.331
233,48,6533,94.331
234,48,49,207.873
235,49,48,207.873
236,7091,48,200.59
237,48,7091,200.59
238,49,50,207.617
239,50,49,207.617
240,49,1026,94.337
241,1026,49,94.337
242,1025,49,94.281
243,49,1025,94.281
244,50,8968,94.398
245,8968,50,94.398
246,8965,50,94.221
247,50,8965,94.221
248,50,51,135.212
249,51,50,135.212
250,51,400,97.716
251,8384,51,46.148
252,52,53,20.928
253,53,52,20.928
254,53,54,68.857
255,9380,53,94.235
256,54,3604,94.178
257,3603,54,116.703
258,55,56,57.474
259,56,55,57.474
260,55,2747,224.157
261,2747,55,224.157
262,9571,55,175.539
263,55,9571,175.539
264,56,57,8.831
265,57,56,8.831
266,56,3968,55.773
267,3968,56,55.773
268,58,5339,405.215
269,5339,58,405.215
270,59,58,650.4780000000001
271,58,59,650.4780000000001
272,88,58,1533.492
273,58,88,1533.492
274,7739,59,9.805
275,59,7739,9.805
276,60,61,14.886
277,61,60,14.886
278,7740,60,88.899
279,1795,61,84.419
280,61,1795,84.419
281,61,62,100.4
282,62,61,100.4
283,9208,61,55.723
284,61,9208,55.723
285,62,63,206.455
286,63,62,206.455
287,808,62,85.5
288,62,808,85.5
289,63,7000,118.99899999999998
290,7000,63,118.99899999999998
291,63,6206,84.77199999999999
292,6206,63,84.77199999999999
293,2603,63,87.169
294,63,2603,87.169
295,64,5602,247.86
296,5602,64,247.86
297,5746,64,36.792
298,64,5746,36.792
299,64,7921,90.712
300,7921,64,90.712
301,7920,64,60.331
302,64,7920,60.331
303,65,5609,80.89999999999999
304,5609,65,80.89999999999999
305,5356,65,81.698
306,65,5356,81.698
307,65,8258,154.925
308,66,65,140.45900000000003
309,5355,66,81.798
310,66,5355,81.798
311,66,902,277.52599999999995
312,902,66,277.52599999999995
313,66,6296,80.526
314,6296,66,80.526
315,6379,67,81.187
316,67,6379,81.187
317,67,68,302.46
318,68,67,302.46
319,67,183,33.396
320,183,67,33.396
321,7135,69,38.815
322,69,7135,38.815
323,69,4086,119.92
324,4086,69,119.92
325,69,2970,394.605
326,2970,69,394.605
327,69,70,117.309
328,70,69,117.309
329,70,5071,62.866
330,5071,70,62.866
331,70,71,76.178
332,71,70,76.178
333,5070,70,118.099
334,70,5070,118.099
335,71,8629,76.039
336,8629,71,76.039
337,8629,71,304.696
338,71,8629,304.696
339,4134,71,129.321
340,71,4134,129.321
341,72,756,53.588
342,8631,72,77.197
343,72,8631,77.197
344,72,73,76.037
345,73,72,76.037
346,73,74,85.197
347,7843,73,48.71
348,8751,73,36.137
349,7839,74,12.101
350,74,7839,12.101
351,74,7840,33.325
352,189,74,115.083
353,74,189,115.083
354,75,7182,10.724
355,7182,75,10.724
356,75,76,77.529
357,2153,75,33.232
358,75,2153,33.232
359,7840,75,85.315
360,76,7183,12.046
361,7183,76,12.046
362,76,4156,33.43
363,76,8378,76.204
364,77,7184,7.394
365,7184,77,7.394
366,77,8166,249.378
367,8378,77,74.96799999999999
368,78,79,220.964
369,79,78,220.964
370,78,82,149.588
371,4894,78,100.571
372,78,4894,100.571
373,8630,78,12.877
374,78,8630,12.877
375,8166,78,58.428
376,79,8448,83.52499999999999
377,8448,79,83.52499999999999
378,79,7044,262.19500000000005
379,7044,79,262.19500000000005
380,80,3960,74.02799999999999
381,4380,80,36.406
382,7842,80,36.297
383,81,256,793.3170000000001
384,81,145,398.0079999999999
385,7573,81,655.0930000000002
386,82,7661,31.413
387,7661,82,31.413
388,82,7184,158.179
389,83,84,203.522
390,84,83,203.522
391,83,5093,67.88300000000001
392,5093,83,67.88300000000001
393,84,3212,140.923
394,3212,84,140.923
395,84,5015,78.81
396,5015,84,78.81
397,84,7728,79.891
398,8738,84,37.293000000000006
399,85,9660,212.133
400,9660,85,212.133
401,9660,86,85.709
402,86,9660,85.709
403,86,5060,202.181
404,5060,86,202.181
405,5059,86,206.957
406,86,5059,206.957
407,87,7757,187.603
408,7757,87,187.603
409,88,9268,82.63
410,9268,88,82.63
411,88,2328,60.591
412,2328,88,60.591
413,89,9272,87.01899999999999
414,9272,89,87.01899999999999
415,9268,89,87.941
416,89,9268,87.941
417,89,9271,54.406
418,9271,89,54.406
419,90,91,366.953
420,91,90,366.953
421,2832,90,147.291
422,90,2832,147.291
423,90,2833,318.3380000000001
424,2833,90,318.3380000000001
425,91,8715,283.761
426,8715,91,283.761
427,2833,91,43.828
428,91,2833,43.828
429,92,7849,14.839
430,92,6050,109.443
431,6050,92,109.443
432,8462,92,93.046
433,93,6011,85.144
434,6011,93,85.144
435,4101,93,115.98
436,93,4101,115.98
437,93,8449,113.502
438,8449,93,113.502
439,6986,93,95.793
440,93,6986,95.793
441,5052,94,29.009
442,94,5052,29.009
443,94,95,36.916
444,95,94,36.916
445,94,3039,69.894
446,3039,94,69.894
447,96,206,363.32
448,96,6591,835.226
449,139,96,289.27
450,97,206,271.391
451,97,6591,791.424
452,97,640,67.005
453,640,97,67.005
454,117,97,191.964
455,97,117,191.964
456,601,97,139.263
457,98,7787,51.252
458,7787,98,51.252
459,2199,98,52.097
460,98,2199,52.097
461,98,2919,142.623
462,842,98,146.103
463,99,7310,15.041
464,99,8292,84.72200000000001
465,181,99,757.7460000000002
466,6789,99,10.41
467,100,5271,28.636
468,3380,100,36.271
469,7456,100,21.916
470,101,7901,203.567
471,6590,101,497.006
472,7899,101,309.178
473,102,8085,31.32
474,8085,102,31.32
475,102,2372,230.95899999999995
476,2372,102,230.95899999999995
477,8695,102,450.426
478,102,8695,450.426
479,102,2759,242.877
480,2759,102,242.877
481,103,3391,47.173
482,103,6737,157.45400000000004
483,3965,103,61.959
484,104,9286,73.316
485,9286,104,73.316
486,9132,104,114.977
487,104,9132,114.977
488,104,7965,226.821
489,244,104,202.348
490,3559,104,195.136
491,105,8074,64.065
492,4476,105,96.443
493,9311,105,33.309
494,106,9311,18.578
495,9311,106,18.578
496,106,2987,77.56700000000001
497,2987,106,77.56700000000001
498,4476,106,80.125
499,107,128,119.462
500,107,7490,142.925
501,9116,107,189.054
502,108,109,86.547
503,2736,108,235.112
504,5599,108,78.287
505,109,6800,23.369
506,6100,109,95.306
507,109,6100,95.306
508,110,6257,100.108
509,6257,110,100.108
510,110,198,34.385000000000005
511,4812,110,110.194
512,111,3998,141.71800000000002
513,112,111,301.961
514,212,111,447.52
515,112,5830,215.715
516,6797,112,6.552
517,113,5831,108.57999999999998
518,114,113,201.75199999999995
519,177,113,123.925
520,114,6801,232.27200000000005
521,115,114,184.509
522,115,116,209.928
523,7865,115,82.72500000000001
524,116,5830,129.61399999999998
525,116,7943,123.477
526,117,3599,66.727
527,4254,117,68.162
528,117,4254,68.162
529,118,117,550.357
530,142,117,276.155
531,118,8050,595.158
532,7639,118,615.562
533,119,8025,83.074
534,8025,119,83.074
535,119,6098,69.657
536,6098,119,69.657
537,743,119,241.092
538,119,743,241.092
539,120,5479,266.759
540,5479,120,266.759
541,120,6974,21.071
542,6974,120,21.071
543,5478,120,196.324
544,120,5478,196.324
545,2099,121,84.511
546,121,2099,84.511
547,121,7743,75.084
548,7743,121,75.084
549,5348,121,142.689
550,121,5348,142.689
551,121,5347,132.239
552,5347,121,132.239
553,122,123,98.319
554,122,224,129.491
555,7360,122,210.505
556,123,9205,137.699
557,225,123,40.555
558,124,726,40.409
559,726,124,40.409
560,124,718,159.184
561,4801,124,62.862
562,124,4801,62.862
563,9084,124,180.515
564,125,2622,75.678
565,2622,125,75.678
566,2629,125,49.234
567,125,2629,49.234
568,125,126,33.573
569,126,125,33.573
570,2630,125,26.476
571,125,2630,26.476
572,126,7622,27.15
573,7622,126,27.15
574,7622,126,250.669
575,127,128,238.831
576,127,7490,100.701
577,7523,127,28.901
578,128,569,24.425
579,129,7517,40.105
580,129,2965,57.633
581,129,5605,50.24
582,7187,129,134.247
583,130,7179,225.71599999999995
584,130,205,409.462
585,9819,130,577.559
586,131,132,40.67300000000001
587,131,9677,34.629000000000005
588,9675,131,142.82799999999995
589,132,133,63.414
590,2753,132,271.505
591,132,2753,271.505
592,7411,132,200.042
593,132,7411,200.042
594,133,8180,305.942
595,9673,133,61.899
596,9674,133,31.314
597,9676,133,61.477
598,9677,133,28.161
599,134,3304,66.141
600,184,134,40.628
601,7410,134,35.588
602,7410,135,10.852
603,135,7410,10.852
604,135,7411,103.982
605,8714,135,78.59800000000001
606,136,137,117.39
607,136,138,124.68300000000002
608,7437,136,101.579
609,137,606,53.769
610,137,138,68.226
611,607,137,17.322
612,138,2086,107.551
613,7379,139,469.198
614,7437,139,424.659
615,4675,140,60.174
616,140,4675,60.174
617,141,7516,133.96800000000002
618,141,234,169.22699999999998
619,7898,141,111.035
620,142,8050,371.8370000000001
621,142,9740,69.34100000000001
622,142,5022,65.157
623,3598,142,157.76100000000002
624,5984,142,65.581
625,143,7422,81.803
626,7422,143,81.803
627,143,1760,84.749
628,144,143,155.485
629,2540,144,190.402
630,7407,144,690.4850000000002
631,7718,145,12.525
632,145,7718,12.525
633,145,3329,34.799
634,145,8498,68.299
635,8498,145,68.299
636,146,147,368.803
637,146,5000,210.812
638,7666,146,142.45600000000002
639,147,9687,45.795
640,7182,147,111.005
641,147,7182,111.005
642,6791,147,57.69499999999999
643,148,8631,145.88600000000002
644,148,5016,174.186
645,6791,148,383.129
646,7650,148,134.91
647,149,3417,103.425
648,3417,149,103.425
649,150,1537,58.553
650,150,2151,107.75
651,2151,150,107.75
652,1335,150,20.007
653,150,1335,20.007
654,151,7545,248.321
655,152,151,230.43600000000004
656,203,151,141.19
657,152,204,100.077
658,1464,152,244.436
659,153,154,81.293
660,153,250,75.574
661,4172,153,63.794
662,154,155,127.491
663,250,154,64.713
664,155,7905,1713.465
665,159,155,650.396
666,7476,156,46.882000000000005
667,156,7476,46.882000000000005
668,1736,156,139.09099999999998
669,157,158,41.623000000000005
670,158,157,85.36300000000001
671,157,3294,401.0320000000001
672,158,2763,263.689
673,9253,158,224.621
674,159,160,326.669
675,168,159,487.4990000000001
676,160,249,50.70399999999999
677,160,161,75.515
678,4171,161,154.523
679,161,4171,154.523
680,161,249,63.709
681,249,161,63.709
682,162,7449,41.787
683,7449,162,41.787
684,493,162,85.989
685,162,493,85.989
686,162,9803,24.003
687,4925,162,142.145
688,163,512,74.623
689,512,163,74.623
690,163,7450,182.863
691,7450,163,181.546
692,164,165,359.591
693,164,168,668.585
694,7910,164,95.111
695,165,246,108.42000000000002
696,165,166,60.383
697,247,166,52.026
698,166,247,52.026
699,166,4168,58.426
700,4168,166,58.426
701,167,168,385.824
702,167,651,50.772000000000006
703,651,167,50.772000000000006
704,513,167,61.145
705,167,513,61.145
706,169,7533,435.66
707,169,170,318.93700000000007
708,7406,169,466.21000000000015
709,170,3606,193.402
710,170,8542,191.68400000000003
711,610,170,74.982
712,3356,170,192.394
713,171,610,74.531
714,171,6230,177.652
715,171,7532,523.625
716,611,171,143.195
717,3608,171,192.776
718,172,2737,92.524
719,7190,172,293.829
720,7920,172,312.40899999999993
721,173,5602,235.499
722,7498,173,234.526
723,8366,173,450.58900000000006
724,174,2757,200.66899999999995
725,2757,174,200.66899999999995
726,174,8621,230.892
727,8621,174,230.892
728,2463,174,130.497
729,174,2463,130.497
730,175,9205,300.787
731,175,3998,967.835
732,7901,175,496.925
733,176,7838,24.661
734,176,177,47.478
735,7945,176,31.961
736,9205,176,22.566
737,177,5599,167.046
738,178,9117,188.499
739,180,178,120.954
740,9025,178,134.011
741,179,6974,90.333
742,180,179,228.99
743,9025,179,75.897
744,6965,180,22.931
745,181,5270,333.593
746,7533,181,390.032
747,182,7912,359.2360000000001
748,182,7915,167.556
749,2737,182,51.4
750,183,5736,202.317
751,5736,183,202.317
752,1807,183,130.296
753,183,1807,130.296
754,184,7410,24.035
755,7411,184,72.12
756,8702,185,15.828
757,185,8702,15.828
758,185,186,592.9839999999999
759,186,185,592.9839999999999
760,8706,185,228.73800000000003
761,185,8706,228.73800000000003
762,186,187,106.657
763,187,186,106.657
764,8696,186,65.97
765,186,8696,65.97
766,186,2627,108.885
767,2627,186,108.885
768,8708,187,169.184
769,187,8708,169.184
770,187,188,361.195
771,188,187,361.195
772,187,8695,30.197
773,8695,187,30.197
774,8085,188,121.715
775,188,8085,121.715
776,188,8706,190.787
777,8706,188,190.787
778,189,1537,110.524
779,1537,189,110.524
780,189,4666,97.787
781,189,381,219.363
782,381,189,219.363
783,7666,189,226.467
784,190,9258,89.517
785,9258,190,89.517
786,9294,190,76.483
787,190,9294,76.483
788,190,941,268.843
789,941,190,268.843
790,191,192,253.815
791,191,260,899.946
792,256,191,593.3810000000001
793,192,193,236.215
794,192,7171,364.56000000000006
795,193,5456,54.884
796,258,193,162.976
797,194,7172,8.973
798,194,9469,105.046
799,259,194,63.736
800,6790,194,259.856
801,195,9513,121.448
802,258,195,223.151
803,7172,195,436.06
804,196,9819,684.1550000000001
805,197,196,237.736
806,7865,196,658.013
807,198,197,164.96
808,214,197,180.292
809,198,5598,52.119
810,199,200,401.002
811,199,3872,1362.7589999999998
812,260,199,623.7889999999999
813,200,5014,46.536
814,1626,200,74.32900000000001
815,201,202,134.34900000000002
816,201,7200,315.379
817,9066,201,87.6
818,202,203,49.017
819,3871,202,209.491
820,203,204,148.727
821,204,7809,132.293
822,205,4779,88.64699999999999
823,7905,205,1011.773
824,206,9379,15.813
825,206,637,72.542
826,5022,206,122.157
827,207,3728,52.252
828,3728,207,52.252
829,7787,207,54.021
830,207,7787,54.021
831,207,844,146.149
832,8544,207,142.61499999999998
833,1967,208,39.798
834,208,1967,39.798
835,209,8930,145.512
836,209,1272,154.58599999999998
837,6906,209,49.948
838,210,6954,13.576
839,6954,210,13.576
840,210,557,207.802
841,1272,210,40.227
842,210,1272,40.227
843,8930,210,16.259999999999998
844,211,6919,111.488
845,6118,211,93.047
846,8929,211,100.94599999999998
847,212,4546,266.497
848,4546,212,266.497
849,7838,212,47.269
850,213,9251,146.486
851,213,5913,53.037
852,2644,213,51.944
853,214,6801,215.424
854,2736,214,148.332
855,3595,215,217.638
856,215,3595,217.638
857,215,7470,103.332
858,7470,215,103.332
859,215,7962,193.07700000000003
860,7962,215,193.07700000000003
861,7639,215,625.4380000000001
862,216,4778,890.3230000000003
863,216,4779,1070.706
864,235,216,724.255
865,217,222,536.913
866,7895,217,1116.6670000000004
867,7905,217,802.2209999999999
868,218,7363,26.646
869,218,5158,26.714
870,5158,218,26.714
871,8337,218,110.243
872,218,8337,110.243
873,8666,218,17.921
874,219,8750,257.453
875,938,219,29.409
876,7863,219,33.474000000000004
877,220,7099,31.964
878,220,7726,21.387
879,7725,220,95.703
880,7814,220,144.112
881,221,5863,237.728
882,5863,221,237.728
883,221,7572,75.494
884,2961,221,62.154
885,222,7801,314.659
886,6588,222,412.484
887,4150,223,269.84900000000005
888,223,4150,269.84900000000005
889,223,4985,94.233
890,3350,223,96.85
891,224,3476,102.113
892,225,224,95.008
893,5600,225,321.50600000000003
894,227,226,272.22700000000003
895,1264,227,340.688
896,227,1264,340.688
897,228,2385,107.813
898,2385,228,107.813
899,228,9557,78.801
900,9557,228,78.801
901,6044,228,78.755
902,228,6044,78.755
903,828,229,32.293
904,229,828,32.293
905,229,829,119.36
906,829,229,119.36
907,229,1255,109.575
908,1255,229,109.575
909,230,237,243.699
910,230,231,415.6720000000001
911,8050,230,439.843
912,231,6586,162.12400000000002
913,236,231,390.3490000000001
914,743,232,92.593
915,232,743,92.593
916,232,742,16.049
917,6433,232,26.208
918,233,1557,141.663
919,1557,233,141.55599999999998
920,1366,233,28.086
921,233,1366,28.086
922,234,9194,124.91300000000004
923,234,2959,125.04
924,235,6589,623.49
925,8179,235,695.417
926,236,3603,57.21000000000001
927,2086,236,8.725
928,237,257,87.614
929,237,238,91.482
930,238,8542,100.469
931,257,238,83.93199999999999
932,239,240,68.655
933,240,239,68.655
934,4826,239,79.26899999999999
935,239,4826,79.26899999999999
936,239,4403,136.318
937,4403,239,136.318
938,6977,239,44.832
939,239,6977,44.832
940,240,241,41.576
941,241,240,41.576
942,240,2096,187.782
943,2096,240,187.782
944,241,6977,103.432
945,6978,241,160.363
946,242,7639,2.137
947,242,243,107.627
948,8491,242,3696.89
949,243,9230,593.7599999999998
950,243,8717,195.166
951,244,3559,20.296
952,3559,244,20.296
953,3488,244,117.926
954,244,3488,117.926
955,245,661,183.373
956,245,7406,358.25500000000005
957,3998,245,1093.0999999999997
958,651,246,82.56700000000001
959,246,651,82.56700000000001
960,246,4168,60.206
961,4168,246,60.206
962,247,7169,296.765
963,4232,247,147.26100000000002
964,247,4232,147.26100000000002
965,248,5788,89.891
966,5788,248,89.891
967,8429,248,25.4
968,248,8429,25.4
969,248,5894,124.55700000000002
970,5894,248,124.55700000000002
971,6513,248,175.296
972,248,6513,175.296
973,249,494,66.816
974,494,249,66.816
975,494,250,66.323
976,250,494,66.323
977,250,8176,176.069
978,6379,251,231.981
979,251,6379,231.981
980,251,5785,149.774
981,5785,251,149.774
982,5374,251,127.054
983,251,5374,127.054
984,6165,252,105.885
985,252,6165,105.885
986,8382,252,9.2
987,252,8382,9.2
988,252,1941,41.52
989,1941,252,41.52
990,5416,253,111.936
991,253,5416,111.936
992,253,4350,48.354
993,2272,253,198.197
994,254,255,30.966
995,255,254,30.966
996,254,2666,20.259
997,2666,254,20.259
998,5489,254,25.755000000000003
999,254,5489,25.755000000000003
1000,7663,256,546.4960000000001
1001,257,7378,14.969
1002,3604,257,8.881
1003,6690,258,212.466
1004,6691,258,19.065
1005,259,260,281.28000000000003
1006,7171,259,9.969
1007,8258,259,88.02799999999999
1008,2293,261,192.54
1009,261,2293,192.54
1010,8071,261,78.598
1011,261,8071,78.598
1012,262,9066,139.32
1013,262,7811,119.891
1014,263,262,185.355
1015,263,8066,147.08599999999998
1016,1996,263,24.823
1017,264,8561,120.03700000000002
1018,6286,264,16.566
1019,6286,264,133.818
1020,265,3626,136.176
1021,265,5915,52.766000000000005
1022,4941,265,105.163
1023,7313,265,188.966
1024,266,7313,16.506
1025,266,3737,292.906
1026,3244,266,87.295
1027,8795,266,22.364
1028,267,2966,78.126
1029,5240,267,178.215
1030,267,5240,178.215
1031,7111,267,76.298
1032,268,2829,13.84
1033,7971,268,226.088
1034,268,7971,226.088
1035,1108,268,290.29999999999995
1036,269,270,26.946
1037,270,269,26.946
1038,269,3354,120.815
1039,604,269,70.833
1040,9802,271,15.64
1041,271,9802,15.64
1042,271,272,40.613
1043,272,271,40.613
1044,271,1529,59.133
1045,1529,271,59.133
1046,273,6302,102.326
1047,273,274,152.937
1048,274,273,153.20600000000002
1049,6005,273,104.742
1050,274,6006,102.833
1051,6006,274,102.833
1052,6093,274,102.388
1053,274,6093,102.388
1054,275,9249,146.627
1055,9249,275,146.627
1056,275,5912,105.002
1057,5911,275,104.71
1058,9249,276,146.478
1059,276,9249,146.478
1060,276,5963,52.06400000000001
1061,5963,276,52.06400000000001
1062,277,276,146.399
1063,276,277,146.399
1064,278,277,279.556
1065,277,278,279.556
1066,277,3733,104.81199999999998
1067,3733,277,104.81199999999998
1068,3732,277,52.231
1069,277,3732,52.231
1070,6769,278,12.916
1071,278,6769,12.916
1072,278,4527,104.635
1073,4526,278,104.79399999999998
1074,279,6769,69.116
1075,6769,279,69.116
1076,280,279,77.199
1077,279,280,77.199
1078,7789,279,104.593
1079,280,6009,104.526
1080,6009,280,104.526
1081,7299,280,146.683
1082,280,7299,146.683
1083,6154,280,104.83
1084,280,6154,104.83
1085,7148,281,8.287
1086,281,7148,8.287
1087,281,7300,144.377
1088,7300,281,144.377
1089,281,5321,105.168
1090,5320,281,104.782
1091,282,7148,144.622
1092,7148,282,144.622
1093,283,282,146.169
1094,282,283,146.169
1095,282,1820,105.16
1096,1820,282,105.16
1097,1819,282,104.74
1098,282,1819,104.74
1099,5174,283,104.71
1100,283,5174,104.71
1101,283,284,145.803
1102,284,283,145.803
1103,5175,283,105.104
1104,283,5175,105.104
1105,284,9547,99.024
1106,9547,284,99.024
1107,5154,284,104.669
1108,284,5154,104.669
1109,284,285,146.8
1110,285,284,146.8
1111,3174,285,104.638
1112,285,3174,104.638
1113,285,3175,104.921
1114,3175,285,104.921
1115,285,9554,147.863
1116,9554,285,147.863
1117,9554,286,7.371
1118,286,9554,7.371
1119,286,6155,104.755
1120,286,287,82.614
1121,287,286,82.614
1122,2654,286,209.982
1123,6561,287,81.642
1124,287,6561,81.642
1125,287,288,58.825
1126,288,287,58.825
1127,1445,288,94.899
1128,288,1445,94.899
1129,288,6156,105.60600000000002
1130,6156,288,105.60600000000002
1131,288,289,65.752
1132,289,288,65.752
1133,289,6560,84.68100000000001
1134,6560,289,84.68100000000001
1135,289,290,76.869
1136,290,289,76.869
1137,290,5197,104.569
1138,5197,290,104.569
1139,290,291,146.459
1140,291,290,146.459
1141,291,5690,104.488
1142,5690,291,104.488
1143,291,292,138.241
1144,292,291,138.241
1145,292,4914,107.772
1146,4914,292,107.772
1147,5771,292,89.75400000000002
1148,292,5771,89.75400000000002
1149,292,293,155.123
1150,293,292,155.123
1151,6002,293,86.754
1152,293,6002,86.754
1153,293,4305,209.598
1154,4305,293,209.598
1155,294,293,54.01899999999999
1156,293,294,54.01899999999999
1157,6001,294,105.77
1158,294,6001,105.77
1159,295,294,91.868
1160,294,295,91.868
1161,296,295,185.339
1162,295,296,185.339
1163,748,295,105.805
1164,295,748,105.805
1165,8858,296,99.198
1166,296,8858,99.198
1167,3375,296,105.526
1168,296,3375,105.526
1169,297,8865,94.282
1170,8865,297,94.282
1171,6638,297,208.277
1172,297,6638,208.277
1173,297,8864,94.518
1174,8864,297,94.518
1175,8865,298,95.064
1176,298,8865,95.064
1177,298,8863,93.244
1178,8863,298,93.244
1179,6209,298,208.295
1180,298,6209,208.295
1181,299,6714,40.727
1182,6714,299,40.727
1183,5371,299,207.901
1184,299,5371,207.901
1185,8859,299,94.626
1186,299,8859,94.626
1187,6714,300,11.815
1188,300,6714,11.815
1189,300,301,41.406
1190,301,300,41.406
1191,300,4591,804.626
1192,4711,300,207.937
1193,301,8882,98.684
1194,8882,301,98.684
1195,6469,301,207.958
1196,301,6469,207.958
1197,8885,302,94.125
1198,302,8885,94.125
1199,302,303,94.257
1200,303,302,94.257
1201,3416,302,208.074
1202,302,3416,208.074
1203,303,8875,94.261
1204,8875,303,94.261
1205,6283,303,208.105
1206,303,6283,208.105
1207,8877,304,94.079
1208,304,8877,94.079
1209,304,8874,94.114
1210,8874,304,94.114
1211,9275,304,20.508
1212,304,9275,20.508
1213,305,8868,94.345
1214,8868,305,94.345
1215,8874,305,94.452
1216,305,8874,94.452
1217,305,4589,268.99100000000004
1218,2768,305,207.995
1219,305,2768,207.995
1220,8916,305,252.052
1221,306,8871,94.115
1222,8871,306,94.115
1223,8868,306,94.183
1224,306,8868,94.183
1225,914,306,207.861
1226,306,914,207.861
1227,307,578,162.509
1228,578,307,162.509
1229,4550,307,207.894
1230,307,4550,207.894
1231,8878,307,94.449
1232,307,8878,94.449
1233,307,8873,94.468
1234,8873,307,94.468
1235,1395,308,208.025
1236,308,1395,208.025
1237,8733,308,18.372
1238,308,8733,18.372
1239,8837,308,93.905
1240,308,8837,93.905
1241,308,8804,94.567
1242,8804,308,94.567
1243,309,310,94.529
1244,310,309,94.529
1245,5119,309,208.34500000000003
1246,309,5119,208.34500000000003
1247,8831,309,94.407
1248,309,8831,94.407
1249,310,7166,13.416
1250,7166,310,13.416
1251,310,7748,59.744
1252,572,310,97.016
1253,311,3941,70.72100000000002
1254,3941,311,67.275
1255,3942,311,159.527
1256,311,3942,159.527
1257,311,312,40.566
1258,312,311,40.566
1259,312,3258,194.527
1260,3258,312,194.527
1261,312,313,139.71800000000002
1262,313,312,139.71800000000002
1263,6099,313,103.912
1264,313,6099,103.912
1265,313,314,87.21199999999999
1266,314,313,87.21199999999999
1267,4339,314,171.819
1268,314,4339,171.819
1269,314,315,86.517
1270,315,314,86.517
1271,5674,315,80.47699999999999
1272,315,5674,80.47699999999999
1273,315,316,78.282
1274,316,315,78.282
1275,316,317,206.712
1276,317,316,206.712
1277,316,318,351.88400000000007
1278,318,316,351.88400000000007
1279,317,5795,72.195
1280,5795,317,72.195
1281,317,318,128.61399999999998
1282,318,317,128.61399999999998
1283,318,319,58.282
1284,319,318,58.282
1285,5674,319,417.157
1286,319,5674,417.157
1287,319,320,39.229
1288,320,319,39.229
1289,2832,320,344.215
1290,320,2832,344.215
1291,320,321,102.06900000000002
1292,321,320,102.06900000000002
1293,321,2833,69.98
1294,2833,321,69.98
1295,321,322,51.653000000000006
1296,322,321,51.653000000000006
1297,322,5673,150.546
1298,5673,322,150.546
1299,322,323,137.205
1300,323,322,137.205
1301,323,4640,471.9519999999999
1302,4640,323,471.9519999999999
1303,5796,323,79.109
1304,323,5796,79.109
1305,323,8039,267.851
1306,8039,323,267.851
1307,324,7562,134.964
1308,7562,324,134.964
1309,324,4691,43.473
1310,4691,324,43.473
1311,4690,324,81.695
1312,324,4690,81.695
1313,7563,325,153.14599999999996
1314,325,7563,153.14599999999996
1315,325,8538,77.20400000000001
1316,8538,325,77.20400000000001
1317,4693,325,127.895
1318,325,4693,127.895
1319,326,6926,10.168
1320,6926,326,10.168
1321,326,1955,94.069
1322,2159,326,94.457
1323,2507,327,94.525
1324,327,2507,94.525
1325,327,1956,94.037
1326,1956,327,94.037
1327,327,328,104.177
1328,328,327,104.177
1329,6926,327,100.248
1330,327,6926,100.248
1331,328,1957,93.977
1332,1957,328,93.977
1333,5933,328,94.643
1334,328,5933,94.643
1335,328,329,207.713
1336,329,328,207.713
1337,329,1958,93.911
1338,1958,329,93.911
1339,329,330,207.275
1340,330,329,207.275
1341,5934,329,98.305
1342,329,5934,98.305
1343,5935,330,108.62000000000002
1344,330,5935,108.62000000000002
1345,330,331,237.989
1346,331,330,237.989
1347,330,1959,93.881
1348,1959,330,93.881
1349,331,331,101.643
1350,332,333,217.209
1351,333,332,217.209
1352,333,334,177.171
1353,334,333,177.171
1354,333,535,94.192
1355,535,333,94.192
1356,534,333,94.288
1357,333,534,94.288
1358,334,1206,94.877
1359,1206,334,94.877
1360,1207,334,94.592
1361,334,1207,94.592
1362,334,335,30.172
1363,335,334,30.172
1364,335,5747,94.378
1365,335,336,207.847
1366,336,335,207.847
1367,1961,335,94.225
1368,336,1962,94.057
1369,1962,336,94.057
1370,5936,336,94.409
1371,336,5936,94.409
1372,336,6818,207.39
1373,6818,336,207.39
1374,337,338,208.36
1375,338,337,208.36
1376,337,1963,93.983
1377,1963,337,93.983
1378,2681,337,94.467
1379,337,2681,94.467
1380,6862,337,207.468
1381,337,6862,207.468
1382,338,1964,93.958
1383,1964,338,93.958
1384,5866,338,94.495
1385,338,5866,94.495
1386,338,339,207.446
1387,339,338,207.446
1388,339,1965,93.926
1389,1965,339,93.926
1390,5937,339,94.515
1391,339,5937,94.515
1392,339,8860,183.412
1393,8860,339,183.412
1394,340,6912,45.543
1395,7415,340,84.285
1396,8118,340,50.186
1397,8118,341,93.527
1398,341,8118,93.527
1399,341,2507,94.207
1400,2507,341,94.207
1401,2506,341,94.366
1402,341,2506,94.366
1403,341,342,103.729
1404,342,341,103.729
1405,342,5933,94.062
1406,5933,342,94.062
1407,8645,342,94.398
1408,342,8645,94.398
1409,342,343,154.02
1410,343,342,154.02
1411,343,5934,101.969
1412,5934,343,101.969
1413,5040,343,286.328
1414,343,5040,286.328
1415,344,345,157.754
1416,345,344,157.754
1417,533,344,94.358
1418,344,533,94.358
1419,344,534,94.34
1420,534,344,94.34
1421,1205,345,94.836
1422,345,1205,94.836
1423,1206,345,94.868
1424,345,1206,94.868
1425,345,346,49.64
1426,346,345,49.64
1427,4188,346,94.333
1428,346,4188,94.333
1429,346,347,207.749
1430,347,346,207.749
1431,346,5747,94.377
1432,5747,346,94.377
1433,4189,347,94.321
1434,347,4189,94.321
1435,347,6819,207.394
1436,6819,347,207.394
1437,347,5936,94.399
1438,5936,347,94.399
1439,348,2681,94.458
1440,2681,348,94.458
1441,2680,348,94.291
1442,348,2680,94.291
1443,348,349,208.396
1444,349,348,208.396
1445,6863,348,207.415
1446,348,6863,207.415
1447,349,5866,94.485
1448,5866,349,94.485
1449,4190,349,94.265
1450,349,4190,94.265
1451,349,350,207.405
1452,350,349,207.405
1453,350,5937,94.525
1454,5937,350,94.525
1455,4191,350,94.242
1456,350,4191,94.242
1457,350,8862,163.94599999999997
1458,8862,350,163.94599999999997
1459,351,6297,16.047
1460,6297,351,16.047
1461,351,352,263.088
1462,352,351,263.088
1463,8216,351,99.608
1464,351,8216,99.608
1465,352,8214,83.595
1466,8214,352,83.595
1467,4498,352,56.773
1468,352,4498,56.773
1469,353,352,189.243
1470,352,353,189.243
1471,354,353,222.239
1472,353,354,222.239
1473,353,5392,19.483
1474,5392,353,19.483
1475,8224,353,91.123
1476,353,8224,91.123
1477,355,354,153.74599999999998
1478,354,355,153.74599999999998
1479,5394,354,126.551
1480,354,5394,126.551
1481,354,8217,73.962
1482,8217,354,73.962
1483,8974,355,101.554
1484,355,8974,101.554
1485,355,8219,123.548
1486,8219,355,123.548
1487,5395,355,207.507
1488,355,5395,207.507
1489,356,8974,93.226
1490,8974,356,93.226
1491,5396,356,307.266
1492,356,5396,307.266
1493,4655,356,206.602
1494,356,4655,206.602
1495,6730,357,11.979
1496,357,6730,11.979
1497,357,358,89.093
1498,358,357,89.093
1499,357,3405,303.759
1500,3404,357,207.614
1501,358,359,94.356
1502,359,358,94.356
1503,5397,358,207.338
1504,358,5397,207.338
1505,358,8951,11.927
1506,8951,358,11.927
1507,359,8949,94.269
1508,8949,359,94.269
1509,359,8950,12.072
1510,8950,359,12.072
1511,5398,359,207.137
1512,359,5398,207.137
1513,7994,360,33.873000000000005
1514,360,7994,33.873000000000005
1515,360,361,112.783
1516,361,360,112.783
1517,8948,360,86.39500000000001
1518,360,8948,86.39500000000001
1519,8993,362,249.293
1520,362,8993,249.293
1521,4557,362,75.113
1522,362,4557,75.113
1523,363,362,272.14899999999994
1524,363,364,21.274
1525,364,363,21.274
1526,3842,363,165.25299999999996
1527,364,7871,79.99000000000001
1528,7871,364,79.99000000000001
1529,4871,364,89.448
1530,364,4871,89.448
1531,365,5400,166.938
1532,5400,365,166.938
1533,6233,365,222.064
1534,365,6233,222.064
1535,365,8934,101.936
1536,8934,365,101.936
1537,8992,365,92.085
1538,365,8992,92.085
1539,6961,366,13.642
1540,366,6961,13.642
1541,366,8358,171.38100000000003
1542,366,367,40.201
1543,367,366,40.201
1544,568,366,206.63900000000004
1545,367,368,94.689
1546,368,367,94.689
1547,1281,367,207.598
1548,367,1281,207.598
1549,367,1282,201.784
1550,1282,367,201.784
1551,368,369,94.24
1552,369,368,94.24
1553,368,4649,206.115
1554,4649,368,206.115
1555,4648,368,207.629
1556,368,4648,207.629
1557,369,5440,205.905
1558,5440,369,205.905
1559,5402,369,207.652
1560,369,5402,207.652
1561,369,370,94.196
1562,370,369,94.196
1563,370,371,94.364
1564,371,370,94.364
1565,370,5903,205.67
1566,5903,370,205.67
1567,5403,370,207.697
1568,370,5403,207.697
1569,371,6482,229.898
1570,6482,371,229.898
1571,371,372,94.275
1572,372,371,94.275
1573,372,373,94.549
1574,373,372,94.549
1575,372,4705,166.961
1576,4705,372,166.961
1577,4704,372,207.755
1578,372,4704,207.755
1579,373,9892,94.39
1580,9892,373,94.39
1581,373,1392,115.489
1582,1392,373,115.489
1583,1391,373,207.786
1584,373,1391,207.786
1585,374,375,94.19
1586,375,374,94.19
1587,9892,374,94.531
1588,374,9892,94.531
1589,374,8575,74.481
1590,8575,374,74.481
1591,5406,374,207.841
1592,374,5406,207.841
1593,2804,375,207.876
1594,375,2804,207.876
1595,375,2805,69.315
1596,2805,375,69.315
1597,376,375,94.355
1598,376,377,78.97699999999999
1599,377,376,78.97699999999999
1600,8940,376,104.127
1601,376,8940,104.127
1602,376,3988,64.035
1603,3988,376,64.035
1604,8939,377,104.239
1605,377,8939,104.239
1606,377,3858,58.042
1607,3858,377,58.042
1608,378,379,76.228
1609,379,378,76.228
1610,378,525,303.927
1611,525,378,303.927
1612,5718,378,144.268
1613,378,5718,144.268
1614,378,1333,137.132
1615,1333,378,137.132
1616,379,380,77.659
1617,380,379,77.659
1618,5095,379,144.384
1619,379,5095,144.384
1620,379,1334,190.365
1621,1334,379,190.365
1622,380,381,73.739
1623,381,380,73.739
1624,380,4666,177.04700000000005
1625,4666,380,177.04700000000005
1626,5719,380,144.52599999999998
1627,380,5719,144.52599999999998
1628,381,5720,144.924
1629,5720,381,144.924
1630,381,7665,38.505
1631,7665,381,38.505
1632,382,383,84.263
1633,383,382,84.263
1634,382,886,46.406
1635,886,382,46.406
1636,445,382,84.914
1637,382,445,84.914
1638,383,384,125.701
1639,384,383,125.701
1640,383,446,76.939
1641,446,383,76.939
1642,993,383,68.973
1643,383,993,68.973
1644,384,2611,46.686
1645,2611,384,46.686
1646,2610,384,69.537
1647,384,2610,69.537
1648,385,8435,22.336
1649,8435,385,22.336
1650,385,8433,92.115
1651,385,5178,315.68800000000005
1652,5178,385,315.68800000000005
1653,390,385,33.857
1654,386,387,62.66
1655,387,386,62.66
1656,8435,386,36.872
1657,386,8435,36.872
1658,386,5315,255.101
1659,5315,386,255.101
1660,8363,387,123.681
1661,387,8363,123.681
1662,387,388,46.993
1663,388,387,46.993
1664,387,4309,257.065
1665,388,389,38.786
1666,389,388,38.786
1667,388,1471,255.152
1668,1471,388,255.152
1669,389,1520,158.89
1670,1520,389,158.89
1671,9526,389,72.59400000000001
1672,389,9526,72.59400000000001
1673,6544,390,42.936
1674,8434,390,71.54899999999999
1675,391,3306,88.46199999999999
1676,391,392,75.993
1677,392,391,75.993
1678,392,391,105.561
1679,3696,392,35.015
1680,392,3696,35.015
1681,393,392,244.469
1682,3694,393,61.038
1683,393,3694,61.038
1684,394,393,165.755
1685,1908,394,16.97
1686,394,1908,16.97
1687,394,5759,154.88
1688,5759,394,154.88
1689,3782,394,267.26500000000004
1690,395,4945,105.119
1691,4945,395,105.119
1692,6238,395,104.221
1693,395,6238,104.221
1694,395,1823,49.715
1695,1823,395,49.715
1696,396,397,94.226
1697,397,396,94.226
1698,396,8964,208.016
1699,8964,396,208.016
1700,8967,396,207.505
1701,396,8967,207.505
1702,397,398,94.323
1703,398,397,94.323
1704,397,1481,207.941
1705,1481,397,207.941
1706,1480,397,207.54
1707,397,1480,207.54
1708,398,399,93.525
1709,399,398,93.525
1710,398,8966,207.862
1711,8966,398,207.862
1712,4194,398,207.584
1713,398,4194,207.584
1714,399,3913,207.859
1715,3913,399,207.859
1716,8965,399,207.725
1717,399,8965,207.725
1718,399,8384,79.69299999999998
1719,8384,399,79.69299999999998
1720,8968,400,106.463
1721,400,8968,106.463
1722,400,8567,100.029
1723,401,402,157.112
1724,402,401,157.112
1725,5023,401,86.319
1726,401,5023,86.319
1727,401,3916,205.996
1728,3916,401,205.996
1729,402,8977,112.337
1730,8977,402,112.337
1731,8570,402,88.166
1732,402,8570,88.166
1733,403,404,94.216
1734,404,403,94.216
1735,403,3917,207.783
1736,3917,403,207.783
1737,403,8976,95.304
1738,4196,403,207.828
1739,403,4196,207.828
1740,8977,403,95.463
1741,404,3918,207.773
1742,3918,404,207.773
1743,404,6721,85.235
1744,6721,404,85.235
1745,4197,404,207.829
1746,404,4197,207.829
1747,6721,405,10.149
1748,405,6721,10.149
1749,405,3399,207.613
1750,405,406,93.371
1751,406,405,93.371
1752,3398,405,207.958
1753,406,407,94.262
1754,407,406,94.262
1755,406,3919,207.539
1756,3919,406,207.539
1757,7418,406,109.137
1758,406,7418,109.137
1759,407,408,94.297
1760,408,407,94.297
1761,407,3920,207.661
1762,3920,407,207.661
1763,4199,407,207.96100000000004
1764,407,4199,207.96100000000004
1765,408,409,94.321
1766,409,408,94.321
1767,408,3921,207.784
1768,3921,408,207.784
1769,4200,408,207.828
1770,408,4200,207.828
1771,409,410,94.454
1772,410,409,94.454
1773,409,3922,207.797
1774,3922,409,207.797
1775,4201,409,207.83
1776,409,4201,207.83
1777,410,411,94.182
1778,411,410,94.182
1779,410,1407,207.797
1780,1407,410,207.797
1781,1406,410,207.819
1782,410,1406,207.819
1783,411,412,94.225
1784,412,411,94.225
1785,411,8955,207.798
1786,8955,411,207.798
1787,2778,411,207.832
1788,411,2778,207.832
1789,412,413,94.428
1790,413,412,94.428
1791,412,8957,207.797
1792,8957,412,207.797
1793,4031,412,207.831
1794,412,4031,207.831
1795,925,413,207.819
1796,413,925,207.819
1797,413,414,94.322
1798,414,413,94.322
1799,413,926,207.807
1800,926,413,207.807
1801,2393,414,207.82
1802,414,2393,207.82
1803,414,415,94.402
1804,415,414,94.402
1805,414,2394,207.808
1806,2394,414,207.808
1807,415,416,94.341
1808,416,415,94.341
1809,415,3706,207.807
1810,3706,415,207.807
1811,3705,415,207.829
1812,415,3705,207.829
1813,416,3923,207.818
1814,3923,416,207.818
1815,4202,416,207.818
1816,416,4202,207.818
1817,416,417,94.463
1818,417,416,94.463
1819,417,418,94.33100000000002
1820,418,417,94.33100000000002
1821,417,3837,207.809
1822,3837,417,207.809
1823,3836,417,207.82
1824,417,3836,207.82
1825,418,419,94.206
1826,419,418,94.206
1827,418,2487,207.83
1828,2487,418,207.83
1829,2486,418,207.819
1830,418,2486,207.819
1831,419,420,94.447
1832,420,419,94.447
1833,419,3924,207.831
1834,3924,419,207.831
1835,4203,419,207.819
1836,419,4203,207.819
1837,1685,420,208.134
1838,420,1685,208.134
1839,420,421,94.42000000000002
1840,421,420,94.42000000000002
1841,420,1686,207.511
1842,1686,420,207.511
1843,421,3925,207.831
1844,3925,421,207.831
1845,4204,421,207.82
1846,421,4204,207.82
1847,421,422,94.331
1848,422,421,94.331
1849,422,6956,40.346
1850,6956,422,40.346
1851,422,4205,207.808
1852,4205,422,207.808
1853,3926,422,207.842
1854,422,3926,207.842
1855,6956,423,13.595
1856,423,6956,13.595
1857,423,561,207.841
1858,423,424,40.196
1859,424,423,40.196
1860,560,423,207.807
1861,424,425,94.463
1862,425,424,94.463
1863,424,1276,207.831
1864,1276,424,207.831
1865,1275,424,207.819
1866,424,1275,207.819
1867,425,426,94.42799999999998
1868,426,425,94.42799999999998
1869,425,3927,207.851
1870,3927,425,207.851
1871,4206,425,207.806
1872,425,4206,207.806
1873,426,427,94.279
1874,427,426,94.279
1875,426,3928,207.842
1876,3928,426,207.842
1877,4207,426,207.819
1878,426,4207,207.819
1879,427,428,94.235
1880,428,427,94.235
1881,427,3929,207.842
1882,3929,427,207.842
1883,4208,427,207.82
1884,427,4208,207.82
1885,4209,428,207.82
1886,428,4209,207.82
1887,428,3930,207.853
1888,3930,428,207.853
1889,428,429,94.42799999999998
1890,429,428,94.42799999999998
1891,429,3931,207.854
1892,3931,429,207.854
1893,429,430,94.367
1894,430,429,94.367
1895,4210,429,207.81
1896,429,4210,207.81
1897,430,1385,207.853
1898,1385,430,207.853
1899,1384,430,207.82
1900,430,1384,207.82
1901,430,431,94.419
1902,431,430,94.419
1903,4211,431,207.808
1904,431,4211,207.808
1905,431,3932,207.864
1906,3932,431,207.864
1907,431,432,94.349
1908,432,431,94.349
1909,432,3933,207.863
1910,3933,432,207.863
1911,4212,432,207.819
1912,432,4212,207.819
1913,432,433,94.235
1914,433,432,94.235
1915,433,2798,207.876
1916,2798,433,207.876
1917,2797,433,207.808
1918,433,2797,207.808
1919,433,434,94.377
1920,434,433,94.377
1921,434,435,94.42
1922,435,434,94.42
1923,434,3934,207.864
1924,3934,434,207.864
1925,3983,434,207.821
1926,434,3983,207.821
1927,435,3935,207.865
1928,3935,435,207.865
1929,4213,435,207.821
1930,435,4213,207.821
1931,435,436,78.025
1932,436,435,78.025
1933,3863,436,208.059
1934,436,3863,208.059
1935,436,3864,208.116
1936,3864,436,208.116
1937,6437,437,77.233
1938,437,6437,77.233
1939,437,438,42.35
1940,438,437,42.35
1941,6568,437,108.933
1942,437,6568,108.933
1943,438,7655,13.925
1944,7655,438,13.925
1945,5491,438,78.89
1946,438,5491,78.89
1947,438,439,173.904
1948,439,7655,180.386
1949,439,5492,231.489
1950,7618,439,78.697
1951,440,3772,64.124
1952,440,8071,160.57
1953,8071,440,160.57
1954,2293,440,107.315
1955,440,2293,107.315
1956,441,442,142.799
1957,442,441,142.799
1958,441,1286,55.962
1959,1286,441,55.962
1960,2836,441,186.531
1961,441,2836,186.531
1962,7466,442,10.051
1963,442,7466,10.051
1964,442,443,83.13000000000001
1965,443,442,83.13000000000001
1966,442,3200,165.759
1967,3200,442,165.759
1968,443,444,178.971
1969,444,443,178.971
1970,443,3198,120.607
1971,444,2745,81.97200000000001
1972,2745,444,81.97200000000001
1973,2746,444,42.255
1974,444,2746,42.255
1975,445,446,64.054
1976,446,445,64.054
1977,2743,445,90.83999999999996
1978,445,2743,90.83999999999996
1979,446,447,129.456
1980,447,446,129.456
1981,447,2612,80.384
1982,2612,447,80.384
1983,2611,447,23.533
1984,447,2611,23.533
1985,448,449,85.26
1986,449,448,85.26
1987,448,7880,2.786
1988,3884,448,2.766
1989,449,450,75.226
1990,450,449,75.226
1991,4664,449,116.63899999999998
1992,449,4664,116.63899999999998
1993,450,451,78.903
1994,451,450,78.903
1995,450,8109,39.422
1996,8109,450,39.422
1997,7137,450,112.955
1998,450,7137,112.955
1999,451,7885,55.482
2000,7885,451,55.482
2001,451,8110,39.892
2002,8110,451,39.892
2003,7138,451,133.20700000000002
2004,451,7138,133.20700000000002
2005,7887,452,85.116
2006,452,7887,85.116
2007,452,7283,69.21899999999998
2008,7283,452,69.21899999999998
2009,7575,452,186.106
2010,453,454,190.336
2011,454,453,190.336
2012,453,7934,131.606
2013,7934,453,131.606
2014,1498,453,104.59199999999998
2015,453,1498,104.59199999999998
2016,454,7684,7.432
2017,7684,454,7.432
2018,7685,454,72.982
2019,454,7685,72.982
2020,455,7684,158.934
2021,7684,455,158.934
2022,455,3895,76.553
2023,3895,455,76.553
2024,4504,455,80.07300000000001
2025,455,4504,80.07300000000001
2026,456,457,79.431
2027,6124,456,126.562
2028,456,6124,126.562
2029,456,3378,89.985
2030,3378,456,89.985
2031,3593,456,46.346
2032,456,3593,46.346
2033,457,3682,46.656
2034,3379,457,91.539
2035,458,7199,14.24
2036,7199,458,14.24
2037,458,8644,172.731
2038,458,7810,22.021
2039,7810,458,22.021
2040,7809,458,25.871
2041,459,460,78.583
2042,460,459,78.583
2043,4001,459,177.608
2044,459,4001,177.608
2045,459,6100,177.482
2046,6100,459,177.482
2047,7296,459,82.204
2048,459,7296,82.204
2049,460,4811,178.847
2050,4811,460,178.847
2051,460,461,82.966
2052,461,460,82.966
2053,4002,460,177.643
2054,460,4002,177.643
2055,461,462,82.237
2056,462,461,82.237
2057,621,461,177.914
2058,461,621,177.914
2059,461,622,178.14499999999998
2060,622,461,178.14499999999998
2061,462,4599,178.20000000000002
2062,4599,462,178.20000000000002
2063,4003,462,178.019
2064,462,4003,178.019
2065,462,463,79.276
2066,463,462,79.276
2067,463,464,82.31299999999999
2068,464,463,82.31299999999999
2069,463,4739,178.867
2070,4739,463,178.867
2071,4004,463,178.092
2072,463,4004,178.092
2073,464,8191,179.278
2074,8191,464,179.278
2075,3617,464,178.226
2076,464,3617,178.226
2077,464,8192,49.829
2078,8192,464,49.829
2079,465,466,46.043
2080,466,465,46.043
2081,8192,465,46.708
2082,465,8192,46.708
2083,465,1299,179.256
2084,1299,465,179.256
2085,1298,465,177.864
2086,465,1298,177.864
2087,466,9717,170.53
2088,466,4505,179.106
2089,4505,466,179.106
2090,466,467,49.887
2091,467,466,49.887
2092,467,8195,49.873
2093,8195,467,49.873
2094,467,3586,177.918
2095,3586,467,177.918
2096,3587,467,179.27800000000002
2097,467,3587,179.27800000000002
2098,8195,468,45.888
2099,468,8195,45.888
2100,4005,468,177.97699999999998
2101,468,4005,177.97699999999998
2102,468,8743,46.108
2103,8743,468,46.108
2104,468,8848,178.45000000000002
2105,8848,468,178.45000000000002
2106,469,8851,178.87699999999998
2107,8851,469,178.87699999999998
2108,469,8744,48.71000000000001
2109,8744,469,48.71000000000001
2110,4006,469,178.02
2111,469,4006,178.02
2112,8743,469,50.278000000000006
2113,469,8743,50.278000000000006
2114,470,8185,46.497
2115,8185,470,46.497
2116,8744,470,47.571
2117,470,8744,47.571
2118,470,8855,179.125
2119,8855,470,179.125
2120,4007,470,178.06500000000003
2121,470,4007,178.06500000000003
2122,471,4008,178.131
2123,4008,471,178.131
2124,8185,471,49.593
2125,471,8185,49.593
2126,471,472,49.454
2127,472,471,49.454
2128,8847,471,179.134
2129,471,8847,179.134
2130,472,5672,179.373
2131,472,473,46.67
2132,473,472,46.67
2133,4009,472,178.306
2134,473,4010,178.506
2135,473,5662,179.11700000000002
2136,5662,473,179.11700000000002
2137,473,474,97.613
2138,474,473,97.613
2139,474,475,82.085
2140,475,474,82.085
2141,474,8852,178.898
2142,8852,474,178.898
2143,3774,474,178.232
2144,474,3774,178.232
2145,475,4675,55.156
2146,4675,475,55.156
2147,4011,475,178.28199999999998
2148,475,4011,178.28199999999998
2149,475,7084,109.253
2150,7084,475,109.253
2151,7084,476,8.642
2152,476,7084,8.642
2153,476,477,93.037
2154,477,476,93.037
2155,476,3720,179.1
2156,3719,476,178.343
2157,477,6101,178.50200000000004
2158,6101,477,178.50200000000004
2159,4012,477,178.522
2160,477,4012,178.522
2161,477,7061,97.948
2162,7061,477,97.948
2163,7061,478,13.015
2164,478,7061,13.015
2165,478,1078,89.926
2166,478,479,194.436
2167,479,478,194.436
2168,1077,478,88.29899999999999
2169,479,2264,89.17
2170,2264,479,89.17
2171,3179,479,88.344
2172,479,3179,88.344
2173,479,480,96.582
2174,480,479,96.582
2175,2070,480,88.47800000000001
2176,480,2070,88.47800000000001
2177,480,481,97.958
2178,481,480,97.958
2179,481,2265,90.357
2180,2265,481,90.357
2181,3052,481,88.512
2182,481,3052,88.512
2183,481,482,195.501
2184,482,481,195.501
2185,3180,482,88.545
2186,482,3180,88.545
2187,482,483,197.344
2188,483,482,197.344
2189,482,2266,89.881
2190,2266,482,89.881
2191,483,484,194.133
2192,484,483,194.133
2193,483,1322,88.196
2194,1322,483,88.196
2195,1323,483,89.68099999999998
2196,483,1323,89.68099999999998
2197,484,2139,88.61800000000001
2198,2139,484,88.61800000000001
2199,2138,484,88.35
2200,484,2138,88.35
2201,484,485,192.338
2202,485,484,192.338
2203,485,486,92.782
2204,486,485,92.782
2205,485,2220,87.783
2206,2220,485,87.783
2207,2219,485,88.33
2208,485,2219,88.33
2209,4013,486,178.54899999999998
2210,486,4013,178.54899999999998
2211,486,487,95.763
2212,487,486,95.763
2213,487,2109,27.057
2214,2109,487,27.057
2215,2108,487,178.491
2216,487,2108,178.491
2217,487,488,94.202
2218,488,487,94.202
2219,488,489,92.871
2220,489,488,92.871
2221,4014,488,178.424
2222,488,4014,178.424
2223,489,7673,40.509
2224,7673,489,40.509
2225,489,1806,112.578
2226,1806,489,112.578
2227,4015,489,178.785
2228,489,4015,178.785
2229,490,491,84.496
2230,491,490,84.496
2231,3994,490,139.749
2232,490,3994,139.749
2233,9461,490,73.97
2234,490,9461,73.97
2235,491,4835,284.625
2236,4835,491,284.625
2237,3995,491,139.475
2238,491,3995,139.475
2239,491,8312,74.723
2240,9366,491,75.226
2241,492,493,81.92
2242,493,492,81.92
2243,492,7448,33.165
2244,7448,492,33.165
2245,7028,492,80.066
2246,492,7028,80.066
2247,3157,492,142.923
2248,492,3157,142.923
2249,493,9684,143.53
2250,9684,493,143.53
2251,3996,493,147.90900000000002
2252,493,3996,147.90900000000002
2253,7449,494,132.06199999999998
2254,494,7449,132.06199999999998
2255,494,495,84.379
2256,495,494,84.379
2257,6299,495,110.748
2258,495,6299,110.748
2259,495,496,88.756
2260,496,495,88.756
2261,7985,496,10.981
2262,496,7985,10.981
2263,496,497,166.428
2264,497,496,166.428
2265,6103,497,124.973
2266,497,6103,124.973
2267,497,3662,317.39
2268,497,498,170.97
2269,498,497,170.97
2270,498,3663,95.025
2271,3663,498,95.025
2272,498,499,39.598
2273,499,498,39.598
2274,3195,498,45.719
2275,498,3195,45.719
2276,499,3079,161.139
2277,3079,499,161.139
2278,499,500,142.82
2279,500,499,142.82
2280,500,501,82.763
2281,501,500,82.763
2282,3853,500,117.957
2283,500,3853,117.957
2284,3853,500,113.522
2285,500,3079,37.063
2286,1101,501,142.28
2287,501,1101,142.28
2288,501,502,83.50399999999999
2289,502,501,83.50399999999999
2290,501,1102,152.635
2291,3997,502,141.237
2292,502,3997,141.237
2293,502,7946,17.363
2294,7946,502,17.363
2295,502,4545,152.015
2296,4545,502,152.015
2297,503,504,84.936
2298,504,503,84.936
2299,503,9259,216.134
2300,9259,503,216.134
2301,2850,503,142.09900000000002
2302,503,2850,142.09900000000002
2303,3999,503,220.92
2304,503,3999,220.92
2305,504,505,84.404
2306,505,504,84.404
2307,504,5680,55.952
2308,5680,504,55.952
2309,4000,504,141.916
2310,504,4000,141.916
2311,505,7295,10.532
2312,7295,505,10.532
2313,505,2735,140.873
2314,7943,505,253.841
2315,506,507,79.112
2316,507,506,79.112
2317,5356,506,203.127
2318,506,5356,203.127
2319,5004,506,57.009
2320,506,5004,57.009
2321,506,5355,83.03099999999999
2322,5355,506,83.03099999999999
2323,508,5613,51.353
2324,5613,508,51.353
2325,3039,508,70.492
2326,508,3039,70.492
2327,509,508,178.897
2328,509,3546,51.284
2329,3546,509,51.284
2330,3040,509,70.512
2331,509,3040,70.512
2332,510,946,40.098
2333,946,510,40.098
2334,511,4170,83.863
2335,4170,511,83.863
2336,4923,511,88.831
2337,511,4923,88.831
2338,511,7450,28.495
2339,7450,511,28.495
2340,512,4171,87.024
2341,4171,512,87.024
2342,4924,512,84.43
2343,512,4924,84.43
2344,512,7449,288.89300000000003
2345,7449,512,288.89300000000003
2346,650,513,60.354
2347,513,650,60.354
2348,513,3222,299.777
2349,3222,513,291.035
2350,7168,513,341.34599999999995
2351,6656,514,22.228
2352,514,6656,22.228
2353,514,515,76.072
2354,515,514,76.072
2355,514,5580,118.699
2356,5580,514,118.699
2357,516,8054,117.752
2358,8054,516,117.752
2359,516,1107,58.748000000000005
2360,1107,516,58.748000000000005
2361,3578,516,66.432
2362,516,3578,66.432
2363,517,518,65.569
2364,518,517,65.569
2365,517,2342,94.611
2366,2342,517,94.611
2367,2341,517,93.683
2368,517,2341,93.683
2369,518,519,140.278
2370,519,518,140.278
2371,518,5249,90.972
2372,5249,518,90.972
2373,3687,518,90.989
2374,518,3687,90.989
2375,519,520,140.452
2376,520,519,140.452
2377,519,3688,91.254
2378,3688,519,91.254
2379,5233,519,91.405
2380,519,5233,91.405
2381,520,521,140.953
2382,521,520,140.953
2383,520,6503,90.908
2384,6503,520,90.908
2385,3689,520,92.039
2386,520,3689,92.039
2387,521,1880,90.226
2388,1880,521,90.226
2389,1879,521,91.489
2390,521,1879,91.489
2391,2571,521,231.029
2392,521,2571,231.029
2393,522,3548,292.53099999999995
2394,3548,522,292.53099999999995
2395,523,524,73.18299999999999
2396,524,523,73.18299999999999
2397,8454,523,48.181
2398,523,8454,48.181
2399,523,7592,131.859
2400,7592,523,131.859
2401,524,525,149.37900000000002
2402,525,524,149.37900000000002
2403,524,2149,184.187
2404,2149,524,184.187
2405,525,1519,91.054
2406,1519,525,91.054
2407,526,527,30.501
2408,527,526,30.501
2409,526,3694,52.702
2410,3694,526,52.702
2411,4146,526,138.802
2412,526,4146,138.802
2413,9079,527,254.85800000000003
2414,527,9079,254.85800000000003
2415,527,9079,22.636
2416,9079,527,22.636
2417,528,2759,65.84400000000001
2418,2759,528,65.84400000000001
2419,528,4146,154.86200000000002
2420,4146,528,154.86200000000002
2421,8062,528,187.96000000000004
2422,529,530,94.622
2423,530,529,94.622
2424,529,1226,161.92600000000002
2425,1226,529,161.92600000000002
2426,555,529,48.10200000000001
2427,529,555,48.10200000000001
2428,3699,530,130.834
2429,530,3699,130.834
2430,530,1227,156.55
2431,1227,530,156.55
2432,530,531,94.791
2433,531,530,94.791
2434,4547,531,126.54
2435,531,4547,126.54
2436,531,8899,88.00899999999999
2437,8899,531,88.00899999999999
2438,531,8902,222.836
2439,8900,531,250.08500000000004
2440,532,2539,32.708
2441,2539,532,32.708
2442,3369,532,67.078
2443,532,3369,67.078
2444,532,533,98.954
2445,533,532,98.954
2446,533,1205,148.085
2447,1205,533,148.085
2448,4187,533,43.047
2449,533,4187,43.047
2450,1206,534,167.464
2451,534,1206,167.464
2452,535,1207,186.833
2453,1207,535,186.833
2454,1960,535,189.74
2455,535,1960,189.74
2456,535,536,94.121
2457,536,535,94.121
2458,536,537,94.279
2459,537,536,94.279
2460,536,1208,196.455
2461,1208,536,196.455
2462,3286,536,182.431
2463,536,3286,182.431
2464,537,538,94.562
2465,538,537,94.562
2466,6642,537,34.37
2467,537,6642,34.37
2468,537,1209,206.733
2469,1209,537,206.733
2470,538,1210,207.238
2471,1210,538,207.238
2472,538,539,94.209
2473,539,538,94.209
2474,1491,538,33.19
2475,538,1491,33.19
2476,539,540,93.91
2477,540,539,93.91
2478,1211,539,207.255
2479,539,1211,207.255
2480,539,539,69.60400000000001
2481,540,1212,207.281
2482,1212,540,207.281
2483,6531,540,34.025000000000006
2484,540,6531,34.025000000000006
2485,541,1213,207.323
2486,1213,541,207.323
2487,5368,541,34.512
2488,541,5368,34.512
2489,541,6802,32.939
2490,6802,541,32.939
2491,542,543,98.875
2492,543,542,98.875
2493,542,1215,207.334
2494,1215,542,207.334
2495,5889,542,99.331
2496,542,5889,99.331
2497,6803,542,48.537
2498,542,6803,48.537
2499,543,1216,207.358
2500,1216,543,207.358
2501,6275,543,86.134
2502,543,6275,86.134
2503,543,544,99.034
2504,544,543,99.034
2505,544,1217,207.371
2506,1217,544,207.371
2507,3791,544,66.357
2508,544,3791,66.357
2509,544,545,94.148
2510,545,544,94.148
2511,545,8592,207.393
2512,8592,545,207.393
2513,4656,545,72.74
2514,545,4656,72.74
2515,545,546,94.323
2516,546,545,94.323
2517,546,1218,207.426
2518,1218,546,207.426
2519,5447,546,68.718
2520,546,5447,68.718
2521,546,547,94.457
2522,547,546,94.457
2523,547,1219,207.44
2524,1219,547,207.44
2525,3413,547,76.037
2526,547,3413,76.037
2527,547,548,93.93699999999998
2528,548,547,93.93699999999998
2529,548,1220,207.447
2530,1220,548,207.447
2531,6282,548,89.167
2532,548,6282,89.167
2533,548,549,94.808
2534,549,548,94.808
2535,549,1221,207.474
2536,1221,549,207.474
2537,8881,549,105.319
2538,549,8881,105.319
2539,549,550,94.042
2540,550,549,94.042
2541,550,1222,207.504
2542,1222,550,207.504
2543,5499,550,95.994
2544,550,5499,95.994
2545,550,8879,94.492
2546,8879,550,94.492
2547,551,8872,207.534
2548,8872,551,207.534
2549,1396,551,123.372
2550,551,1396,123.372
2551,551,552,94.44
2552,552,551,94.44
2553,8879,551,93.911
2554,551,8879,93.911
2555,8478,552,207.394
2556,552,8478,207.394
2557,552,1224,207.55
2558,1224,552,207.55
2559,552,553,94.148
2560,553,552,94.148
2561,553,1225,207.571
2562,1225,553,207.571
2563,4021,553,207.391
2564,553,4021,207.391
2565,553,554,94.325
2566,554,553,94.325
2567,554,910,207.594
2568,910,554,207.594
2569,909,554,207.404
2570,554,909,207.404
2571,554,555,81.023
2572,555,554,81.023
2573,2401,555,73.907
2574,555,2401,73.907
2575,556,8001,13.623
2576,8001,556,13.623
2577,8918,556,450.469
2578,556,8918,450.469
2579,6954,556,302.71400000000006
2580,6955,557,13.585
2581,557,6955,13.585
2582,557,1273,40.21
2583,1273,557,40.21
2584,557,9427,6.648
2585,9429,557,15.26
2586,6959,558,13.577
2587,558,6959,13.577
2588,558,1274,40.22
2589,1274,558,40.22
2590,558,559,207.64
2591,9427,558,201.104
2592,6963,559,13.577
2593,559,6963,13.577
2594,559,1047,40.213
2595,1047,559,40.213
2596,559,560,207.651
2597,6967,560,13.586
2598,560,6967,13.586
2599,560,1275,40.204
2600,1275,560,40.204
2601,6960,561,13.587
2602,561,6960,13.587
2603,561,1276,40.196000000000005
2604,1276,561,40.196000000000005
2605,561,562,207.306
2606,6964,562,13.587
2607,562,6964,13.587
2608,562,1277,40.198
2609,1277,562,40.198
2610,562,563,207.685
2611,6969,563,13.588
2612,563,6969,13.588
2613,563,8941,40.182
2614,8941,563,40.182
2615,563,564,207.887
2616,6958,564,13.597
2617,564,6958,13.597
2618,564,1278,40.183
2619,1278,564,40.183
2620,564,565,207.718
2621,6962,565,13.597
2622,565,6962,13.597
2623,565,566,207.54100000000005
2624,565,1145,40.184
2625,1145,565,40.184
2626,566,6966,13.597
2627,6966,566,13.597
2628,566,9442,6.971
2629,1279,566,40.176
2630,566,1279,40.176
2631,6968,567,13.598
2632,567,6968,13.598
2633,567,568,207.519
2634,567,1280,40.177
2635,1280,567,40.177
2636,9442,567,200.903
2637,6957,568,13.599
2638,568,6957,13.599
2639,568,1281,40.17
2640,1281,568,40.17
2641,6965,569,13.608
2642,569,6965,13.608
2643,569,5480,45.026
2644,5480,569,45.026
2645,569,8002,206.951
2646,570,7758,51.232
2647,7758,570,51.232
2648,7758,570,85.229
2649,570,7758,85.229
2650,8496,570,158.22000000000003
2651,570,8496,158.22000000000003
2652,8834,571,258.981
2653,571,8834,258.981
2654,571,572,268.69800000000004
2655,572,571,268.69800000000004
2656,576,571,874.8129999999999
2657,571,576,874.8129999999999
2658,572,7165,12.986
2659,7165,572,12.986
2660,7542,572,52.54900000000001
2661,573,574,41.996
2662,8338,573,72.89200000000001
2663,8920,573,71.988
2664,574,7640,32.242999999999995
2665,574,575,82.165
2666,575,7640,82.638
2667,576,575,372.627
2668,575,576,372.627
2669,4091,576,399.278
2670,576,4091,399.278
2671,7319,576,402.777
2672,576,7319,402.777
2673,577,9583,11.9
2674,577,2933,39.928
2675,7318,577,162.31
2676,7420,577,15.816
2677,578,8679,912.14
2678,8679,578,912.14
2679,579,578,354.581
2680,578,579,354.581
2681,579,8920,86.81099999999998
2682,7640,579,193.535
2683,580,581,92.441
2684,581,580,92.441
2685,5727,580,25.456000000000003
2686,580,5727,25.456000000000003
2687,6225,580,141.78599999999997
2688,580,6225,141.78599999999997
2689,581,2404,83.325
2690,2404,581,83.325
2691,581,582,95.234
2692,582,581,95.234
2693,8606,581,141.565
2694,581,8606,141.565
2695,582,583,94.908
2696,583,582,94.908
2697,582,3515,147.498
2698,6226,582,136.869
2699,583,584,95.029
2700,584,583,95.029
2701,583,3516,147.095
2702,3516,583,147.095
2703,5658,583,136.605
2704,583,5658,136.605
2705,584,585,51.611
2706,585,584,51.611
2707,584,1572,74.05499999999999
2708,1572,584,74.05499999999999
2709,9462,584,134.59400000000002
2710,584,9462,134.59400000000002
2711,585,586,60.834
2712,586,585,60.834
2713,4662,585,137.924
2714,586,587,207.772
2715,587,586,207.772
2716,586,1846,143.41
2717,1573,586,74.976
2718,587,588,115.216
2719,588,587,115.216
2720,587,5332,66.835
2721,5332,587,66.835
2722,5331,587,148.358
2723,587,5331,148.358
2724,588,2761,79.647
2725,2761,588,79.647
2726,588,589,94.366
2727,589,588,94.366
2728,589,590,206.707
2729,590,589,206.707
2730,2497,589,49.907
2731,589,2497,49.907
2732,6417,590,146.461
2733,590,6417,146.461
2734,2235,591,97.357
2735,591,2235,97.357
2736,592,9343,297.031
2737,7035,592,27.016
2738,592,7035,27.016
2739,3345,592,261.586
2740,593,7035,74.065
2741,7035,593,74.065
2742,594,593,108.332
2743,593,594,108.332
2744,3595,593,191.80000000000004
2745,593,3595,191.80000000000004
2746,4324,594,83.057
2747,594,4324,83.057
2748,595,594,315.44500000000005
2749,594,595,315.44500000000005
2750,594,9334,136.47199999999998
2751,9334,594,136.47199999999998
2752,7961,594,386.331
2753,594,7961,386.331
2754,5043,595,63.411
2755,595,5043,63.411
2756,9597,595,67.414
2757,595,9597,67.414
2758,596,9890,81.11599999999999
2759,3490,596,68.033
2760,596,3490,68.033
2761,596,3491,40.102
2762,3491,596,40.102
2763,597,596,140.107
2764,597,5652,39.48
2765,5652,597,39.48
2766,598,597,137.848
2767,598,1743,67.901
2768,599,598,66.134
2769,1742,598,40.041
2770,599,2937,192.04100000000005
2771,600,599,58.855
2772,600,636,67.336
2773,636,600,67.336
2774,9379,600,143.905
2775,2077,601,192.85100000000003
2776,601,2077,192.85100000000003
2777,602,601,137.32100000000003
2778,602,1007,191.69600000000003
2779,1007,602,191.69600000000003
2780,1006,602,106.472
2781,602,1006,106.472
2782,603,602,68.267
2783,603,6136,110.951
2784,603,3352,192.037
2785,3352,603,192.037
2786,604,603,69.56200000000001
2787,605,604,72.126
2788,605,729,191.521
2789,606,605,15.996
2790,607,606,50.64699999999999
2791,608,607,67.806
2792,2087,607,190.953
2793,608,7778,95.445
2794,7778,608,95.445
2795,7963,608,131.099
2796,609,7963,25.014
2797,609,5798,94.233
2798,5798,609,94.233
2799,7379,609,12.769
2800,610,3357,196.053
2801,3607,610,193.396
2802,611,9183,10.57
2803,9183,611,10.57
2804,611,8793,63.49
2805,8794,611,72.274
2806,611,8794,72.274
2807,6230,611,225.719
2808,8200,612,287.633
2809,612,8200,287.633
2810,612,613,144.866
2811,613,612,144.866
2812,612,4595,87.43
2813,4595,612,87.43
2814,2733,612,259.484
2815,612,2733,259.484
2816,8193,613,170.31600000000003
2817,613,8193,170.31600000000003
2818,613,614,141.70400000000004
2819,614,613,141.70400000000004
2820,613,3532,85.214
2821,3532,613,85.214
2822,665,614,85.07
2823,614,665,85.07
2824,614,615,141.96300000000002
2825,615,614,141.96300000000002
2826,614,666,84.336
2827,666,614,84.336
2828,615,616,141.80100000000002
2829,616,615,141.80100000000002
2830,615,4240,85.058
2831,4240,615,85.058
2832,4239,615,85.65299999999999
2833,615,4239,85.65299999999999
2834,616,963,84.683
2835,963,616,84.683
2836,962,616,85.22300000000001
2837,616,962,85.22300000000001
2838,616,617,145.916
2839,617,616,145.916
2840,617,618,178.646
2841,618,617,178.646
2842,617,4808,79.651
2843,4808,617,79.651
2844,4596,617,87.677
2845,617,4596,87.677
2846,618,1888,82.342
2847,1888,618,82.342
2848,1887,618,83.28099999999999
2849,618,1887,83.28099999999999
2850,618,619,178.30399999999997
2851,619,618,178.30399999999997
2852,619,620,178.01700000000002
2853,620,619,178.01700000000002
2854,619,4597,82.128
2855,4597,619,82.128
2856,4809,619,83.643
2857,619,4809,83.643
2858,620,4598,85.02799999999999
2859,4598,620,85.02799999999999
2860,4810,620,80.64
2861,620,4810,80.64
2862,620,621,178.82399999999998
2863,621,620,178.82399999999998
2864,621,4003,82.905
2865,4003,621,82.905
2866,4002,621,82.414
2867,621,4002,82.414
2868,4811,622,83.111
2869,622,4811,83.111
2870,622,9562,51.054
2871,9562,622,51.672
2872,622,4599,82.084
2873,4599,622,82.084
2874,6799,623,11.776
2875,623,6799,11.776
2876,623,624,37.742
2877,624,623,37.742
2878,623,4812,71.47200000000001
2879,4600,623,83.309
2880,624,8595,40.397
2881,8595,624,40.397
2882,624,4601,82.20400000000001
2883,4601,624,82.20400000000001
2884,625,626,70.385
2885,626,625,70.385
2886,625,4875,72.75999999999999
2887,4875,625,72.75999999999999
2888,1577,625,92.114
2889,625,1577,92.114
2890,627,628,86.72900000000001
2891,628,627,86.72900000000001
2892,627,5728,129.503
2893,5728,627,129.503
2894,5359,627,153.44
2895,627,5359,153.44
2896,628,629,100.942
2897,629,628,100.942
2898,628,5360,153.26999999999998
2899,2406,628,82.026
2900,629,630,148.81300000000002
2901,630,629,148.81300000000002
2902,1338,629,119.466
2903,629,1338,119.466
2904,629,1339,288.277
2905,7205,629,321.081
2906,631,632,155.611
2907,632,631,155.611
2908,631,6417,38.667
2909,6417,631,38.667
2910,2117,631,75.204
2911,631,2117,75.204
2912,632,5301,69.555
2913,5301,632,69.555
2914,2120,632,70.602
2915,632,2120,70.602
2916,632,633,144.229
2917,633,632,144.229
2918,633,7120,70.751
2919,7427,633,70.52
2920,634,6793,86.92099999999999
2921,6793,634,86.92099999999999
2922,6793,635,8.879
2923,635,6793,8.879
2924,6793,635,197.577
2925,635,8554,37.618
2926,636,9375,143.928
2927,636,3312,58.312000000000005
2928,3312,636,58.312000000000005
2929,637,638,88.77499999999999
2930,638,637,88.77499999999999
2931,637,5985,59.425
2932,639,640,94.6
2933,640,639,94.6
2934,640,3351,125.215
2935,3351,640,125.215
2936,641,642,279.327
2937,642,641,279.327
2938,641,830,77.663
2939,830,641,77.663
2940,8034,641,138.43800000000002
2941,641,8034,138.43800000000002
2942,642,831,55.416
2943,831,642,55.416
2944,830,642,204.748
2945,642,830,204.748
2946,643,4042,73.139
2947,4042,643,73.139
2948,5300,643,76.92
2949,643,5300,76.92
2950,643,644,49.461
2951,644,643,49.461
2952,645,646,61.147
2953,646,645,61.147
2954,645,8275,44.686
2955,8275,645,44.686
2956,3089,645,46.095
2957,645,3089,46.095
2958,4832,647,286.443
2959,647,4832,286.443
2960,647,8133,74.386
2961,8133,647,74.386
2962,8615,647,347.13200000000006
2963,647,8615,347.13200000000006
2964,647,4231,145.261
2965,4231,647,145.261
2966,648,649,83.593
2967,649,648,83.593
2968,8134,648,80.07
2969,648,8134,80.07
2970,648,3153,146.14999999999998
2971,3153,648,146.14999999999998
2972,8130,649,89.545
2973,649,8130,89.545
2974,649,650,85.48899999999999
2975,650,649,85.48899999999999
2976,649,4232,146.457
2977,4232,649,146.457
2978,650,945,287.888
2979,945,650,287.888
2980,3524,651,220.043
2981,651,3524,220.043
2982,651,652,87.029
2983,652,651,87.029
2984,652,653,83.82600000000001
2985,653,652,83.82600000000001
2986,652,4233,142.25
2987,4233,652,142.25
2988,3524,652,141.92499999999998
2989,652,3524,141.92499999999998
2990,653,4234,141.478
2991,4234,653,141.478
2992,3525,653,144.194
2993,653,3525,144.194
2994,653,654,85.136
2995,654,653,85.136
2996,654,2258,141.412
2997,2258,654,141.412
2998,2257,654,142.94
2999,654,2257,142.94
3000,654,655,84.05300000000001
3001,655,654,84.05300000000001
3002,655,656,85.251
3003,656,655,85.251
3004,3526,655,144.141
3005,655,3526,144.141
3006,655,4235,141.506
3007,4235,655,141.506
3008,656,2073,141.469
3009,2073,656,141.469
3010,2072,656,144.411
3011,656,2072,144.411
3012,656,657,173.354
3013,657,656,173.354
3014,657,3185,143.128
3015,3185,657,143.128
3016,3184,657,143.15800000000002
3017,657,3184,143.15800000000002
3018,657,658,82.09
3019,658,657,82.09
3020,658,3847,144.317
3021,3847,658,144.317
3022,3528,658,143.372
3023,658,3528,143.372
3024,658,659,86.556
3025,659,658,86.556
3026,659,1096,141.969
3027,1096,659,141.969
3028,1095,659,143.143
3029,659,1095,143.143
3030,659,660,83.99000000000001
3031,660,659,83.99000000000001
3032,660,4236,142.671
3033,4236,660,142.671
3034,3529,660,142.224
3035,660,3529,142.224
3036,660,661,85.92599999999999
3037,661,660,85.92599999999999
3038,661,3530,141.869
3039,661,4237,142.79500000000002
3040,4237,661,142.79500000000002
3041,2856,662,210.507
3042,662,2856,210.507
3043,662,663,88.04100000000001
3044,663,662,88.04100000000001
3045,662,7256,221.512
3046,7256,662,221.512
3047,3531,662,141.543
3048,662,3531,141.543
3049,663,2734,141.633
3050,2734,663,141.633
3051,663,664,88.585
3052,664,663,88.585
3053,663,2725,143.78799999999998
3054,7256,663,143.97600000000003
3055,664,4238,141.795
3056,4238,664,141.795
3057,8193,664,141.558
3058,664,8193,141.558
3059,664,665,85.53999999999999
3060,665,664,85.53999999999999
3061,665,4239,141.842
3062,4239,665,141.842
3063,666,667,84.229
3064,667,666,84.229
3065,666,4240,142.168
3066,4240,666,142.168
3067,3532,666,141.984
3068,666,3532,141.984
3069,667,4241,141.878
3070,4241,667,141.878
3071,3533,667,141.891
3072,667,3533,141.891
3073,667,8201,63.425
3074,8201,667,63.425
3075,668,669,92.481
3076,669,668,92.481
3077,669,9377,130.621
3078,9377,669,130.621
3079,9808,669,73.856
3080,669,9808,73.856
3081,670,823,71.777
3082,823,670,71.777
3083,671,672,100.85500000000002
3084,672,671,100.85500000000002
3085,672,673,196.024
3086,673,672,196.024
3087,672,5930,86.347
3088,5930,672,86.347
3089,8559,672,51.81099999999999
3090,672,8559,51.81099999999999
3091,673,4264,85.45100000000001
3092,4264,673,85.45100000000001
3093,4263,673,85.715
3094,673,4263,85.715
3095,673,7009,95.124
3096,7009,673,95.124
3097,7009,674,13.244
3098,674,7009,13.244
3099,674,675,93.167
3100,675,674,93.167
3101,674,1768,90.656
3102,1767,674,91.658
3103,675,5541,84.684
3104,5541,675,84.684
3105,5540,675,86.37299999999999
3106,675,5540,86.37299999999999
3107,675,676,202.505
3108,676,675,202.505
3109,676,3906,83.77000000000001
3110,3906,676,83.77000000000001
3111,3905,676,87.32699999999998
3112,676,3905,87.32699999999998
3113,677,678,199.756
3114,678,677,199.756
3115,677,4802,81.15
3116,4802,677,81.15
3117,9608,677,10.111
3118,677,9608,10.111
3119,5699,677,375.991
3120,677,5699,375.991
3121,678,679,170.241
3122,679,678,170.241
3123,678,5707,84.03999999999999
3124,5707,678,84.03999999999999
3125,5706,678,165.402
3126,678,5706,165.402
3127,679,680,143.923
3128,680,679,143.923
3129,720,679,256.952
3130,679,720,256.952
3131,722,680,275.856
3132,680,722,275.856
3133,680,9165,178.779
3134,9165,680,178.779
3135,680,5932,86.64699999999999
3136,5932,680,86.64699999999999
3137,681,682,80.877
3138,682,681,80.877
3139,681,1756,80.999
3140,6997,681,18.411
3141,681,6997,18.411
3142,1755,681,95.101
3143,682,1160,196.811
3144,1160,682,196.811
3145,682,683,96.029
3146,683,682,96.029
3147,6187,683,200.79
3148,683,6187,200.79
3149,683,684,62.056
3150,684,683,62.056
3151,684,4142,201.828
3152,4142,684,201.828
3153,684,685,79.411
3154,685,684,79.411
3155,685,7781,190.018
3156,685,686,78.975
3157,686,685,78.975
3158,686,5263,80.47
3159,686,687,63.847
3160,687,686,63.847
3161,687,688,118.707
3162,688,687,118.707
3163,5418,687,383.24300000000005
3164,687,5418,383.24300000000005
3165,687,5263,95.419
3166,5263,687,95.419
3167,2864,688,14.411
3168,688,2864,14.411
3169,688,2865,126.849
3170,2865,688,126.849
3171,5568,689,53.04
3172,689,5568,53.04
3173,689,6483,138.522
3174,6483,689,138.522
3175,8174,689,92.156
3176,689,8174,92.156
3177,689,6344,133.667
3178,6344,689,133.667
3179,690,5554,53.843
3180,5554,690,53.843
3181,5553,690,54.72
3182,690,5553,54.72
3183,9122,690,79.30799999999999
3184,690,9122,79.30799999999999
3185,6461,691,23.576
3186,691,6461,23.576
3187,8637,691,61.562000000000005
3188,691,8637,61.562000000000005
3189,4513,691,181.951
3190,691,4513,181.951
3191,692,6340,53.527
3192,6340,692,53.527
3193,692,693,176.792
3194,693,692,176.792
3195,874,692,76.232
3196,692,874,76.232
3197,693,8174,14.111
3198,8174,693,14.111
3199,3012,693,38.915
3200,693,3012,38.915
3201,698,694,11.753
3202,694,698,11.753
3203,694,695,95.125
3204,695,694,95.125
3205,694,3061,99.946
3206,3061,694,99.946
3207,695,2447,63.501
3208,2447,695,63.501
3209,2446,695,142.255
3210,695,2446,142.255
3211,695,7591,183.742
3212,7591,695,183.742
3213,696,2836,76.208
3214,2836,696,76.208
3215,7591,696,9.501
3216,696,7591,9.501
3217,2835,696,77.506
3218,696,2835,77.506
3219,696,5719,144.941
3220,5719,696,144.941
3221,697,698,262.061
3222,698,697,262.061
3223,697,3059,73.958
3224,3059,697,73.958
3225,3653,697,90.504
3226,697,3653,90.504
3227,3654,698,91.104
3228,698,3654,91.104
3229,699,700,68.304
3230,700,699,68.304
3231,699,3090,49.511
3232,3090,699,49.511
3233,8276,699,115.182
3234,699,8276,115.182
3235,701,9619,122.952
3236,9619,701,122.952
3237,701,2354,53.849
3238,2354,701,53.849
3239,893,701,96.505
3240,701,893,96.505
3241,702,703,139.837
3242,703,702,139.837
3243,9619,702,141.174
3244,702,9619,141.174
3245,702,887,91.77
3246,887,702,91.77
3247,4563,702,91.051
3248,702,4563,91.051
3249,703,704,139.919
3250,704,703,139.919
3251,703,888,91.214
3252,888,703,91.214
3253,1875,703,90.998
3254,703,1875,90.998
3255,704,705,141.039
3256,705,704,141.039
3257,704,889,90.888
3258,889,704,90.888
3259,2564,704,91.28300000000002
3260,704,2564,91.28300000000002
3261,705,706,140.849
3262,706,705,140.849
3263,705,890,91.336
3264,890,705,91.336
3265,4562,705,91.148
3266,705,4562,91.148
3267,706,891,91.076
3268,891,706,91.076
3269,4507,706,91.149
3270,706,4507,91.149
3271,706,707,76.556
3272,707,706,76.556
3273,707,892,90.085
3274,892,707,90.085
3275,6443,707,45.431
3276,707,6443,45.431
3277,708,709,32.737
3278,709,708,32.737
3279,709,897,89.639
3280,897,709,89.639
3281,710,709,34.177
3282,709,710,34.177
3283,710,711,135.21300000000002
3284,711,710,135.21300000000002
3285,4558,710,54.228
3286,710,4558,54.228
3287,711,2623,73.721
3288,2623,711,73.721
3289,2868,711,333.206
3290,711,2868,333.206
3291,4561,712,90.847
3292,712,4561,90.847
3293,1863,712,116.657
3294,712,1863,116.657
3295,712,5069,24.796
3296,5069,712,24.796
3297,713,4262,83.27000000000001
3298,4262,713,83.27000000000001
3299,4261,713,85.752
3300,713,4261,85.752
3301,713,7006,187.221
3302,7006,713,187.221
3303,714,715,200.667
3304,715,714,200.667
3305,7006,714,16.886
3306,714,7006,16.886
3307,714,1766,90.423
3308,714,5539,84.71100000000001
3309,1765,714,91.071
3310,3903,715,85.76400000000001
3311,715,3903,85.76400000000001
3312,715,3904,85.363
3313,3904,715,85.363
3314,715,9331,381.134
3315,9331,715,381.134
3316,716,5699,86.065
3317,5699,716,86.065
3318,716,717,18.156
3319,9162,716,129.524
3320,716,9162,129.524
3321,9085,716,25.88
3322,717,9084,7.385
3323,4801,717,260.187
3324,717,4801,260.187
3325,718,727,32.349
3326,727,718,32.349
3327,4801,718,231.838
3328,718,4801,231.838
3329,718,719,45.636
3330,719,728,33.758
3331,5260,719,171.626
3332,719,5260,171.626
3333,719,720,169.16700000000003
3334,720,719,169.16700000000003
3335,719,5706,92.32
3336,5706,719,92.32
3337,720,721,186.921
3338,721,720,186.921
3339,721,722,71.248
3340,722,721,71.248
3341,4462,721,559.278
3342,721,4462,559.278
3343,723,722,104.21500000000002
3344,722,723,104.21500000000002
3345,723,7945,17.128
3346,9205,723,40.346
3347,724,3868,84.965
3348,3868,724,84.965
3349,724,725,205.043
3350,725,724,205.043
3351,4018,724,52.711
3352,724,4018,52.711
3353,725,9577,77.763
3354,9577,725,77.763
3355,725,3201,182.779
3356,3201,725,182.779
3357,726,9814,51.572
3358,9814,726,51.572
3359,726,9085,180.225
3360,727,726,160.17899999999997
3361,727,3936,67.168
3362,3936,727,67.168
3363,728,727,11.806
3364,728,6505,81.645
3365,6505,728,81.645
3366,729,3355,50.43
3367,3355,729,50.43
3368,729,730,97.623
3369,730,729,97.623
3370,2087,729,66.836
3371,729,2087,66.836
3372,731,732,211.218
3373,732,731,211.218
3374,731,8655,118.029
3375,4820,731,80.874
3376,732,6696,182.665
3377,6696,732,182.665
3378,732,8489,61.066
3379,8489,732,61.066
3380,3302,732,78.006
3381,732,3302,78.006
3382,6696,733,10.257
3383,733,6696,10.257
3384,733,734,139.14
3385,734,733,139.14
3386,733,3326,72.761
3387,3325,733,77.955
3388,734,4148,79.172
3389,4148,734,79.172
3390,6310,734,77.412
3391,734,6310,77.412
3392,734,735,218.519
3393,735,734,218.519
3394,735,9371,77.793
3395,9371,735,77.793
3396,9371,735,82.06200000000001
3397,8069,735,58.013000000000005
3398,735,8069,58.013000000000005
3399,8069,735,63.186
3400,736,8025,73.081
3401,8025,736,73.081
3402,736,1992,9.836
3403,1993,736,15.597
3404,737,1231,258.987
3405,1231,737,258.987
3406,7645,737,83.755
3407,737,7645,83.755
3408,737,7803,72.37299999999999
3409,7803,737,72.37299999999999
3410,738,7806,76.273
3411,7806,738,76.273
3412,738,7805,14.576
3413,7804,738,14.488
3414,739,1232,152.72000000000003
3415,1232,739,152.72000000000003
3416,739,7806,14.847
3417,7807,739,14.82
3418,740,1233,153.78500000000005
3419,1233,740,153.78500000000005
3420,740,741,146.557
3421,741,740,146.557
3422,7807,740,152.997
3423,740,7807,152.997
3424,741,5219,116.648
3425,5219,741,116.648
3426,5218,741,40.451
3427,741,5218,40.451
3428,742,9638,10.915
3429,742,2543,28.524
3430,744,743,84.786
3431,743,744,84.786
3432,6277,743,82.74499999999999
3433,743,6277,82.74499999999999
3434,8025,744,91.261
3435,744,8025,91.261
3436,744,3467,157.17100000000002
3437,3467,744,157.17100000000002
3438,745,746,64.013
3439,746,745,64.013
3440,745,3373,154.03900000000002
3441,3373,745,154.03900000000002
3442,6497,745,72.098
3443,745,6497,72.098
3444,3372,745,230.655
3445,745,3372,230.655
3446,746,747,45.614
3447,747,746,45.614
3448,2661,746,144.28
3449,746,2661,144.28
3450,747,2660,164.276
3451,2660,747,164.276
3452,747,748,104.531
3453,748,747,104.531
3454,748,3375,174.923
3455,3375,748,174.923
3456,6001,748,91.523
3457,748,6001,91.523
3458,749,4072,96.698
3459,4072,749,96.698
3460,1627,749,98.211
3461,749,1627,98.211
3462,749,750,261.574
3463,750,749,261.574
3464,8270,749,175.81300000000002
3465,749,8270,175.81300000000002
3466,750,1585,97.08400000000002
3467,1585,750,97.08400000000002
3468,1584,750,98.091
3469,750,1584,98.091
3470,750,751,304.625
3471,751,750,304.625
3472,8157,751,76.969
3473,751,8157,76.969
3474,751,7731,95.518
3475,7731,751,95.518
3476,1612,752,1167.968
3477,752,1612,1167.968
3478,752,1870,233.983
3479,1870,752,233.983
3480,752,753,504.32700000000006
3481,753,752,504.32700000000006
3482,5116,753,118.997
3483,753,5116,118.997
3484,753,9891,878.8669999999998
3485,9891,753,878.8669999999998
3486,754,755,54.331
3487,755,754,54.331
3488,754,1970,33.332
3489,1970,754,33.332
3490,1376,754,19.706
3491,754,1376,19.706
3492,755,3110,32.102000000000004
3493,3110,755,32.102000000000004
3494,5629,755,73.078
3495,755,5629,73.078
3496,756,8502,77.771
3497,756,7830,14.563
3498,7830,756,14.563
3499,757,4380,39.765
3500,757,758,70.38
3501,3961,757,125.738
3502,758,3961,76.903
3503,3961,758,76.903
3504,3960,758,75.16099999999999
3505,758,3960,75.16099999999999
3506,759,7393,193.568
3507,759,7460,20.613
3508,9316,759,60.032
3509,760,2555,58.573
3510,2555,760,58.573
3511,3268,760,64.93599999999999
3512,760,3268,64.93599999999999
3513,761,760,189.77
3514,2818,760,203.17
3515,761,7072,65.566
3516,2556,761,57.403
3517,762,7602,88.298
3518,7602,762,88.298
3519,762,5626,49.697
3520,5626,762,49.697
3521,3104,762,53.888
3522,762,3104,53.888
3523,5627,763,52.435
3524,763,5627,52.435
3525,763,3106,52.28
3526,3106,763,52.28
3527,765,764,78.38199999999999
3528,764,765,78.38199999999999
3529,764,6216,201.009
3530,6216,764,201.009
3531,764,8238,47.809000000000005
3532,8238,764,47.809000000000005
3533,766,765,90.06899999999999
3534,765,766,90.06899999999999
3535,765,5561,200.959
3536,5561,765,200.959
3537,8230,765,115.659
3538,765,8230,115.659
3539,767,766,90.469
3540,766,767,90.469
3541,766,1420,115.632
3542,1420,766,115.632
3543,1419,766,200.939
3544,766,1419,200.939
3545,6708,767,90.314
3546,767,6708,90.314
3547,5957,767,200.849
3548,767,5957,200.849
3549,767,2155,199.355
3550,2155,767,199.355
3551,6708,768,9.908
3552,768,6708,9.908
3553,768,769,81.31800000000001
3554,768,9192,102.42
3555,3319,768,200.809
3556,2157,769,199.237
3557,769,2157,199.237
3558,769,770,82.496
3559,770,769,82.496
3560,769,4994,200.749
3561,770,2158,199.217
3562,2158,770,199.217
3563,6327,770,200.702
3564,770,6327,200.702
3565,770,771,83.074
3566,771,770,83.074
3567,8445,771,46.647
3568,771,8445,46.647
3569,771,6328,280.255
3570,6328,771,280.255
3571,772,773,96.269
3572,773,772,96.269
3573,772,2120,95.168
3574,2120,772,95.168
3575,4041,772,72.963
3576,772,4041,72.963
3577,773,2121,95.327
3578,2121,773,95.327
3579,4042,773,73.21000000000001
3580,773,4042,73.21000000000001
3581,774,778,27.659
3582,778,774,27.659
3583,774,775,132.347
3584,2548,774,65.722
3585,774,2548,65.722
3586,775,7042,10.046
3587,775,4761,141.253
3588,776,9063,451.2729999999999
3589,9063,776,451.2729999999999
3590,777,776,28.155
3591,776,777,28.155
3592,8026,776,24.381
3593,777,8027,24.518
3594,8013,777,251.233
3595,777,8013,251.233
3596,778,5218,35.917
3597,5218,778,35.917
3598,7043,778,140.707
3599,779,4286,87.454
3600,4286,779,87.454
3601,4285,779,38.664
3602,779,4285,38.664
3603,779,780,127.39
3604,780,779,127.39
3605,780,781,90.809
3606,781,780,90.809
3607,780,6267,86.84
3608,6267,780,86.84
3609,4725,780,87.46800000000002
3610,780,4725,87.46800000000002
3611,782,783,91.139
3612,783,782,91.139
3613,2416,782,129.921
3614,782,2416,129.921
3615,5061,782,122.782
3616,782,5061,122.782
3617,783,3202,366.4310000000001
3618,3202,783,366.4310000000001
3619,783,784,104.707
3620,784,783,104.707
3621,5256,783,375.412
3622,783,5256,375.412
3623,1117,784,98.485
3624,784,1117,98.485
3625,784,785,92.761
3626,785,784,92.761
3627,784,5256,45.535
3628,5256,784,45.535
3629,3127,785,29.752
3630,785,3127,29.752
3631,3202,785,218.278
3632,785,3202,218.278
3633,785,786,68.36
3634,786,785,68.36
3635,6142,786,248.253
3636,786,6142,248.253
3637,786,787,54.877
3638,787,786,54.877
3639,787,788,141.00400000000002
3640,788,787,141.00400000000002
3641,3161,787,29.753
3642,787,3161,29.753
3643,788,789,77.576
3644,789,788,77.576
3645,6160,788,69.02999999999999
3646,788,6160,69.02999999999999
3647,789,6087,83.007
3648,6087,789,83.007
3649,789,790,60.142
3650,790,789,60.142
3651,4161,790,157.398
3652,790,4161,157.398
3653,790,791,82.409
3654,791,790,82.409
3655,790,5855,54.624
3656,5855,790,54.624
3657,791,792,85.42199999999998
3658,792,791,85.42199999999998
3659,791,6157,200.877
3660,6157,791,200.877
3661,792,2230,201.242
3662,2230,792,201.242
3663,792,793,85.36999999999999
3664,793,792,85.36999999999999
3665,793,794,85.423
3666,794,793,85.423
3667,793,4119,201.569
3668,4119,793,201.569
3669,794,6201,201.914
3670,6201,794,201.914
3671,794,795,85.513
3672,795,794,85.513
3673,795,796,85.259
3674,796,795,85.259
3675,795,1260,202.329
3676,1260,795,202.329
3677,796,2549,201.789
3678,2549,796,201.789
3679,7953,796,75.20599999999999
3680,796,7953,75.20599999999999
3681,796,797,85.67399999999999
3682,797,796,85.67399999999999
3683,797,798,85.67599999999999
3684,798,797,85.67599999999999
3685,797,5545,200.943
3686,5545,797,200.943
3687,798,3910,201.75
3688,3910,798,201.75
3689,7837,798,59.580000000000005
3690,798,7837,59.580000000000005
3691,798,799,85.0
3692,799,798,85.0
3693,799,3668,201.972
3694,3668,799,201.972
3695,8044,799,70.51599999999999
3696,799,8044,70.51599999999999
3697,799,800,85.655
3698,800,799,85.655
3699,800,6202,202.539
3700,6202,800,202.539
3701,800,801,85.196
3702,801,800,85.196
3703,801,6203,202.313
3704,6203,801,202.313
3705,801,802,85.475
3706,802,801,85.475
3707,802,6204,202.691
3708,6204,802,202.691
3709,5967,802,405.5630000000001
3710,802,5967,405.5630000000001
3711,802,803,85.39699999999999
3712,803,802,85.39699999999999
3713,803,5213,202.931
3714,5213,803,202.931
3715,803,804,85.812
3716,804,803,85.812
3717,804,6126,202.132
3718,6126,804,202.132
3719,804,805,85.176
3720,805,804,85.176
3721,805,5420,202.902
3722,5420,805,202.902
3723,805,806,85.00200000000001
3724,806,805,85.00200000000001
3725,806,807,83.123
3726,807,806,83.123
3727,806,2329,202.071
3728,2329,806,202.071
3729,807,6205,203.821
3730,6205,807,203.821
3731,807,808,85.589
3732,808,807,85.589
3733,1795,808,102.609
3734,808,1795,102.609
3735,808,2603,202.916
3736,2603,808,202.916
3737,809,7681,29.332
3738,810,809,174.06400000000002
3739,8396,809,75.80499999999999
3740,3269,810,58.33
3741,810,3269,58.33
3742,810,7072,63.543000000000006
3743,7072,810,63.543000000000006
3744,811,812,84.758
3745,812,811,84.758
3746,811,2023,96.371
3747,2023,811,96.371
3748,4665,811,61.769000000000005
3749,811,4665,61.769000000000005
3750,812,813,99.185
3751,813,812,99.185
3752,812,2024,210.648
3753,2024,812,210.648
3754,1540,812,214.808
3755,812,1540,214.808
3756,813,1541,224.442
3757,1541,813,224.442
3758,4919,813,120.581
3759,813,4919,120.581
3760,814,815,17.409
3761,815,814,17.409
3762,814,7688,22.385
3763,7688,814,22.385
3764,1722,814,68.358
3765,814,1722,68.358
3766,5898,814,155.60899999999998
3767,814,5898,155.60899999999998
3768,815,816,85.531
3769,816,815,85.531
3770,815,7688,13.24
3771,7688,815,13.24
3772,3896,815,200.645
3773,815,3896,200.645
3774,3897,816,200.035
3775,816,3897,200.035
3776,816,817,49.85
3777,817,816,49.85
3778,816,1724,78.286
3779,1724,816,78.286
3780,817,5212,71.247
3781,5212,817,71.247
3782,1724,817,86.693
3783,817,1724,86.693
3784,818,4625,201.62
3785,4625,818,201.62
3786,1753,818,202.083
3787,818,1753,202.083
3788,818,819,85.27999999999999
3789,819,818,85.27999999999999
3790,9384,818,21.047
3791,818,9384,21.047
3792,819,4460,201.942
3793,4460,819,201.942
3794,3900,819,202.972
3795,819,3900,202.972
3796,820,821,88.79
3797,821,820,88.79
3798,820,1497,78.396
3799,1497,820,78.396
3800,1496,820,204.23900000000003
3801,820,1496,204.23900000000003
3802,821,822,71.701
3803,822,821,71.701
3804,821,2366,216.649
3805,822,4631,77.646
3806,4631,822,77.646
3807,2365,822,230.815
3808,822,2365,230.815
3809,823,824,84.876
3810,824,823,84.876
3811,823,5700,202.459
3812,5700,823,202.459
3813,4140,824,85.675
3814,824,4140,85.675
3815,824,5701,202.156
3816,5701,824,202.156
3817,824,9805,84.694
3818,9805,824,84.694
3819,825,5702,189.728
3820,5702,825,189.728
3821,2224,825,97.232
3822,825,2224,97.232
3823,9805,825,11.903
3824,825,9805,11.903
3825,826,2224,63.508
3826,2224,826,63.508
3827,2223,826,147.90099999999998
3828,826,2223,147.90099999999998
3829,826,827,86.55699999999999
3830,827,826,86.55699999999999
3831,8047,826,65.653
3832,826,8047,65.653
3833,827,7687,24.162
3834,7687,827,24.162
3835,827,828,52.301
3836,828,827,52.301
3837,828,4113,64.782
3838,4113,828,64.782
3839,829,1256,77.28
3840,1256,829,77.28
3841,1255,829,103.231
3842,829,1255,103.231
3843,8124,830,1043.952
3844,830,8124,1043.952
3845,8275,832,66.144
3846,832,8275,66.144
3847,833,5579,320.206
3848,5579,833,320.206
3849,2760,833,142.118
3850,833,2760,142.118
3851,833,8703,12.394
3852,8703,833,12.394
3853,8707,834,38.587
3854,834,8707,38.587
3855,8603,834,27.956000000000003
3856,834,8603,27.956000000000003
3857,834,2753,318.3639999999999
3858,2753,834,318.3639999999999
3859,8713,834,34.832
3860,835,6524,12.068
3861,835,836,129.082
3862,8281,835,80.721
3863,9479,835,6.237
3864,9148,836,63.621
3865,836,9148,63.621
3866,836,4519,146.70499999999998
3867,4519,836,146.70499999999998
3868,836,837,104.993
3869,837,836,104.993
3870,837,838,51.509
3871,838,837,51.509
3872,837,4521,146.241
3873,4521,837,146.241
3874,838,839,52.951
3875,839,838,52.951
3876,838,4522,146.234
3877,4522,838,146.234
3878,3725,839,146.491
3879,839,3725,146.491
3880,839,840,105.777
3881,840,839,105.777
3882,839,4482,146.228
3883,4482,839,146.228
3884,3727,840,146.05
3885,840,3727,146.05
3886,840,841,52.427
3887,841,840,52.427
3888,840,9807,130.44400000000002
3889,9807,840,130.44400000000002
3890,841,2199,146.073
3891,841,2200,84.46199999999999
3892,2200,841,84.46199999999999
3893,841,842,52.18000000000001
3894,842,841,52.18000000000001
3895,842,843,52.629
3896,843,842,52.629
3897,2920,842,146.318
3898,843,7787,146.384
3899,843,844,52.620000000000005
3900,844,843,52.620000000000005
3901,2373,843,146.22199999999998
3902,844,4524,146.28400000000002
3903,844,845,52.564
3904,845,844,52.564
3905,845,4525,146.32
3906,3728,845,146.117
3907,845,3728,146.117
3908,845,846,52.283
3909,846,845,52.283
3910,846,4295,146.397
3911,4295,846,146.397
3912,3729,846,146.199
3913,846,3729,146.199
3914,846,847,52.416
3915,847,846,52.416
3916,847,8817,133.322
3917,847,848,52.562
3918,848,847,52.562
3919,3730,847,146.289
3920,848,3731,146.394
3921,3731,848,146.394
3922,4526,848,133.35500000000002
3923,848,4526,133.35500000000002
3924,8807,849,44.108
3925,849,8807,44.108
3926,850,849,58.179
3927,849,850,58.179
3928,849,7333,146.27200000000002
3929,7333,849,146.27200000000002
3930,4529,849,133.616
3931,849,4529,133.616
3932,3734,850,139.574
3933,852,851,104.93399999999998
3934,851,852,104.93399999999998
3935,851,2054,133.746
3936,2054,851,133.746
3937,2053,851,146.14999999999998
3938,851,2053,146.14999999999998
3939,853,852,104.968
3940,852,853,104.968
3941,852,3738,146.16400000000002
3942,7707,852,130.847
3943,854,853,107.244
3944,853,854,107.244
3945,853,4531,146.32399999999998
3946,3739,853,146.181
3947,855,854,104.634
3948,854,855,104.634
3949,854,1184,146.25
3950,1184,854,146.25
3951,1183,854,146.203
3952,854,1183,146.203
3953,856,855,99.169
3954,855,856,99.169
3955,855,2527,146.521
3956,2527,855,146.521
3957,6660,855,146.208
3958,855,6660,146.208
3959,857,856,98.785
3960,856,857,98.785
3961,9225,856,146.226
3962,858,857,98.898
3963,857,858,98.898
3964,857,4533,146.44599999999997
3965,4533,857,146.44599999999997
3966,6661,857,146.249
3967,857,6661,146.249
3968,859,858,99.047
3969,858,859,99.047
3970,858,4534,146.365
3971,4534,858,146.365
3972,3740,858,146.554
3973,858,3740,146.554
3974,860,859,104.134
3975,859,860,104.134
3976,859,4535,146.255
3977,4535,859,146.255
3978,3741,859,146.27
3979,859,3741,146.27
3980,861,860,106.79
3981,860,861,106.79
3982,860,4536,146.31
3983,4536,860,146.31
3984,3742,860,146.293
3985,860,3742,146.293
3986,8784,861,105.185
3987,861,8784,105.185
3988,861,1657,146.34900000000002
3989,1657,861,146.34900000000002
3990,1656,861,146.32
3991,861,1656,146.32
3992,862,8784,105.036
3993,8784,862,105.036
3994,863,862,104.981
3995,862,863,104.981
3996,3116,862,146.35199999999998
3997,862,3116,146.35199999999998
3998,862,3117,146.402
3999,3117,862,146.402
4000,864,863,52.495000000000005
4001,863,864,52.495000000000005
4002,863,4063,146.396
4003,4063,863,146.396
4004,3743,863,146.393
4005,863,3743,146.393
4006,864,3892,146.42299999999997
4007,3892,864,146.42299999999997
4008,865,864,52.597
4009,864,865,52.597
4010,866,865,52.99
4011,865,866,52.99
4012,865,3744,146.38199999999998
4013,3744,865,146.38199999999998
4014,865,4537,146.425
4015,4537,865,146.425
4016,866,4538,146.437
4017,4538,866,146.437
4018,7267,866,41.833
4019,866,7267,41.833
4020,7267,867,10.586
4021,867,7267,10.586
4022,867,868,51.801
4023,868,867,51.801
4024,867,4539,146.429
4025,3745,867,146.40499999999997
4026,1706,868,146.413
4027,868,1706,146.413
4028,868,8786,52.152
4029,8786,868,52.152
4030,868,1707,146.413
4031,1707,868,146.413
4032,869,870,109.623
4033,870,869,109.623
4034,1369,869,145.208
4035,869,1369,145.208
4036,869,1370,146.515
4037,1370,869,146.515
4038,870,4516,146.33800000000002
4039,4516,870,146.33800000000002
4040,3746,870,148.197
4041,870,3746,148.197
4042,870,8776,102.528
4043,8776,870,102.528
4044,8776,871,9.504
4045,871,8776,9.504
4046,871,8773,17.783
4047,8773,871,17.783
4048,3746,871,253.64400000000003
4049,871,3746,253.64400000000003
4050,872,5052,31.169
4051,5052,872,31.169
4052,872,873,36.421
4053,873,872,36.421
4054,3635,872,67.1
4055,872,3635,67.1
4056,874,875,176.464
4057,875,874,176.464
4058,4512,874,74.83699999999999
4059,874,4512,74.83699999999999
4060,3011,875,19.925
4061,875,3011,19.925
4062,875,3012,34.572
4063,3012,875,34.572
4064,9799,876,50.673
4065,876,9799,50.673
4066,876,877,133.429
4067,877,876,133.429
4068,876,2325,83.82600000000001
4069,2325,876,83.82600000000001
4070,7352,877,15.597
4071,877,7352,15.597
4072,877,878,89.408
4073,878,877,89.408
4074,877,9177,46.485
4075,9177,877,46.485
4076,878,7350,44.968
4077,7350,878,44.968
4078,878,879,169.3
4079,879,878,169.3
4080,879,4084,84.576
4081,4084,879,84.576
4082,879,2322,81.161
4083,2322,879,81.161
4084,2321,879,57.764
4085,879,2321,57.764
4086,879,880,132.516
4087,880,879,132.516
4088,880,3478,121.929
4089,3478,880,121.929
4090,880,7346,56.703
4091,7346,880,56.703
4092,881,882,16.658
4093,882,881,16.658
4094,882,9622,10.162
4095,9622,882,10.162
4096,882,883,138.19899999999998
4097,883,882,138.19899999999998
4098,883,5423,13.241
4099,5423,883,13.241
4100,1521,883,53.966
4101,883,1521,53.966
4102,883,884,158.258
4103,884,883,158.258
4104,884,885,95.064
4105,885,884,95.064
4106,884,992,74.179
4107,992,884,74.179
4108,1522,884,57.112
4109,884,1522,57.112
4110,885,886,43.935
4111,886,885,43.935
4112,885,993,105.935
4113,993,885,105.935
4114,886,1468,108.981
4115,1468,886,108.981
4116,887,888,139.832
4117,888,887,139.832
4118,887,2278,91.425
4119,2278,887,91.425
4120,888,889,140.214
4121,889,888,140.214
4122,888,1876,91.628
4123,1876,888,91.628
4124,889,2279,91.073
4125,2279,889,91.073
4126,889,890,140.658
4127,890,889,140.658
4128,890,2280,91.11
4129,2280,890,91.11
4130,890,891,140.221
4131,891,890,140.221
4132,891,892,76.982
4133,892,891,76.982
4134,891,2281,91.444
4135,2281,891,91.444
4136,892,6444,42.189
4137,6444,892,42.189
4138,893,894,120.657
4139,894,893,120.657
4140,2843,893,64.025
4141,893,2843,64.025
4142,2276,893,86.245
4143,893,2276,86.245
4144,894,9619,91.387
4145,9619,894,91.387
4146,2277,894,91.67
4147,894,2277,91.67
4148,895,896,47.342
4149,896,895,47.342
4150,895,1863,93.054
4151,1864,895,90.184
4152,1930,896,22.211
4153,896,1930,22.211
4154,896,2283,124.344
4155,2283,896,124.344
4156,897,898,48.083
4157,898,897,48.083
4158,897,3206,260.581
4159,3206,897,260.581
4160,899,900,80.65400000000001
4161,900,899,80.65400000000001
4162,899,9450,70.825
4163,9450,899,70.825
4164,9450,899,73.70899999999999
4165,9449,899,73.464
4166,899,9449,73.464
4167,9449,899,76.753
4168,900,901,78.524
4169,901,900,78.524
4170,7750,900,104.89
4171,900,7750,104.89
4172,900,4073,531.18
4173,901,902,81.384
4174,902,901,81.384
4175,901,7749,214.39
4176,7749,901,214.39
4177,5355,901,290.867
4178,901,5355,290.867
4179,902,903,77.434
4180,903,902,77.434
4181,902,3389,169.52
4182,3389,902,169.52
4183,903,904,84.57
4184,904,903,84.57
4185,903,2557,120.465
4186,2557,903,120.465
4187,6296,903,271.969
4188,903,6296,271.969
4189,904,8254,89.278
4190,8254,904,89.278
4191,904,5525,199.374
4192,5525,904,199.374
4193,905,8251,92.19
4194,8251,905,92.19
4195,8254,905,87.34299999999999
4196,905,8254,87.34299999999999
4197,905,4075,199.469
4198,4075,905,199.469
4199,4074,905,84.144
4200,905,4074,84.144
4201,906,907,89.894
4202,907,906,89.894
4203,8229,906,88.003
4204,906,8229,88.003
4205,906,1590,200.082
4206,1590,906,200.082
4207,1589,906,87.23299999999999
4208,906,1589,87.23299999999999
4209,907,8255,91.662
4210,8255,907,91.662
4211,907,1560,199.46
4212,1560,907,199.46
4213,8255,908,92.849
4214,908,8255,92.849
4215,4021,909,94.357
4216,909,4021,94.357
4217,8901,909,151.17
4218,909,8901,151.17
4219,909,2400,89.98299999999999
4220,2400,909,89.98299999999999
4221,910,911,208.108
4222,911,910,208.108
4223,910,1226,94.355
4224,1226,910,94.355
4225,1225,910,94.302
4226,910,1225,94.302
4227,911,6843,207.138
4228,6843,911,207.138
4229,911,2386,94.322
4230,2386,911,94.322
4231,4022,911,94.278
4232,911,4022,94.278
4233,912,2387,94.231
4234,2387,912,94.231
4235,2699,912,94.249
4236,912,2699,94.249
4237,912,913,207.883
4238,913,912,207.883
4239,6890,912,207.338
4240,912,6890,207.338
4241,913,2388,94.197
4242,2388,913,94.197
4243,4023,913,94.231
4244,913,4023,94.231
4245,913,914,207.917
4246,914,913,207.917
4247,914,2389,94.15500000000002
4248,2389,914,94.15500000000002
4249,4024,914,94.209
4250,914,4024,94.209
4251,915,916,207.862
4252,916,915,207.862
4253,8958,915,207.795
4254,915,8958,207.795
4255,915,9494,90.577
4256,9494,915,90.577
4257,2890,915,93.98
4258,915,2890,93.98
4259,916,1136,94.342
4260,1136,916,94.342
4261,1135,916,93.981
4262,916,1135,93.981
4263,916,917,207.494
4264,917,916,207.494
4265,917,918,207.783
4266,918,917,207.783
4267,917,2397,94.31
4268,2397,917,94.31
4269,4027,917,93.993
4270,917,4027,93.993
4271,918,2398,94.268
4272,2398,918,94.268
4273,4028,918,94.004
4274,918,4028,94.004
4275,918,919,207.283
4276,919,918,207.283
4277,2399,919,94.233
4278,919,2399,94.233
4279,919,7973,94.012
4280,7973,919,94.012
4281,920,6931,9.956
4282,6931,920,9.956
4283,920,2172,94.415
4284,2171,920,94.362
4285,921,9416,201.49400000000003
4286,9416,921,201.49400000000003
4287,6931,921,204.534
4288,921,6931,204.534
4289,921,2390,94.329
4290,2390,921,94.329
4291,4029,921,94.433
4292,921,4029,94.433
4293,9411,922,10.583
4294,922,9411,10.583
4295,9416,922,6.279999999999999
4296,922,9416,6.279999999999999
4297,922,2391,94.376
4298,2391,922,94.376
4299,922,923,207.752
4300,923,922,207.752
4301,923,924,207.619
4302,924,923,207.619
4303,923,2392,94.341
4304,2392,923,94.341
4305,4030,923,94.395
4306,923,4030,94.395
4307,924,1038,94.292
4308,1038,924,94.292
4309,1037,924,94.485
4310,924,1037,94.485
4311,924,925,207.763
4312,925,924,207.763
4313,925,2393,94.337
4314,2393,925,94.337
4315,4031,925,94.417
4316,925,4031,94.417
4317,926,2394,94.298
4318,2394,926,94.298
4319,8957,926,94.447
4320,926,8957,94.447
4321,927,6133,177.809
4322,6133,927,177.809
4323,927,8578,412.83800000000014
4324,8578,927,412.83800000000014
4325,8064,927,102.212
4326,927,8064,102.212
4327,928,929,76.044
4328,929,928,76.044
4329,928,7122,99.182
4330,7122,928,99.182
4331,6414,928,54.987
4332,928,6414,54.987
4333,929,930,85.586
4334,930,929,85.586
4335,929,7123,112.20199999999998
4336,7123,929,112.20199999999998
4337,4769,929,149.753
4338,930,931,82.616
4339,931,930,82.616
4340,930,7124,118.781
4341,7124,930,118.781
4342,5753,930,141.157
4343,930,5753,141.157
4344,931,932,82.743
4345,932,931,82.743
4346,5754,931,131.683
4347,931,5754,131.683
4348,931,7125,125.438
4349,7125,931,125.438
4350,932,933,82.707
4351,933,932,82.707
4352,4732,932,122.938
4353,932,4732,122.938
4354,932,7126,132.101
4355,7126,932,132.101
4356,5755,933,113.893
4357,933,5755,113.893
4358,933,934,82.695
4359,934,933,82.695
4360,933,7127,137.631
4361,7127,933,137.631
4362,934,935,82.736
4363,935,934,82.736
4364,934,7128,143.70999999999998
4365,7128,934,143.70999999999998
4366,5726,934,104.781
4367,934,5726,104.781
4368,935,936,82.536
4369,936,935,82.536
4370,935,7129,151.567
4371,7129,935,151.567
4372,5756,935,95.681
4373,935,5756,95.681
4374,4317,936,87.534
4375,936,4317,87.534
4376,936,937,81.568
4377,937,936,81.568
4378,936,7130,158.72099999999998
4379,7130,936,158.72099999999998
4380,937,7131,161.03
4381,7131,937,161.03
4382,5757,937,78.973
4383,937,5757,78.973
4384,938,7863,26.545
4385,8621,938,520.677
4386,938,8621,520.677
4387,8616,938,67.30499999999999
4388,939,940,191.553
4389,939,2083,68.161
4390,2432,939,69.849
4391,940,3568,34.578
4392,9739,940,60.015
4393,941,942,82.414
4394,942,941,82.414
4395,4231,941,144.111
4396,941,4231,144.111
4397,941,4833,140.94
4398,4833,941,140.94
4399,942,8129,145.09499999999997
4400,942,7033,13.604
4401,7033,942,13.604
4402,1735,942,142.361
4403,7033,943,73.14999999999999
4404,943,7033,73.14999999999999
4405,3153,943,142.203
4406,943,3153,142.203
4407,943,3154,141.765
4408,3154,943,141.765
4409,943,944,85.081
4410,944,943,85.081
4411,944,945,85.08
4412,945,944,85.08
4413,4232,944,142.032
4414,944,4232,142.032
4415,944,4686,137.218
4416,4686,944,137.218
4417,945,4922,135.863
4418,4922,945,135.863
4419,946,4169,140.943
4420,4169,946,140.943
4421,4168,946,142.492
4422,946,4168,142.492
4423,946,947,85.95
4424,947,946,85.95
4425,947,6300,142.019
4426,6300,947,142.019
4427,4233,947,143.555
4428,947,4233,143.555
4429,947,948,85.96
4430,948,947,85.96
4431,948,4876,142.38199999999998
4432,4876,948,142.38199999999998
4433,4234,948,142.471
4434,948,4234,142.471
4435,948,949,85.34400000000001
4436,949,948,85.34400000000001
4437,2258,949,142.566
4438,949,2258,142.566
4439,949,950,84.188
4440,950,949,84.188
4441,949,2259,142.366
4442,2259,949,142.366
4443,950,951,85.167
4444,951,950,85.167
4445,950,6173,142.208
4446,6173,950,142.208
4447,4235,950,142.462
4448,950,4235,142.462
4449,2073,951,142.506
4450,951,2073,142.506
4451,951,952,85.079
4452,952,951,85.079
4453,951,2074,142.123
4454,2074,951,142.123
4455,952,3657,141.882
4456,3657,952,141.882
4457,952,953,84.991
4458,953,952,84.991
4459,953,3186,100.419
4460,3186,953,100.419
4461,953,954,83.36999999999999
4462,954,953,83.36999999999999
4463,954,3848,142.028
4464,3848,954,142.028
4465,3847,954,142.526
4466,954,3847,142.526
4467,955,956,85.31400000000001
4468,956,955,85.31400000000001
4469,955,1097,141.74599999999998
4470,1097,955,141.74599999999998
4471,1096,955,142.527
4472,955,1096,142.527
4473,956,957,84.793
4474,957,956,84.793
4475,956,4542,142.438
4476,4542,956,142.438
4477,4236,956,141.884
4478,956,4236,141.884
4479,957,5350,142.156
4480,5350,957,142.156
4481,4237,957,142.032
4482,957,4237,142.032
4483,957,958,85.601
4484,958,957,85.601
4485,958,959,68.817
4486,959,958,68.817
4487,5350,958,225.562
4488,958,5350,225.562
4489,2851,958,141.25400000000002
4490,958,2851,141.25400000000002
4491,7257,960,10.412
4492,960,7257,10.412
4493,960,2726,144.122
4494,960,961,82.83399999999999
4495,961,960,82.83399999999999
4496,2725,960,142.168
4497,961,962,85.14
4498,962,961,85.14
4499,961,6254,145.197
4500,6254,961,145.197
4501,4238,961,142.307
4502,961,4238,142.307
4503,962,4808,144.895
4504,4808,962,144.895
4505,4239,962,142.514
4506,962,4239,142.514
4507,963,8181,65.835
4508,8181,963,65.835
4509,963,4596,146.481
4510,4596,963,146.481
4511,4240,963,142.28799999999998
4512,963,4240,142.28799999999998
4513,965,964,34.459
4514,964,965,34.459
4515,964,3016,28.382
4516,3016,964,28.382
4517,8202,964,63.469
4518,964,8202,63.469
4519,3614,965,108.821
4520,965,3614,108.821
4521,965,966,96.059
4522,966,965,96.059
4523,966,1293,62.845
4524,1293,966,62.845
4525,966,967,96.099
4526,967,966,96.099
4527,967,3582,178.90699999999998
4528,3582,967,178.90699999999998
4529,3583,967,178.174
4530,967,3583,178.174
4531,967,968,96.321
4532,968,967,96.321
4533,968,6350,178.505
4534,6350,968,178.505
4535,4216,968,177.96
4536,968,4216,177.96
4537,968,969,95.98
4538,969,968,95.98
4539,969,970,96.45
4540,970,969,96.45
4541,969,8476,178.082
4542,8476,969,178.082
4543,4217,969,178.152
4544,969,4217,178.152
4545,970,971,96.077
4546,971,970,96.077
4547,970,9813,166.354
4548,9813,970,166.354
4549,9812,970,167.206
4550,970,9812,167.206
4551,4219,971,178.215
4552,971,4219,178.215
4553,971,6351,178.997
4554,6351,971,178.997
4555,971,972,67.93299999999999
4556,972,971,67.93299999999999
4557,972,973,58.396
4558,973,972,58.396
4559,972,3796,177.341
4560,3797,972,179.273
4561,973,9835,64.541
4562,9835,973,64.541
4563,973,1551,178.128
4564,1550,973,178.309
4565,974,4220,177.944
4566,9834,974,69.829
4567,974,9834,69.829
4568,974,975,52.504000000000005
4569,975,974,52.504000000000005
4570,975,6637,133.754
4571,6637,975,133.754
4572,975,7078,63.447
4573,7078,975,63.447
4574,4222,975,180.223
4575,7078,976,8.04
4576,976,7078,8.04
4577,976,7462,89.37299999999999
4578,976,977,104.933
4579,977,976,104.933
4580,3712,976,178.141
4581,977,4223,178.12300000000002
4582,977,7053,86.65
4583,7053,977,86.65
4584,7053,978,13.126
4585,978,7053,13.126
4586,978,1070,89.258
4587,9627,978,91.01
4588,3638,979,88.69500000000001
4589,979,3638,88.69500000000001
4590,979,3639,88.58999999999999
4591,3639,979,88.58999999999999
4592,979,980,193.469
4593,980,979,193.469
4594,980,981,193.632
4595,981,980,193.632
4596,980,3043,89.78500000000001
4597,3043,980,89.78500000000001
4598,981,982,97.6
4599,982,981,97.6
4600,981,6348,178.65699999999998
4601,6348,981,178.65699999999998
4602,6393,981,89.331
4603,981,6393,89.331
4604,982,983,99.697
4605,983,982,99.697
4606,982,6349,178.648
4607,6349,982,178.648
4608,4225,982,178.787
4609,982,4225,178.787
4610,983,984,97.008
4611,984,983,97.008
4612,983,1312,178.17299999999997
4613,1312,983,178.17299999999997
4614,1313,983,179.21
4615,983,1313,179.21
4616,984,6076,178.54100000000005
4617,6076,984,178.54100000000005
4618,984,985,95.354
4619,985,984,95.354
4620,4226,984,179.11200000000002
4621,985,2133,178.39899999999997
4622,2133,985,178.39899999999997
4623,2132,985,179.548
4624,985,2132,179.548
4625,985,986,92.989
4626,986,985,92.989
4627,986,3024,178.351
4628,3024,986,178.351
4629,3023,986,179.298
4630,986,3023,179.298
4631,986,987,95.87
4632,987,986,95.87
4633,2211,987,87.151
4634,987,2211,87.151
4635,987,2212,62.94
4636,2212,987,62.94
4637,987,988,141.877
4638,988,987,141.877
4639,2213,988,216.37500000000003
4640,988,2213,216.37500000000003
4641,988,9617,124.309
4642,3082,989,75.32900000000001
4643,989,3082,75.32900000000001
4644,989,990,79.37100000000001
4645,990,989,79.37100000000001
4646,9617,989,71.292
4647,989,9617,71.292
4648,990,3083,75.944
4649,3083,990,75.944
4650,3082,990,83.872
4651,990,3082,83.872
4652,990,8211,95.428
4653,8211,990,95.428
4654,991,9003,111.736
4655,9003,991,111.736
4656,991,3520,77.87599999999999
4657,3520,991,77.87599999999999
4658,3519,991,76.631
4659,991,3519,76.631
4660,992,3005,56.353
4661,3005,992,56.353
4662,992,993,84.982
4663,993,992,84.982
4664,5423,992,147.098
4665,992,5423,147.098
4666,993,2610,122.162
4667,2610,993,122.162
4668,994,3676,277.158
4669,994,995,55.398
4670,995,994,55.398
4671,8288,994,76.266
4672,994,8288,76.266
4673,2079,994,276.843
4674,995,2452,191.144
4675,995,2453,119.487
4676,2453,995,119.487
4677,995,996,67.401
4678,996,995,67.401
4679,3972,996,191.445
4680,996,3972,191.445
4681,996,2080,276.531
4682,2080,996,276.531
4683,996,997,67.021
4684,997,996,67.021
4685,997,998,57.908
4686,998,997,57.908
4687,997,3758,137.624
4688,3757,997,277.71399999999994
4689,998,4250,276.148
4690,998,999,69.583
4691,999,998,69.583
4692,4268,998,137.697
4693,999,2431,68.11000000000001
4694,999,1000,66.339
4695,1000,999,66.339
4696,2430,999,276.187
4697,1000,1001,58.145
4698,1001,1000,58.145
4699,4251,1000,276.22900000000004
4700,1001,4252,276.396
4701,1001,1002,67.254
4702,1002,1001,67.254
4703,1002,1003,67.76
4704,1003,1002,67.76
4705,1002,3564,147.571
4706,7742,1002,54.44
4707,1003,1004,57.323
4708,1004,1003,57.323
4709,6068,1003,147.683
4710,1004,4254,277.659
4711,1004,1005,67.92399999999999
4712,1005,1004,67.92399999999999
4713,1005,7741,54.64
4714,1005,1006,86.47200000000001
4715,1006,1005,86.47200000000001
4716,2077,1005,138.156
4717,6136,1006,69.918
4718,1006,6136,69.918
4719,1007,7910,1051.558
4720,1007,3351,276.235
4721,3351,1007,276.235
4722,3352,1007,68.639
4723,1007,3352,68.639
4724,7170,1007,1040.5940000000005
4725,4150,1008,368.094
4726,1008,4150,368.094
4727,1008,2088,280.894
4728,2088,1008,280.894
4729,4255,1008,272.21500000000003
4730,1008,4255,272.21500000000003
4731,1009,1010,94.301
4732,1010,1009,94.301
4733,1009,5989,219.401
4734,5989,1009,219.401
4735,5311,1009,204.801
4736,1009,5311,204.801
4737,6448,1010,89.969
4738,1010,6448,89.969
4739,1010,1011,140.597
4740,1011,1010,140.597
4741,1011,7723,89.978
4742,7723,1011,89.978
4743,5988,1011,221.136
4744,1011,5988,221.136
4745,7047,1012,13.276
4746,1012,7047,13.276
4747,1012,7652,51.55
4748,1064,1012,54.223000000000006
4749,1013,1014,71.498
4750,1014,1013,71.498
4751,8452,1013,35.31
4752,1013,8452,35.31
4753,2466,1013,152.15400000000002
4754,1013,2466,152.15400000000002
4755,1014,1015,85.024
4756,1015,1014,85.024
4757,1014,4894,210.603
4758,4894,1014,210.603
4759,4893,1014,68.614
4760,1014,4893,68.614
4761,1015,1016,119.816
4762,1016,1015,119.816
4763,8987,1015,38.071
4764,1015,8987,38.071
4765,1016,1017,93.893
4766,1017,1016,93.893
4767,1016,6285,69.203
4768,6285,1016,69.203
4769,1854,1016,82.755
4770,1016,1854,82.755
4771,1017,4111,85.83399999999999
4772,4111,1017,85.83399999999999
4773,3747,1017,52.117
4774,1017,3747,52.117
4775,7822,1018,26.896
4776,1018,7822,26.896
4777,1018,1019,144.156
4778,1019,1018,144.156
4779,5492,1018,64.22999999999999
4780,1018,5492,64.22999999999999
4781,6568,1019,30.916
4782,1019,6568,30.916
4783,1019,8745,51.416
4784,8745,1019,51.416
4785,1020,1021,51.00099999999999
4786,1021,1020,51.00099999999999
4787,5131,1020,544.6700000000001
4788,1020,5131,544.6700000000001
4789,1020,4193,186.715
4790,4193,1020,186.715
4791,1959,1020,229.91
4792,1020,1959,229.91
4793,8945,1021,207.868
4794,1021,8945,207.868
4795,1021,1022,94.439
4796,1022,1021,94.439
4797,1021,8096,796.7009999999999
4798,8096,1021,796.7009999999999
4799,1022,1023,94.325
4800,1023,1022,94.325
4801,6640,1022,207.861
4802,1022,6640,207.861
4803,1022,8967,207.693
4804,8967,1022,207.693
4805,1023,1024,94.317
4806,1024,1023,94.317
4807,1023,1480,207.673
4808,1480,1023,207.673
4809,1479,1023,207.863
4810,1023,1479,207.863
4811,1024,4194,207.651
4812,4194,1024,207.651
4813,1024,1025,94.344
4814,1025,1024,94.344
4815,6208,1024,207.893
4816,1024,6208,207.893
4817,1025,8965,207.624
4818,8965,1025,207.624
4819,6533,1025,207.87
4820,1025,6533,207.87
4821,1026,4322,81.038
4822,4322,1026,81.038
4823,8969,1026,111.764
4824,1026,8969,111.764
4825,1026,1027,182.855
4826,1027,1026,182.855
4827,1027,8665,105.306
4828,8665,1027,105.306
4829,1027,1028,43.913
4830,1028,1027,43.913
4831,1028,4158,143.49000000000004
4832,4158,1028,143.49000000000004
4833,1028,8972,242.663
4834,8972,1028,242.663
4835,1029,6719,85.41000000000001
4836,6719,1029,85.41000000000001
4837,7134,1029,94.256
4838,1029,7134,94.256
4839,1029,4197,207.873
4840,4197,1029,207.873
4841,5443,1029,207.58
4842,1029,5443,207.58
4843,6719,1030,10.147
4844,1030,6719,10.147
4845,1030,1031,93.555
4846,1031,1030,93.555
4847,1030,3398,208.367
4848,3397,1030,207.201
4849,1031,1032,93.832
4850,1032,1031,93.832
4851,1031,7417,135.195
4852,7417,1031,135.195
4853,6280,1031,206.639
4854,1031,6280,206.639
4855,1032,1033,94.299
4856,1033,1032,94.299
4857,1032,4199,207.814
4858,4199,1032,207.814
4859,5971,1032,207.609
4860,1032,5971,207.609
4861,1033,1034,94.432
4862,1034,1033,94.432
4863,1033,4200,207.826
4864,4200,1033,207.826
4865,5494,1033,207.595
4866,1033,5494,207.595
4867,1034,1035,94.432
4868,1035,1034,94.432
4869,1034,4201,207.808
4870,4201,1034,207.808
4871,4682,1034,207.608
4872,1034,4682,207.608
4873,1035,1036,94.213
4874,1036,1035,94.213
4875,1035,1406,207.796
4876,1406,1035,207.796
4877,1405,1035,207.605
4878,1035,1405,207.605
4879,1036,1037,94.124
4880,1037,1036,94.124
4881,1036,2778,207.775
4882,2778,1036,207.775
4883,2777,1036,207.616
4884,1036,2777,207.616
4885,1037,4031,207.77
4886,4031,1037,207.77
4887,4030,1037,207.613
4888,1037,4030,207.613
4889,1038,1039,94.397
4890,1039,1038,94.397
4891,1038,2393,207.738
4892,2393,1038,207.738
4893,2392,1038,207.631
4894,1038,2392,207.631
4895,1039,1040,94.354
4896,1040,1039,94.354
4897,1039,3705,207.729
4898,3705,1039,207.729
4899,3704,1039,207.629
4900,1039,3704,207.629
4901,1040,1041,94.502
4902,1041,1040,94.502
4903,1040,4202,207.718
4904,4202,1040,207.718
4905,4552,1040,207.641
4906,1040,4552,207.641
4907,1041,1042,94.319
4908,1042,1041,94.319
4909,1041,3836,207.719
4910,3836,1041,207.719
4911,3835,1041,207.63
4912,1041,3835,207.63
4913,1042,1043,94.186
4914,1043,1042,94.186
4915,1042,2486,207.697
4916,2486,1042,207.697
4917,2485,1042,207.641
4918,1042,2485,207.641
4919,1043,1044,94.459
4920,1044,1043,94.459
4921,1043,4203,207.685
4922,4203,1043,207.685
4923,4867,1043,207.629
4924,1043,4867,207.629
4925,1044,1045,94.451
4926,1045,1044,94.451
4927,1044,1685,207.683
4928,1685,1044,207.683
4929,1684,1044,207.639
4930,1044,1684,207.639
4931,1045,1046,94.31
4932,1046,1045,94.31
4933,1045,4204,207.665
4934,4204,1045,207.665
4935,6464,1045,207.642
4936,1045,6464,207.642
4937,1046,6963,40.326
4938,6963,1046,40.326
4939,1046,6634,207.652
4940,6634,1046,207.652
4941,4205,1046,207.653
4942,1046,4205,207.653
4943,1047,1048,94.407
4944,1048,1047,94.407
4945,1047,1275,207.642
4946,1275,1047,207.642
4947,1274,1047,207.652
4948,1047,1274,207.652
4949,1048,1049,94.477
4950,1049,1048,94.477
4951,1048,4206,207.63
4952,4206,1048,207.63
4953,4642,1048,207.65
4954,1048,4642,207.65
4955,1049,1050,94.292
4956,1050,1049,94.292
4957,1049,4207,207.608
4958,4207,1049,207.608
4959,5434,1049,207.664
4960,1049,5434,207.664
4961,1050,1051,94.195
4962,1051,1050,94.195
4963,1050,4208,207.597
4964,4208,1050,207.597
4965,5900,1050,207.664
4966,1050,5900,207.664
4967,1051,1052,94.478
4968,1052,1051,94.478
4969,1051,4209,207.596
4970,4209,1051,207.596
4971,5505,1051,207.652
4972,1051,5505,207.652
4973,1052,1053,94.319
4974,1053,1052,94.319
4975,1052,4210,207.587
4976,4210,1052,207.587
4977,4700,1052,207.664
4978,1052,4700,207.664
4979,1053,1054,94.434
4980,1054,1053,94.434
4981,1053,1384,207.563
4982,1384,1053,207.563
4983,1383,1053,207.675
4984,1053,1383,207.675
4985,1054,1055,94.31
4986,1055,1054,94.31
4987,1054,4211,207.553
4988,4211,1054,207.553
4989,6189,1054,207.675
4990,1054,6189,207.675
4991,1055,1056,94.24
4992,1056,1055,94.24
4993,1055,4212,207.541
4994,4212,1055,207.541
4995,6515,1055,207.674
4996,1055,6515,207.674
4997,1056,1057,94.38
4998,1057,1056,94.38
4999,1056,2797,207.529
5000,2797,1056,207.529
5001,2796,1056,207.685
5002,1056,2796,207.685
5003,1057,1058,94.478
5004,1058,1057,94.478
5005,1057,3983,207.519
5006,3983,1057,207.519
5007,3982,1057,207.675
5008,1057,3982,207.675
5009,1058,4213,207.509
5010,4213,1058,207.509
5011,8937,1058,207.677
5012,1058,8937,207.677
5013,1058,8944,97.7
5014,8944,1058,97.7
5015,1059,7641,9.911
5016,7641,1059,9.911
5017,1059,5770,85.583
5018,5748,1059,78.888
5019,7641,1060,101.715
5020,1060,7641,101.715
5021,1060,2658,78.798
5022,2658,1060,78.798
5023,2659,1060,85.083
5024,1060,2659,85.083
5025,1061,7460,22.545
5026,1061,9315,64.25
5027,6525,1061,46.958000000000006
5028,8280,1061,74.99
5029,8280,1061,75.51499999999999
5030,1062,2821,94.996
5031,1062,9316,64.511
5032,7045,1062,91.956
5033,7250,1062,12.985
5034,1063,7045,13.295
5035,7045,1063,13.295
5036,1063,1064,89.447
5037,7250,1063,90.19
5038,7046,1064,13.172
5039,1064,7046,13.172
5040,1064,6499,98.153
5041,6499,1064,98.153
5042,7048,1065,13.15
5043,1065,7048,13.15
5044,1065,5645,95.672
5045,5645,1065,95.672
5046,1065,1066,76.823
5047,7652,1065,75.273
5048,1066,1091,45.398
5049,7049,1066,13.36
5050,1066,7049,13.36
5051,4663,1066,75.434
5052,7050,1067,13.13
5053,1067,7050,13.13
5054,1067,1068,95.809
5055,1067,3544,74.732
5056,3544,1067,74.732
5057,1091,1067,58.201
5058,7051,1068,13.554
5059,1068,7051,13.554
5060,1068,1069,82.495
5061,7052,1069,13.123
5062,1069,7052,13.123
5063,1069,9627,87.271
5064,1069,3637,196.316
5065,3637,1069,196.316
5066,7054,1070,13.098
5067,1070,7054,13.098
5068,1070,1071,88.71100000000001
5069,7055,1071,13.093
5070,1071,7055,13.093
5071,1071,1072,88.712
5072,1071,3640,195.386
5073,3640,1071,195.386
5074,7056,1072,13.088
5075,1072,7056,13.088
5076,1072,1073,89.45999999999998
5077,1072,3641,193.985
5078,3641,1072,193.985
5079,7057,1073,13.076
5080,1073,7057,13.076
5081,1073,9401,88.956
5082,1073,1900,97.444
5083,1900,1073,97.444
5084,7058,1074,13.067
5085,1074,7058,13.067
5086,1074,1075,178.349
5087,1074,2592,96.401
5088,2592,1074,96.401
5089,9401,1074,89.715
5090,7059,1075,13.044
5091,1075,7059,13.044
5092,1075,1076,177.569
5093,1075,2593,95.409
5094,2593,1075,95.409
5095,7060,1076,13.032
5096,1076,7060,13.032
5097,1076,1077,90.149
5098,1076,2594,96.002
5099,2594,1076,96.002
5100,1077,2595,95.735
5101,2595,1077,95.735
5102,7062,1077,13.024
5103,1077,7062,13.024
5104,7064,1078,13.016
5105,1078,7064,13.016
5106,1078,2264,194.441
5107,2264,1078,194.441
5108,1078,1079,89.369
5109,7063,1079,13.001
5110,1079,7063,13.001
5111,1079,1080,88.287
5112,1079,3646,194.456
5113,3646,1079,194.456
5114,1080,7066,12.987
5115,7066,1080,12.987
5116,1080,3647,194.54
5117,3647,1080,194.54
5118,1080,1081,90.202
5119,7065,1081,13.023
5120,1081,7065,13.023
5121,1081,3648,194.931
5122,3648,1081,194.931
5123,1081,1082,88.441
5124,7068,1082,13.061
5125,1082,7068,13.061
5126,1082,1083,89.824
5127,1082,3649,195.341
5128,3649,1082,195.341
5129,1083,7067,13.07
5130,7067,1083,13.07
5131,1083,1084,88.921
5132,1348,1083,194.903
5133,1083,1348,194.903
5134,7070,1084,13.087
5135,1084,7070,13.087
5136,1084,1085,88.318
5137,1084,3650,194.866
5138,3650,1084,194.866
5139,1085,1086,90.209
5140,7069,1085,13.113
5141,1085,7069,13.113
5142,1085,2408,195.176
5143,2408,1085,195.176
5144,7071,1086,13.313
5145,1086,7071,13.313
5146,1086,3651,194.37
5147,3651,1086,194.37
5148,1086,1087,88.207
5149,1087,7403,13.913
5150,7403,1087,13.913
5151,5813,1087,131.732
5152,1087,5813,131.732
5153,1087,7589,83.741
5154,1088,4999,62.23
5155,1089,1088,51.617
5156,7589,1088,121.031
5157,1089,7468,50.996
5158,7467,1089,41.468
5159,8729,1089,33.849
5160,6576,1090,116.72
5161,1090,6576,116.72
5162,1090,7050,44.239
5163,7051,1090,48.113
5164,1091,7651,13.149
5165,7651,1091,13.149
5166,1092,1093,143.197
5167,1093,1092,143.197
5168,1302,1092,131.718
5169,1092,1302,131.718
5170,1092,2099,85.45500000000001
5171,2099,1092,85.45500000000001
5172,8199,1092,84.512
5173,1092,8199,84.512
5174,1093,4540,85.474
5175,4540,1093,85.474
5176,3845,1093,86.681
5177,1093,3845,86.681
5178,1093,1094,144.075
5179,1094,1093,144.075
5180,1094,1095,144.501
5181,1095,1094,144.501
5182,1094,4541,83.46900000000001
5183,4541,1094,83.46900000000001
5184,3846,1094,85.301
5185,1094,3846,85.301
5186,1095,3529,83.444
5187,3529,1095,83.444
5188,3528,1095,84.225
5189,1095,3528,84.225
5190,3847,1096,88.489
5191,1096,3847,88.489
5192,1096,4236,84.193
5193,4236,1096,84.193
5194,1097,4542,85.312
5195,4542,1097,85.312
5196,3848,1097,84.738
5197,1097,3848,84.738
5198,1097,9801,121.834
5199,9801,1097,121.834
5200,3849,1098,92.263
5201,1098,3849,92.263
5202,1098,1099,146.369
5203,1099,1098,146.369
5204,1098,9801,19.326
5205,9801,1098,19.859
5206,1099,4543,85.753
5207,4543,1099,85.753
5208,3850,1099,84.092
5209,1099,3850,84.092
5210,1099,1100,281.773
5211,1100,1099,281.773
5212,1100,1101,143.532
5213,1101,1100,143.532
5214,1100,4544,84.869
5215,4544,1100,84.869
5216,3851,1100,85.941
5217,1100,3851,85.941
5218,3852,1101,79.344
5219,1101,3852,79.344
5220,1101,3997,83.416
5221,3997,1101,83.416
5222,1102,4545,86.93900000000001
5223,4545,1102,86.93900000000001
5224,3854,1102,90.064
5225,1102,3854,90.064
5226,1103,1104,74.215
5227,1104,1103,74.215
5228,4409,1103,55.958
5229,1103,4409,55.958
5230,1103,5261,39.834
5231,5261,1103,39.834
5232,4406,1103,585.744
5233,1103,4406,585.744
5234,1105,6740,5.081
5235,6740,1105,5.081
5236,1105,8019,254.843
5237,6735,1105,69.062
5238,1106,2544,91.496
5239,1106,6434,25.722
5240,9330,1106,0.636
5241,1107,8055,88.65
5242,8055,1107,88.65
5243,1107,3610,66.968
5244,3610,1107,66.968
5245,1108,5020,110.703
5246,5020,1108,110.703
5247,1108,1109,189.527
5248,1109,1108,189.527
5249,7565,1108,49.148
5250,1108,7565,49.148
5251,1109,1110,188.55999999999997
5252,1110,1109,188.55999999999997
5253,9873,1109,202.204
5254,1109,9873,202.204
5255,1110,9319,41.333
5256,9319,1110,41.333
5257,9241,1110,202.648
5258,1110,9241,202.648
5259,8099,1110,195.018
5260,1110,8099,195.018
5261,1111,1112,386.4989999999999
5262,1112,1111,386.4989999999999
5263,1111,2255,188.637
5264,2255,1111,188.637
5265,1536,1111,511.88799999999975
5266,1111,1536,511.88799999999975
5267,1112,1536,99.452
5268,1536,1112,99.452
5269,1535,1112,110.754
5270,1112,1535,110.754
5271,1113,7509,100.481
5272,7509,1113,100.481
5273,7510,1113,21.43
5274,1113,7510,21.43
5275,1113,1114,120.557
5276,1114,1113,120.557
5277,1115,1116,105.377
5278,1116,1115,105.377
5279,1115,4944,71.193
5280,4944,1115,71.193
5281,4943,1115,73.231
5282,1115,4943,73.231
5283,3629,1116,73.384
5284,1116,3629,73.384
5285,1116,3630,70.78699999999999
5286,3630,1116,70.78699999999999
5287,1118,4831,13.236
5288,1118,8633,75.008
5289,3942,1118,85.732
5290,6985,1118,18.619
5291,1119,7390,181.059
5292,1119,8602,198.168
5293,8602,1119,198.168
5294,7385,1119,19.172
5295,1119,7385,19.172
5296,7479,1119,103.272
5297,1120,3946,70.78
5298,3946,1120,70.78
5299,3945,1120,69.163
5300,1120,3945,69.163
5301,1120,1121,122.544
5302,1121,1120,122.544
5303,1121,1122,150.267
5304,1122,1121,150.267
5305,1121,6337,70.418
5306,6337,1121,70.418
5307,5608,1121,70.032
5308,1121,5608,70.032
5309,1122,8265,70.688
5310,6137,1122,71.678
5311,1123,8827,147.67
5312,8827,1123,147.67
5313,1123,5612,122.605
5314,5612,1123,122.605
5315,8828,1123,94.864
5316,1123,8828,94.864
5317,1124,8895,63.263
5318,8895,1124,63.263
5319,8827,1124,175.757
5320,1124,8827,175.757
5321,7487,1124,172.983
5322,1124,7487,172.983
5323,1125,1126,97.457
5324,1126,1125,97.457
5325,1125,6468,209.15
5326,6468,1125,209.15
5327,2882,1125,207.352
5328,1125,2882,207.352
5329,1126,8409,62.965
5330,8409,1126,62.965
5331,1126,8982,210.63500000000005
5332,1126,9913,205.999
5333,9913,1126,205.999
5334,8408,1127,66.1
5335,1127,8408,66.1
5336,1127,1128,92.366
5337,1128,1127,92.366
5338,2884,1127,208.018
5339,1127,2884,208.018
5340,1127,9876,203.238
5341,9876,1127,203.238
5342,1128,6726,87.101
5343,6726,1128,87.101
5344,1128,9908,201.762
5345,9908,1128,201.762
5346,2885,1128,207.913
5347,1128,2885,207.913
5348,6726,1129,10.111
5349,1129,6726,10.111
5350,1129,1130,93.35
5351,1130,1129,93.35
5352,1129,9914,199.50100000000003
5353,2886,1129,208.151
5354,1130,1131,94.315
5355,1131,1130,94.315
5356,1130,9910,202.749
5357,9910,1130,202.749
5358,2887,1130,207.973
5359,1130,2887,207.973
5360,2888,1131,207.95
5361,1131,2888,207.95
5362,1131,1132,94.28
5363,1132,1131,94.28
5364,1131,9911,202.663
5365,9911,1131,202.663
5366,1132,1133,190.305
5367,1133,1132,190.305
5368,1132,9912,202.449
5369,9912,1132,202.449
5370,2889,1132,207.94
5371,1132,2889,207.94
5372,1133,1411,207.572
5373,1411,1133,207.572
5374,1410,1133,208.052
5375,1133,1410,208.052
5376,1133,1134,92.95
5377,1134,1133,92.95
5378,2770,1134,207.9
5379,1134,2770,207.9
5380,1134,1135,94.21
5381,1135,1134,94.21
5382,1134,2771,207.477
5383,2771,1134,207.477
5384,2890,1135,207.884
5385,1135,2890,207.884
5386,1135,4027,207.483
5387,4027,1135,207.483
5388,9496,1136,202.748
5389,1136,9496,202.748
5390,1136,1137,94.546
5391,1137,1136,94.546
5392,1136,2397,207.496
5393,2397,1136,207.496
5394,2891,1137,207.84
5395,1137,2891,207.84
5396,1137,1138,94.316
5397,1138,1137,94.316
5398,1137,3709,207.484
5399,3709,1137,207.484
5400,1138,1139,94.369
5401,1139,1138,94.369
5402,1138,4554,207.496
5403,4554,1138,207.496
5404,2892,1138,207.829
5405,1138,2892,207.829
5406,2893,1139,207.797
5407,1139,2893,207.797
5408,1139,1140,94.36
5409,1140,1139,94.36
5410,1139,3840,207.508
5411,3840,1139,207.508
5412,2490,1140,207.786
5413,1140,2490,207.786
5414,1140,1141,94.263
5415,1141,1140,94.263
5416,1140,2491,207.527
5417,2491,1140,207.527
5418,2894,1141,207.763
5419,1141,2894,207.763
5420,1141,1142,94.739
5421,1142,1141,94.739
5422,1141,4869,207.529
5423,4869,1141,207.529
5424,1689,1142,207.762
5425,1142,1689,207.762
5426,1142,1143,94.043
5427,1143,1142,94.043
5428,1142,1690,207.527
5429,1690,1142,207.527
5430,1143,1144,94.351
5431,1144,1143,94.351
5432,1143,6465,207.531
5433,6465,1143,207.531
5434,2895,1143,207.742
5435,1143,2895,207.742
5436,1144,2896,207.731
5437,2896,1144,207.731
5438,9445,1144,200.47
5439,1144,9445,200.47
5440,1144,6962,40.422
5441,6962,1144,40.422
5442,1145,1146,94.581
5443,1146,1145,94.581
5444,1145,1279,207.542
5445,1279,1145,207.542
5446,1278,1145,207.719
5447,1145,1278,207.719
5448,1146,1147,94.334
5449,1147,1146,94.334
5450,1146,4646,207.54
5451,4646,1146,207.54
5452,2897,1146,207.707
5453,1146,2897,207.707
5454,1147,1148,94.237
5455,1148,1147,94.237
5456,1147,5438,207.553
5457,5438,1147,207.553
5458,2898,1147,207.685
5459,1147,2898,207.685
5460,1148,1149,94.299
5461,1149,1148,94.299
5462,1148,9893,207.565
5463,9893,1148,207.565
5464,2899,1148,207.675
5465,1148,2899,207.675
5466,1149,1150,94.343
5467,1150,1149,94.343
5468,2900,1149,207.652
5469,1149,2900,207.652
5470,1149,5507,207.563
5471,5507,1149,207.563
5472,1150,1151,94.466
5473,1151,1150,94.466
5474,1150,9868,199.56
5475,9868,1150,199.56
5476,2901,1150,207.631
5477,1150,2901,207.631
5478,1151,1152,94.405
5479,1152,1151,94.405
5480,1151,1389,207.585
5481,1389,1151,207.585
5482,1388,1151,207.618
5483,1151,1388,207.618
5484,1152,1153,94.449
5485,1153,1152,94.449
5486,2902,1152,207.608
5487,1152,2902,207.608
5488,1152,6190,207.586
5489,6190,1152,207.586
5490,1153,1154,94.203
5491,1154,1153,94.203
5492,1153,6516,207.584
5493,6516,1153,207.584
5494,2903,1153,207.596
5495,1153,2903,207.596
5496,1154,1155,94.369
5497,1155,1154,94.369
5498,1154,2802,207.6
5499,2802,1154,207.6
5500,2801,1154,207.574
5501,1154,2801,207.574
5502,1155,1156,94.291
5503,1156,1155,94.291
5504,1155,3986,207.612
5505,3986,1155,207.612
5506,2904,1155,207.552
5507,1155,2904,207.552
5508,2905,1156,207.554
5509,1156,2905,207.554
5510,1156,1157,26.647
5511,1157,1156,26.647
5512,9497,1156,201.173
5513,1157,3855,202.082
5514,3855,1157,202.082
5515,2906,1157,207.796
5516,1157,2906,207.796
5517,1159,1158,135.559
5518,1158,1159,135.559
5519,1159,5292,91.023
5520,5283,1159,71.218
5521,1160,7921,78.065
5522,5746,1160,18.828
5523,8310,1161,102.192
5524,1161,8310,102.192
5525,1161,1162,104.445
5526,1162,1161,104.445
5527,1161,9312,107.553
5528,2510,1161,104.508
5529,1162,1163,104.651
5530,1163,1162,104.651
5531,1162,2511,104.488
5532,4453,1162,107.108
5533,1163,5120,107.502
5534,1163,1164,104.586
5535,1164,1163,104.586
5536,2512,1163,104.494
5537,1164,1165,73.112
5538,1165,1164,73.112
5539,1164,2513,104.477
5540,2513,1164,104.477
5541,6012,1164,107.11
5542,1164,6012,107.11
5543,1165,8813,104.436
5544,1165,1166,72.75
5545,1166,1165,72.75
5546,1166,1167,145.379
5547,1167,1166,145.379
5548,1166,2296,107.031
5549,2297,1166,104.465
5550,1167,2514,103.863
5551,1167,1168,136.05200000000002
5552,1168,1167,136.05200000000002
5553,6013,1167,107.273
5554,1168,2515,104.53
5555,1168,1169,142.20900000000003
5556,1169,1168,142.20900000000003
5557,4575,1168,107.385
5558,6014,1169,107.552
5559,1169,6014,107.552
5560,1169,9355,141.572
5561,9355,1169,141.572
5562,1169,8809,44.815000000000005
5563,8809,1169,44.815000000000005
5564,4837,1170,107.741
5565,1170,4837,107.741
5566,1170,9354,4.515
5567,9354,1170,4.515
5568,9355,1170,3.713
5569,1170,9355,3.713
5570,2518,1170,104.679
5571,1171,4394,107.41299999999998
5572,1171,2519,104.52599999999998
5573,2519,1171,104.52599999999998
5574,1171,1172,80.185
5575,1172,1171,80.185
5576,9354,1171,142.025
5577,1171,9354,142.025
5578,1172,1173,66.599
5579,1173,1172,66.599
5580,2327,1172,104.56
5581,1173,2520,104.298
5582,2520,1173,104.298
5583,1173,1174,146.216
5584,1174,1173,146.216
5585,5572,1173,107.654
5586,1174,6015,107.394
5587,1174,1175,146.394
5588,1175,1174,146.394
5589,2521,1174,104.58
5590,1174,2521,104.58
5591,1175,2522,104.899
5592,2522,1175,104.899
5593,1175,1176,146.323
5594,1176,1175,146.323
5595,6016,1175,107.088
5596,1176,6017,107.227
5597,1176,1177,146.536
5598,1177,1176,146.536
5599,2523,1176,104.785
5600,1176,2523,104.785
5601,1177,2524,104.50199999999998
5602,2524,1177,104.50199999999998
5603,1177,1178,146.282
5604,1178,1177,146.282
5605,6018,1177,107.602
5606,1178,6755,138.35899999999998
5607,1178,2525,104.557
5608,2525,1178,104.557
5609,4431,1178,107.48600000000002
5610,1178,4431,107.48600000000002
5611,8136,1178,138.839
5612,1179,9779,6.279
5613,1179,6019,103.05700000000002
5614,1180,1179,136.54
5615,8137,1179,8.568
5616,1180,1181,146.406
5617,1181,1180,146.406
5618,1180,9532,104.87
5619,5916,1180,107.408
5620,8137,1180,136.972
5621,1181,4616,107.366
5622,1181,1182,146.31300000000002
5623,1182,1181,146.31300000000002
5624,6662,1181,104.746
5625,1182,9226,104.719
5626,9226,1182,104.719
5627,5960,1182,107.361
5628,1182,5960,107.361
5629,1182,1183,146.30599999999998
5630,1183,1182,146.30599999999998
5631,1183,6660,104.663
5632,6660,1183,104.663
5633,3739,1183,107.284
5634,1183,3739,107.284
5635,2527,1184,104.583
5636,1184,2527,104.583
5637,1184,4531,107.196
5638,4531,1184,107.196
5639,1184,1185,73.259
5640,1185,1184,73.259
5641,5921,1185,107.44
5642,1185,5921,107.44
5643,1185,1186,73.367
5644,1186,1185,73.367
5645,1186,1187,146.28
5646,1187,1186,146.28
5647,1186,6020,107.158
5648,6020,1186,107.158
5649,2528,1186,104.536
5650,1186,2528,104.536
5651,1187,1188,146.19
5652,1188,1187,146.19
5653,1187,5804,107.467
5654,5804,1187,107.467
5655,2529,1187,104.359
5656,1187,2529,104.359
5657,1188,2530,104.406
5658,2530,1188,104.406
5659,6021,1188,107.526
5660,1188,6021,107.526
5661,1188,1189,146.51000000000002
5662,1189,1188,146.51000000000002
5663,1189,2531,104.441
5664,2531,1189,104.441
5665,5139,1189,107.593
5666,1189,5139,107.593
5667,1189,8821,148.878
5668,8821,1189,148.878
5669,1190,1830,102.937
5670,1830,1190,102.937
5671,1829,1190,109.249
5672,1190,1829,109.249
5673,1190,1191,146.139
5674,1191,1190,146.139
5675,8821,1190,148.59799999999998
5676,1190,8821,148.59799999999998
5677,1191,2532,103.051
5678,2532,1191,103.051
5679,5165,1191,109.162
5680,1191,5165,109.162
5681,1191,1192,146.435
5682,1192,1191,146.435
5683,1192,2533,103.166
5684,2533,1192,103.166
5685,5147,1192,109.075
5686,1192,5147,109.075
5687,1192,1193,124.325
5688,1193,1192,124.325
5689,1193,2534,103.266
5690,2534,1193,103.266
5691,1193,8803,31.65
5692,8803,1193,31.65
5693,8799,1193,37.637
5694,1193,8799,37.637
5695,8803,1194,117.672
5696,1194,8803,117.672
5697,1194,1195,146.35200000000003
5698,1195,1194,146.35200000000003
5699,1450,1194,103.927
5700,1194,1450,103.927
5701,1195,5103,80.757
5702,5103,1195,80.757
5703,2535,1195,104.444
5704,1195,2535,104.444
5705,1195,1196,146.23
5706,1196,1195,146.23
5707,1252,1196,104.966
5708,1196,1252,104.966
5709,1196,1197,146.398
5710,1197,1196,146.398
5711,1197,8907,49.484
5712,8907,1197,49.484
5713,2536,1197,104.7
5714,1197,2536,104.7
5715,1197,1198,121.65100000000002
5716,1198,1197,121.65100000000002
5717,1198,1199,24.514
5718,1199,1198,24.514
5719,1198,9731,230.784
5720,9731,1198,230.784
5721,1199,1200,73.09700000000001
5722,1200,1199,73.09700000000001
5723,2537,1199,104.135
5724,1199,2537,104.135
5725,1200,1201,73.68299999999999
5726,1201,1200,73.68299999999999
5727,1200,3341,237.41
5728,3341,1200,237.41
5729,1201,1202,23.408
5730,1202,1201,23.408
5731,2538,1201,104.347
5732,1201,2538,104.347
5733,1202,3342,227.499
5734,3342,1202,227.499
5735,1202,1203,97.458
5736,1203,1202,97.458
5737,1203,3343,217.392
5738,3343,1203,217.392
5739,1203,1204,101.533
5740,1204,1203,101.533
5741,2539,1204,105.219
5742,1204,2539,105.219
5743,1204,3370,69.526
5744,3370,1204,69.526
5745,1204,1205,99.222
5746,1205,1204,99.222
5747,1205,4188,59.341
5748,4188,1205,59.341
5749,5747,1206,39.895
5750,1206,5747,39.895
5751,1207,1961,23.722
5752,1961,1207,23.722
5753,1207,1208,94.637
5754,1208,1207,94.637
5755,1208,7733,14.612
5756,7733,1208,14.612
5757,1208,9274,55.874
5758,9274,1208,55.874
5759,9274,1209,39.022000000000006
5760,1209,9274,39.022000000000006
5761,1209,1210,94.502
5762,1210,1209,94.502
5763,1209,6144,208.526
5764,6144,1209,208.526
5765,1210,1211,93.983
5766,1211,1210,93.983
5767,1210,1492,208.03
5768,1492,1210,208.03
5769,6145,1211,208.052
5770,1211,6145,208.052
5771,1211,1212,94.161
5772,1212,1211,94.161
5773,1212,6146,208.038
5774,6146,1212,208.038
5775,1213,5369,207.941
5776,5369,1213,207.941
5777,1213,6709,40.748
5778,6709,1213,40.748
5779,6709,1214,12.42
5780,1214,6709,12.42
5781,1214,1215,40.79900000000001
5782,1215,1214,40.79900000000001
5783,1214,4709,207.88
5784,6803,1214,207.744
5785,1215,1216,98.984
5786,1216,1215,98.984
5787,1215,6147,207.826
5788,6147,1215,207.826
5789,1216,6148,207.715
5790,6148,1216,207.715
5791,1216,1217,99.02
5792,1217,1216,99.02
5793,1217,3792,208.061
5794,3792,1217,208.061
5795,1217,8592,94.16
5796,8592,1217,94.16
5797,1218,5448,208.07100000000003
5798,5448,1218,208.07100000000003
5799,1218,1219,94.407
5800,1219,1218,94.407
5801,8592,1218,94.345
5802,1218,8592,94.345
5803,1219,3414,208.075
5804,3414,1219,208.075
5805,1219,1220,93.985
5806,1220,1219,93.985
5807,1220,6149,208.082
5808,6149,1220,208.082
5809,1220,1221,94.733
5810,1221,1220,94.733
5811,1221,5975,208.076
5812,5975,1221,208.076
5813,1221,1222,94.107
5814,1222,1221,94.107
5815,1222,5500,208.094
5816,5500,1222,208.094
5817,1222,1223,94.442
5818,1223,1222,94.442
5819,1223,4676,208.086
5820,4676,1223,208.086
5821,8879,1223,207.519
5822,1223,8879,207.519
5823,1223,8872,94.028
5824,8872,1223,94.028
5825,1224,1225,94.179
5826,1225,1224,94.179
5827,8872,1224,94.355
5828,1224,8872,94.355
5829,1224,2766,208.107
5830,2766,1224,208.107
5831,1225,4022,208.106
5832,4022,1225,208.106
5833,1226,2386,208.109
5834,2386,1226,208.109
5835,1226,1227,94.469
5836,1227,1226,94.469
5837,1227,1228,94.205
5838,1228,1227,94.205
5839,1227,3700,208.118
5840,3700,1227,208.118
5841,1228,4548,208.118
5842,4548,1228,208.118
5843,8899,1228,78.43100000000001
5844,1228,8899,78.43100000000001
5845,1228,1229,94.435
5846,1229,1228,94.435
5847,1229,3830,208.117
5848,3830,1229,208.117
5849,3829,1229,72.268
5850,1229,3829,72.268
5851,1229,1230,94.311
5852,1230,1229,94.311
5853,2477,1230,352.398
5854,1230,2477,352.398
5855,1230,8271,84.14500000000001
5856,8271,1230,84.14500000000001
5857,1230,2478,70.356
5858,2478,1230,70.356
5859,1231,1232,122.618
5860,1232,1231,122.618
5861,7805,1231,152.006
5862,1231,7805,152.006
5863,1232,1233,32.079
5864,1233,1232,32.079
5865,1232,8014,35.246
5866,8014,1232,35.246
5867,1233,1234,147.27200000000002
5868,1234,1233,147.27200000000002
5869,1233,8014,45.32
5870,8014,1233,45.32
5871,5219,1234,33.067
5872,1234,5219,33.067
5873,1234,4760,83.805
5874,4760,1234,83.805
5875,1234,1235,104.152
5876,1235,1234,104.152
5877,1235,7043,242.947
5878,1235,4760,134.078
5879,4760,1235,134.078
5880,1235,1236,69.22800000000001
5881,1236,1235,69.22800000000001
5882,8027,1235,246.71100000000004
5883,1237,1238,64.635
5884,1238,1237,64.635
5885,7957,1237,134.036
5886,1237,7957,134.036
5887,8715,1237,135.113
5888,1237,8715,135.113
5889,1238,1239,77.485
5890,1239,1238,77.485
5891,3909,1238,110.95
5892,1238,3909,110.95
5893,1240,1241,60.658
5894,1241,1240,60.658
5895,1241,6685,108.898
5896,6685,1241,108.898
5897,2589,1241,82.365
5898,1241,2589,82.365
5899,1242,5010,31.39
5900,5010,1242,31.39
5901,1242,1243,89.841
5902,1243,1242,89.841
5903,5011,1242,62.797
5904,1242,5011,62.797
5905,3196,1244,170.377
5906,1244,3196,170.377
5907,1244,8654,22.218
5908,8654,1244,22.218
5909,4351,1244,194.07
5910,1244,4351,194.07
5911,1245,1246,76.306
5912,1246,1245,76.306
5913,5272,1245,114.405
5914,1245,5272,114.405
5915,1245,5273,127.45
5916,5273,1245,127.45
5917,1246,1247,206.059
5918,1247,1246,206.059
5919,8654,1246,37.419
5920,1246,8654,37.419
5921,1246,5891,187.318
5922,5891,1246,187.318
5923,1247,8125,7.604
5924,8125,1247,7.604
5925,1247,7499,112.967
5926,7499,1247,112.967
5927,1248,1249,78.234
5928,1249,1248,78.234
5929,1248,3471,146.968
5930,5104,1248,146.997
5931,1249,1250,98.907
5932,1250,1249,98.907
5933,1249,3472,146.501
5934,3472,1249,146.501
5935,5105,1249,146.287
5936,1249,5105,146.287
5937,1250,1251,98.952
5938,1251,1250,98.952
5939,1250,3473,146.467
5940,3473,1250,146.467
5941,5106,1250,146.279
5942,1250,5106,146.279
5943,1251,1252,99.223
5944,1252,1251,99.223
5945,1251,3474,146.442
5946,3474,1251,146.442
5947,5107,1251,146.265
5948,1251,5107,146.265
5949,1252,2536,146.418
5950,2536,1252,146.418
5951,2535,1252,146.249
5952,1252,2535,146.249
5953,1253,1254,124.378
5954,1253,3949,83.288
5955,3949,1253,83.288
5956,2948,1253,63.95
5957,1253,2948,63.95
5958,1254,8537,65.14099999999999
5959,8537,1254,65.14099999999999
5960,7571,1254,100.449
5961,1254,7571,100.449
5962,1255,1497,78.08699999999999
5963,1497,1255,78.08699999999999
5964,4113,1256,162.333
5965,1256,4113,162.333
5966,1256,7686,47.509
5967,7686,1256,47.509
5968,1257,7686,15.869
5969,7686,1257,15.869
5970,1257,1258,47.961
5971,1258,1257,47.961
5972,1496,1257,59.092
5973,1257,1496,59.092
5974,1259,9546,31.553
5975,9546,1259,31.553
5976,5965,1259,85.554
5977,1259,5965,85.554
5978,1260,2549,85.425
5979,2549,1260,85.425
5980,6201,1260,85.535
5981,1260,6201,85.535
5982,1260,1261,202.191
5983,1261,1260,202.191
5984,1261,2550,85.37
5985,2550,1261,85.37
5986,5740,1261,85.473
5987,1261,5740,85.473
5988,1261,1262,203.373
5989,1262,1261,203.373
5990,1262,7016,81.09400000000001
5991,7016,1262,81.09400000000001
5992,1262,2551,86.169
5993,2551,1262,86.169
5994,6031,1262,85.485
5995,1262,6031,85.485
5996,7016,1263,12.041
5997,1263,7016,12.041
5998,1263,1710,22.925
5999,1773,1263,88.694
6000,1264,3282,431.18
6001,3282,1264,431.18
6002,3281,1264,185.81500000000003
6003,1264,3281,185.81500000000003
6004,1265,1266,202.588
6005,1266,1265,202.588
6006,1265,4106,75.94500000000001
6007,4106,1265,75.94500000000001
6008,9574,1265,123.101
6009,1265,9574,123.101
6010,1266,1532,68.853
6011,1532,1266,68.853
6012,1531,1266,71.16099999999999
6013,1266,1531,71.16099999999999
6014,1267,7670,52.993
6015,7670,1267,52.993
6016,7680,1267,53.037000000000006
6017,1267,7680,53.037000000000006
6018,1267,4961,39.528
6019,4961,1267,39.528
6020,2304,1267,30.265
6021,1267,2304,30.265
6022,1268,6808,102.076
6023,6808,1268,102.076
6024,1268,4571,95.69
6025,4571,1268,95.69
6026,8897,1268,95.65
6027,1268,8897,95.65
6028,1269,1270,207.79400000000004
6029,1270,1269,207.79400000000004
6030,6898,1269,208.519
6031,1269,6898,208.519
6032,1269,2705,94.443
6033,2705,1269,94.443
6034,2704,1269,94.336
6035,1269,2704,94.336
6036,1270,1271,207.96
6037,1271,1270,207.96
6038,1270,4644,94.323
6039,4644,1270,94.323
6040,5875,1270,94.358
6041,1270,5875,94.358
6042,1271,8842,207.96
6043,8842,1271,207.96
6044,1271,4645,94.218
6045,4645,1271,94.218
6046,6633,1271,94.377
6047,1271,6633,94.377
6048,1272,1273,207.8
6049,1273,1272,207.8
6050,4641,1272,94.338
6051,1272,4641,94.338
6052,1273,9428,80.244
6053,9428,1273,80.244
6054,1273,9425,6.826000000000001
6055,9425,1273,6.826000000000001
6056,1274,4642,94.378
6057,4642,1274,94.378
6058,9425,1274,200.915
6059,1274,9425,200.915
6060,1275,4206,94.426
6061,4206,1275,94.426
6062,1276,3927,94.493
6063,3927,1276,94.493
6064,1276,1277,207.307
6065,1277,1276,207.307
6066,1277,8941,207.687
6067,8941,1277,207.687
6068,1278,2897,94.561
6069,2897,1278,94.561
6070,8941,1278,207.886
6071,1278,8941,207.886
6072,9443,1279,76.124
6073,1279,9443,76.124
6074,1280,4647,94.63
6075,4647,1280,94.63
6076,1280,1281,207.508
6077,1281,1280,207.508
6078,9441,1280,200.827
6079,1280,9441,200.827
6080,1281,4648,94.659
6081,4648,1281,94.659
6082,1282,9116,42.933
6083,1282,4649,95.838
6084,4649,1282,95.838
6085,1282,8357,92.993
6086,8357,1282,92.993
6087,8358,1282,51.939
6088,1283,1284,97.265
6089,1284,1283,97.265
6090,1283,4878,31.966
6091,4878,1283,31.966
6092,4877,1283,41.683
6093,1283,4877,41.683
6094,1285,7591,182.63
6095,7591,1285,182.63
6096,2446,1285,70.104
6097,1285,2446,70.104
6098,1286,1285,72.104
6099,1286,2445,94.131
6100,2445,1286,94.131
6101,1287,4414,49.033
6102,4414,1287,49.033
6103,1287,5094,191.258
6104,5096,1287,160.10099999999997
6105,6395,1287,153.516
6106,1288,1289,91.231
6107,1289,1288,91.231
6108,8204,1288,90.75
6109,1288,8204,90.75
6110,1288,4595,352.26699999999994
6111,4595,1288,352.26699999999994
6112,1289,4734,147.207
6113,4734,1289,147.207
6114,1289,2103,84.538
6115,2103,1289,84.538
6116,4735,1290,62.593
6117,1290,4735,62.593
6118,1290,9097,52.239
6119,9097,1290,52.239
6120,1290,3580,193.286
6121,3580,1290,193.286
6122,9098,1290,60.636
6123,1290,9098,60.636
6124,1291,1292,188.563
6125,3534,1291,61.03
6126,1291,3534,61.03
6127,1291,3535,139.292
6128,3535,1291,139.292
6129,1291,9097,147.883
6130,1292,3582,91.573
6131,3582,1292,91.573
6132,3613,1292,101.582
6133,1292,3613,101.582
6134,1293,1294,12.39
6135,1294,1293,12.39
6136,1293,3016,96.157
6137,1295,1296,178.785
6138,1296,1295,178.785
6139,8182,1295,177.862
6140,1295,8182,177.862
6141,1295,1891,96.167
6142,1891,1295,96.167
6143,1890,1295,96.477
6144,1295,1890,96.477
6145,1296,1297,178.333
6146,1297,1296,178.333
6147,1296,3584,95.827
6148,3584,1296,95.827
6149,3616,1296,95.883
6150,1296,3616,95.883
6151,1297,1298,178.58100000000002
6152,1298,1297,178.58100000000002
6153,1297,3585,96.571
6154,3585,1297,96.571
6155,8189,1297,95.891
6156,1297,8189,95.891
6157,1298,3586,96.064
6158,3586,1298,96.064
6159,3617,1298,98.537
6160,1298,3617,98.537
6161,1299,4505,46.244
6162,4505,1299,46.244
6163,8191,1299,96.546
6164,1299,8191,96.546
6165,1299,7354,54.157
6166,7354,1299,54.157
6167,1300,9800,80.689
6168,1300,1301,246.63100000000003
6169,1301,1300,246.63100000000003
6170,3590,1300,87.056
6171,7453,1302,32.608000000000004
6172,1302,7453,32.608000000000004
6173,1302,3843,73.146
6174,3843,1302,73.146
6175,1303,8811,14.166
6176,8530,1303,7.956
6177,1303,8530,7.956
6178,1303,4797,81.19099999999999
6179,4797,1303,81.19099999999999
6180,7142,1303,105.363
6181,3274,1304,79.68
6182,1304,3274,79.68
6183,8810,1304,85.57100000000001
6184,1304,8810,85.57100000000001
6185,1304,1305,192.371
6186,1305,1304,192.371
6187,1304,3275,70.215
6188,3275,1304,70.215
6189,2809,1305,74.45199999999998
6190,1305,2809,74.45199999999998
6191,1305,1306,89.23599999999999
6192,1306,1305,89.23599999999999
6193,1305,2808,195.8
6194,2808,1305,195.8
6195,1306,1307,89.293
6196,1307,1306,89.293
6197,1306,5793,155.092
6198,5793,1306,155.092
6199,5792,1306,195.794
6200,1306,5792,195.794
6201,1307,1308,84.441
6202,1308,1307,84.441
6203,1307,6552,145.526
6204,6552,1307,145.526
6205,6390,1307,195.797
6206,1307,6390,195.797
6207,1308,6552,215.243
6208,6552,1308,215.243
6209,6391,1308,196.938
6210,1308,6391,196.938
6211,1308,1309,94.333
6212,1309,1308,94.333
6213,1309,1310,73.878
6214,1310,1309,73.878
6215,1309,3889,108.56
6216,3889,1309,108.56
6217,5646,1309,188.583
6218,1309,5646,188.583
6219,1310,1517,672.776
6220,1517,1310,672.776
6221,1310,1311,84.752
6222,1311,1310,84.752
6223,7239,1311,8.733
6224,1311,7239,8.733
6225,1311,8212,25.523
6226,5646,1311,244.196
6227,1312,7239,194.19
6228,7239,1312,194.19
6229,1312,4226,97.439
6230,4226,1312,97.439
6231,4225,1312,97.983
6232,1312,4225,97.983
6233,6349,1313,99.066
6234,1313,6349,99.066
6235,1313,6076,96.995
6236,6076,1313,96.995
6237,1314,1313,89.202
6238,1313,1314,89.202
6239,4971,1314,196.812
6240,1314,4971,196.812
6241,1315,1314,86.771
6242,1314,1315,86.771
6243,7783,1315,128.405
6244,1315,7783,128.405
6245,1904,1315,197.055
6246,1315,1904,197.055
6247,1316,1315,91.431
6248,1315,1316,91.431
6249,6077,1316,195.695
6250,1316,6077,195.695
6251,1317,1316,88.644
6252,1316,1317,88.644
6253,1317,6394,197.258
6254,6394,1317,197.258
6255,8594,1317,350.08
6256,1317,8594,350.08
6257,1318,1317,89.647
6258,1317,1318,89.647
6259,5594,1318,197.375
6260,1318,5594,197.375
6261,1319,1318,89.11599999999999
6262,1318,1319,89.11599999999999
6263,1318,2135,194.835
6264,2135,1318,194.835
6265,1319,2136,194.929
6266,2136,1319,194.929
6267,6263,1319,197.263
6268,1319,6263,197.263
6269,1320,1319,89.099
6270,1319,1320,89.099
6271,3310,1320,195.605
6272,1320,3310,195.605
6273,1320,2137,194.773
6274,2137,1320,194.773
6275,1321,1320,88.25299999999999
6276,1320,1321,88.25299999999999
6277,1322,1321,90.326
6278,1321,1322,90.326
6279,8521,1321,196.209
6280,1321,8521,196.209
6281,1321,7974,193.24000000000004
6282,7974,1321,193.24000000000004
6283,3180,1322,197.299
6284,1322,3180,197.299
6285,1322,2138,193.643
6286,2138,1322,193.643
6287,1323,2139,194.634
6288,2139,1323,194.634
6289,1324,1323,89.11200000000001
6290,1323,1324,89.11200000000001
6291,2266,1323,197.359
6292,1323,2266,197.359
6293,1325,1324,87.238
6294,1324,1325,87.238
6295,1324,2140,194.474
6296,2140,1324,194.474
6297,6102,1324,197.921
6298,1324,6102,197.921
6299,1325,5837,58.024
6300,5837,1325,58.024
6301,5836,1325,140.716
6302,1325,5836,140.716
6303,1326,1325,90.719
6304,1325,1326,90.719
6305,1326,6151,131.73600000000002
6306,6151,1326,131.73600000000002
6307,1326,3177,109.08
6308,3177,1326,109.08
6309,1326,8474,100.535
6310,8475,1326,100.094
6311,1327,7322,53.883
6312,7322,1327,53.883
6313,1327,6151,106.009
6314,6151,1327,106.009
6315,7321,1327,106.138
6316,1327,7321,106.138
6317,1328,1329,89.174
6318,1329,1328,89.174
6319,1351,1328,197.252
6320,1328,1351,197.252
6321,1328,1350,195.233
6322,1350,1328,195.233
6323,5117,1329,195.779
6324,1329,5117,195.779
6325,1329,1330,86.903
6326,1330,1329,86.903
6327,1329,7738,186.53000000000003
6328,7738,1329,186.53000000000003
6329,1330,2411,114.803
6330,2411,1330,114.803
6331,2410,1330,195.786
6332,1330,2410,195.786
6333,4907,1330,270.094
6334,1330,4907,270.094
6335,1330,1331,90.853
6336,1331,1330,90.853
6337,1331,4908,65.771
6338,4908,1331,65.771
6339,1331,1332,66.012
6340,1332,1331,66.012
6341,1332,9629,89.21300000000001
6342,9629,1332,89.21300000000001
6343,7585,1332,73.738
6344,1332,7585,73.738
6345,1333,1334,94.057
6346,1334,1333,94.057
6347,1333,2150,262.51800000000003
6348,2150,1333,262.51800000000003
6349,1334,8499,19.419
6350,8499,1334,19.419
6351,8499,1335,31.695
6352,1335,8499,31.695
6353,4666,1335,51.274
6354,1335,4666,51.274
6355,1336,8509,19.578
6356,8509,1336,19.578
6357,1336,2979,435.03399999999993
6358,2979,1336,435.03399999999993
6359,2988,1336,65.298
6360,1336,2988,65.298
6361,6287,1336,84.4
6362,1336,6287,84.4
6363,1337,5665,79.968
6364,5665,1337,79.968
6365,5664,1337,78.76
6366,1337,5664,78.76
6367,1337,1338,167.065
6368,1338,1337,167.065
6369,8509,1337,157.73999999999998
6370,1337,8509,157.73999999999998
6371,1338,5361,78.684
6372,5361,1338,78.684
6373,5360,1338,79.75
6374,1338,5360,79.75
6375,1339,2406,92.188
6376,7205,1339,49.672
6377,3515,1340,22.725
6378,1340,3515,22.725
6379,1340,7205,21.483
6380,1340,6645,56.856
6381,6645,1340,56.856
6382,1341,9002,79.339
6383,9002,1341,79.339
6384,1341,7996,78.73400000000001
6385,7996,1341,78.73400000000001
6386,3520,1341,81.139
6387,1341,3520,81.139
6388,1342,8898,53.596
6389,8898,1342,53.596
6390,1342,8477,102.477
6391,8477,1342,102.477
6392,2779,1342,28.947
6393,1342,2779,28.947
6394,1343,8901,90.845
6395,8901,1343,90.845
6396,8898,1343,161.41100000000003
6397,1343,8898,161.41100000000003
6398,1343,4020,78.91099999999999
6399,4020,1343,78.91099999999999
6400,8901,1344,167.464
6401,1344,8901,167.464
6402,6104,1344,77.951
6403,1344,6104,77.951
6404,1344,1345,190.055
6405,1345,1344,190.055
6406,1346,6928,10.047
6407,6928,1346,10.047
6408,1346,2164,98.948
6409,2163,1346,94.589
6410,7461,1347,10.092
6411,1347,7461,10.092
6412,1347,3722,85.594
6413,8726,1347,190.06
6414,1348,3650,89.685
6415,3650,1348,89.685
6416,3649,1348,88.755
6417,1348,3649,88.755
6418,1349,1348,193.882
6419,1348,1349,193.882
6420,1349,3057,89.44200000000001
6421,3057,1349,89.44200000000001
6422,3056,1349,88.673
6423,1349,3056,88.673
6424,1350,1349,195.669
6425,1349,1350,195.669
6426,1350,5117,87.765
6427,5117,1350,87.765
6428,4441,1350,178.225
6429,1350,4441,178.225
6430,2222,1351,281.796
6431,1351,2222,281.796
6432,1351,2144,177.669
6433,2144,1351,177.669
6434,2143,1351,88.836
6435,1351,2143,88.836
6436,1352,1353,108.225
6437,1353,1352,108.225
6438,1352,8699,8.51
6439,7040,1352,152.48999999999998
6440,9363,1352,11.554
6441,1353,1354,208.267
6442,1354,1353,208.267
6443,2009,1353,105.093
6444,1353,2009,105.093
6445,1353,7040,107.022
6446,7040,1353,107.022
6447,1354,2015,105.163
6448,1354,1355,73.379
6449,1355,1354,73.379
6450,1355,1356,145.84600000000003
6451,1356,1355,145.84600000000003
6452,2016,1355,105.331
6453,1355,2016,105.331
6454,1355,4896,105.538
6455,4896,1355,105.538
6456,1356,1357,146.549
6457,1357,1356,146.549
6458,1356,4846,105.204
6459,4846,1356,105.204
6460,1357,4386,105.066
6461,4386,1357,105.066
6462,1357,1358,146.13299999999998
6463,1358,1357,146.13299999999998
6464,4897,1358,105.443
6465,1358,4897,105.443
6466,1358,1359,146.285
6467,1359,1358,146.285
6468,1359,1360,22.769
6469,1360,1359,22.769
6470,4898,1359,105.012
6471,1359,4898,105.012
6472,7603,1359,27.121
6473,1360,9601,10.362
6474,9601,1360,10.362
6475,1360,9076,33.195
6476,7603,1360,35.918
6477,1361,9600,102.882
6478,9600,1361,102.882
6479,1361,1362,146.361
6480,1362,1361,146.361
6481,2021,1361,104.173
6482,1361,2021,104.173
6483,9601,1361,112.987
6484,1361,9601,112.987
6485,1362,2013,102.981
6486,2013,1362,102.981
6487,1362,1363,149.268
6488,1363,1362,149.268
6489,4901,1362,104.329
6490,1362,4901,104.329
6491,7977,1363,47.476
6492,1363,7977,47.476
6493,1363,1364,143.848
6494,1364,1363,143.848
6495,1363,4902,105.65
6496,4902,1363,105.65
6497,4440,1364,104.442
6498,1364,4440,104.442
6499,1364,7228,139.396
6500,7228,1364,139.396
6501,2004,1364,104.878
6502,1364,2004,104.878
6503,7228,1365,13.498
6504,1365,7228,13.498
6505,1365,7231,104.845
6506,1365,1366,140.066
6507,1366,1365,140.066
6508,4903,1365,105.13
6509,2005,1366,105.473
6510,1366,2005,105.473
6511,1366,1367,146.197
6512,1367,1366,146.197
6513,1367,2006,105.409
6514,2006,1367,105.409
6515,1367,1368,146.49200000000002
6516,1368,1367,146.49200000000002
6517,2007,1368,105.332
6518,1368,2007,105.332
6519,1368,7745,123.915
6520,7745,1368,123.915
6521,7745,1369,23.995
6522,1369,7745,23.995
6523,2008,1369,99.925
6524,1369,2008,99.925
6525,7744,1369,26.21
6526,1370,4516,109.607
6527,4516,1370,109.607
6528,1370,8774,118.211
6529,8774,1370,118.211
6530,1371,8772,101.619
6531,8774,1371,29.350000000000005
6532,1371,8774,29.350000000000005
6533,1371,6983,16.36
6534,6983,1371,16.36
6535,9568,1371,31.238
6536,1372,8760,148.471
6537,8760,1372,148.471
6538,1373,1372,148.159
6539,1372,1373,148.159
6540,1372,2011,104.722
6541,2011,1372,104.722
6542,4905,1372,104.8
6543,1372,4905,104.8
6544,1373,1843,104.692
6545,1843,1373,104.692
6546,1842,1373,104.828
6547,1373,1842,104.828
6548,8765,1373,146.485
6549,1373,8765,146.485
6550,8767,1374,113.402
6551,1374,8767,113.402
6552,1374,5157,230.773
6553,5157,1374,230.773
6554,6788,1374,19.441000000000003
6555,1374,6788,19.441000000000003
6556,1375,3938,18.593
6557,3938,1375,18.593
6558,5712,1375,20.461
6559,1375,5712,20.461
6560,1375,1376,92.181
6561,1376,1375,92.181
6562,1969,1376,51.992
6563,1376,1969,51.992
6564,1377,8161,42.642
6565,8161,1377,42.642
6566,1462,1377,36.344
6567,1377,1462,36.344
6568,1377,1378,209.587
6569,1378,1377,209.587
6570,1378,3480,91.528
6571,3480,1378,91.528
6572,4806,1378,90.982
6573,1378,4806,90.982
6574,1378,1379,232.60799999999995
6575,1379,1378,232.60799999999995
6576,1379,9654,3.763
6577,9652,1379,8.19
6578,1380,2183,94.442
6579,1380,6935,9.845
6580,6935,1380,9.845
6581,2182,1380,94.239
6582,1381,1382,207.797
6583,1382,1381,207.797
6584,6935,1381,204.545
6585,1381,6935,204.545
6586,1381,4699,94.268
6587,4699,1381,94.268
6588,6119,1381,94.435
6589,1381,6119,94.435
6590,1382,9423,66.483
6591,9423,1382,66.483
6592,9423,1382,70.358
6593,1382,1383,207.741
6594,1383,1382,207.741
6595,9424,1382,73.183
6596,1382,9424,73.183
6597,9424,1382,77.017
6598,1383,6189,94.432
6599,6189,1383,94.432
6600,4700,1383,94.317
6601,1383,4700,94.317
6602,1384,4211,94.418
6603,4211,1384,94.418
6604,4210,1384,94.338
6605,1384,4210,94.338
6606,1385,3932,94.414
6607,3932,1385,94.414
6608,3931,1385,94.387
6609,1385,3931,94.387
6610,1385,1386,207.329
6611,1386,1385,207.329
6612,1386,4368,94.416
6613,4368,1386,94.416
6614,4367,1386,94.407
6615,1386,4367,94.407
6616,1386,1387,208.02
6617,1387,1386,208.02
6618,1387,6162,94.41
6619,6162,1387,94.41
6620,1387,1388,207.553
6621,1388,1387,207.553
6622,4701,1387,94.427
6623,1387,4701,94.427
6624,1388,2902,94.412
6625,2902,1388,94.412
6626,2901,1388,94.447
6627,1388,2901,94.447
6628,1389,1390,207.93
6629,1390,1389,207.93
6630,1389,9870,96.227
6631,6190,1389,94.408
6632,1389,6190,94.408
6633,1389,6190,100.14
6634,1389,9869,35.007
6635,9869,1389,35.007
6636,1390,6058,94.402
6637,6058,1390,94.402
6638,1390,1391,207.485
6639,1391,1390,207.485
6640,4703,1390,94.507
6641,1390,4703,94.507
6642,1391,5405,94.396
6643,5405,1391,94.396
6644,4704,1391,94.527
6645,1391,4704,94.527
6646,1392,8573,19.715
6647,8573,1392,19.715
6648,1392,6191,90.868
6649,4705,1392,95.056
6650,1393,2710,94.18
6651,2710,1393,94.18
6652,2709,1393,94.443
6653,1393,2709,94.443
6654,1393,1394,207.857
6655,1394,1393,207.857
6656,6903,1393,208.715
6657,1393,6903,208.715
6658,1394,8833,94.307
6659,8833,1394,94.307
6660,4707,1394,94.263
6661,1394,4707,94.263
6662,1394,1395,207.845
6663,1395,1394,207.845
6664,1395,6192,94.438
6665,6192,1395,94.438
6666,4708,1395,94.087
6667,1395,4708,94.087
6668,9136,1396,8.807
6669,1396,9136,8.807
6670,5499,1396,188.718
6671,1396,5499,188.718
6672,1397,6840,207.264
6673,6840,1397,207.264
6674,8872,1397,208.096
6675,1397,8872,208.096
6676,1397,2766,94.366
6677,2766,1397,94.366
6678,4676,1397,94.05
6679,1397,4676,94.05
6680,1398,2698,94.406
6681,2698,1398,94.406
6682,2697,1398,94.072
6683,1398,2697,94.072
6684,1398,1399,207.964
6685,1399,1398,207.964
6686,6887,1398,207.383
6687,1398,6887,207.383
6688,1399,2767,94.417
6689,2767,1399,94.417
6690,1399,1400,207.848
6691,1400,1399,207.848
6692,4677,1399,94.091
6693,1399,4677,94.091
6694,1400,2768,94.561
6695,2768,1400,94.561
6696,1400,8874,208.089
6697,8874,1400,208.089
6698,4678,1400,93.98
6699,1400,4678,93.98
6700,1401,9029,151.674
6701,9029,1401,151.674
6702,9032,1401,214.409
6703,1401,9032,214.409
6704,1401,2769,77.543
6705,2769,1401,77.543
6706,4683,1401,77.52499999999999
6707,1401,4683,77.52499999999999
6708,1402,6944,9.967
6709,6944,1402,9.967
6710,1402,2170,94.255
6711,2169,1402,94.388
6712,1403,1404,207.76
6713,1404,1403,207.76
6714,6944,1403,204.537
6715,1403,6944,204.537
6716,1403,2775,94.29200000000002
6717,2775,1403,94.29200000000002
6718,4681,1403,94.337
6719,1403,4681,94.337
6720,1404,9414,36.168
6721,9414,1404,36.168
6722,1404,1405,207.765
6723,1405,1404,207.765
6724,3440,1404,94.479
6725,1404,3440,94.479
6726,1405,2777,94.21
6727,2777,1405,94.21
6728,4682,1405,94.386
6729,1405,4682,94.386
6730,1406,2778,94.196
6731,2778,1406,94.196
6732,4201,1406,94.443
6733,1406,4201,94.443
6734,3922,1407,94.473
6735,1407,3922,94.473
6736,1407,1408,207.262
6737,1408,1407,207.262
6738,1407,8955,94.165
6739,8955,1407,94.165
6740,4358,1408,94.477
6741,1408,4358,94.477
6742,1408,1409,207.819
6743,1409,1408,207.819
6744,1409,8959,94.707
6745,8959,1409,94.707
6746,8956,1409,94.487
6747,1409,8956,94.487
6748,1409,1410,207.763
6749,1410,1409,207.763
6750,1410,2770,94.64
6751,2770,1410,94.64
6752,1411,2771,94.699
6753,2771,1411,94.699
6754,9438,1411,31.341
6755,1411,9438,31.341
6756,1411,1412,207.788
6757,1412,1411,207.788
6758,1412,1413,207.451
6759,1413,1412,207.451
6760,1412,2772,94.462
6761,2772,1412,94.462
6762,4679,1412,94.162
6763,1412,4679,94.162
6764,1413,8948,205.391
6765,8948,1413,205.391
6766,2773,1413,94.408
6767,1413,2773,94.408
6768,1413,4680,94.18
6769,4680,1413,94.18
6770,1414,7795,81.743
6771,7795,1414,81.743
6772,1415,9690,34.338
6773,9690,1415,34.338
6774,6369,1415,94.475
6775,1415,6369,94.475
6776,9691,1415,42.365
6777,1415,9691,42.365
6778,1416,1417,200.259
6779,1417,1416,200.259
6780,9691,1416,77.584
6781,1416,9691,77.584
6782,1416,4890,90.558
6783,4890,1416,90.558
6784,7669,1416,40.876000000000005
6785,1416,7669,40.876000000000005
6786,1417,1418,200.39
6787,1418,1417,200.39
6788,1417,1850,89.703
6789,1850,1417,89.703
6790,1849,1417,90.616
6791,1417,1849,90.616
6792,1418,1419,200.64
6793,1419,1418,200.64
6794,1418,5956,90.48
6795,5560,1418,89.95700000000001
6796,1419,5957,90.503
6797,5957,1419,90.503
6798,5561,1419,89.95800000000001
6799,1419,5561,89.95800000000001
6800,1420,1421,83.889
6801,1421,1420,83.889
6802,8230,1420,88.969
6803,1420,8230,88.969
6804,1421,1422,59.527
6805,1422,1421,59.527
6806,1421,2155,92.883
6807,2155,1421,92.883
6808,1422,2250,73.733
6809,2250,1422,73.733
6810,2249,1422,73.543
6811,1422,2249,73.543
6812,1423,1424,35.543
6813,1424,1423,35.543
6814,1423,5828,29.104
6815,5828,1423,29.104
6816,1423,3084,64.865
6817,3084,1423,64.865
6818,2748,1423,27.975
6819,1423,2748,27.975
6820,4896,1425,105.69
6821,1425,4896,105.69
6822,1425,1426,144.366
6823,1426,1425,144.366
6824,9080,1425,48.875
6825,1425,9080,48.875
6826,1426,8381,100.368
6827,8381,1426,100.368
6828,1426,1427,146.15300000000002
6829,1427,1426,146.15300000000002
6830,4846,1426,104.37
6831,1426,4846,104.37
6832,1427,4385,105.97299999999998
6833,4385,1427,105.97299999999998
6834,1427,1428,146.38000000000002
6835,1428,1427,146.38000000000002
6836,4386,1427,104.039
6837,1427,4386,104.039
6838,1428,1429,146.17000000000002
6839,1429,1428,146.17000000000002
6840,1428,4897,104.231
6841,4897,1428,104.231
6842,5577,1428,105.976
6843,1428,5577,105.976
6844,1429,4898,104.645
6845,4898,1429,104.645
6846,6484,1429,102.818
6847,1429,6484,102.818
6848,1429,1430,146.78699999999998
6849,1430,1429,146.78699999999998
6850,1430,6378,103.01
6851,6378,1430,103.01
6852,1430,1431,50.707
6853,1431,1430,50.707
6854,6377,1430,67.572
6855,1430,6377,67.572
6856,6377,1431,85.485
6857,1431,6377,85.485
6858,1431,8388,94.78199999999998
6859,8388,1431,94.78199999999998
6860,8388,1432,147.186
6861,1432,8388,147.186
6862,1432,1433,146.53400000000002
6863,1433,1432,146.53400000000002
6864,4902,1432,106.627
6865,1432,4902,106.627
6866,1433,8814,89.00099999999999
6867,8814,1433,89.00099999999999
6868,1433,4440,106.254
6869,4440,1433,106.254
6870,8755,1434,19.381
6871,1434,8755,19.381
6872,1434,1435,148.64600000000002
6873,1435,1434,148.64600000000002
6874,1434,5142,71.469
6875,5142,1434,71.469
6876,1435,4905,105.159
6877,4905,1435,105.159
6878,5329,1435,105.193
6879,1435,5329,105.193
6880,1435,1436,148.075
6881,1436,1435,148.075
6882,1436,1844,105.119
6883,1844,1436,105.119
6884,1843,1436,105.209
6885,1436,1843,105.209
6886,1436,1437,146.379
6887,1437,1436,146.379
6888,5171,1437,105.07699999999998
6889,1437,5171,105.07699999999998
6890,1437,8763,105.241
6891,8763,1437,105.241
6892,1438,8776,32.146
6893,1438,1439,114.357
6894,1439,1438,114.357
6895,8773,1438,24.24
6896,1439,4517,105.473
6897,4517,1439,105.473
6898,4516,1439,104.97899999999998
6899,1439,4516,104.97899999999998
6900,1439,7361,146.42800000000005
6901,7361,1439,146.42800000000005
6902,1440,8768,12.682
6903,8768,1440,12.682
6904,1440,8778,37.857
6905,8778,1440,37.857
6906,8779,1440,35.281
6907,1440,8779,35.281
6908,8780,1440,35.736
6909,1440,8780,35.736
6910,8782,1441,45.957
6911,1441,8782,45.957
6912,1441,1442,74.46300000000001
6913,1442,1441,74.46300000000001
6914,6183,1441,138.89600000000002
6915,1441,6183,138.89600000000002
6916,1442,5203,91.33
6917,5203,1442,91.33
6918,6042,1442,139.11399999999998
6919,1442,6042,139.11399999999998
6920,1442,8755,77.453
6921,8755,1442,77.453
6922,1443,1444,89.75399999999999
6923,1444,1443,89.75399999999999
6924,1443,9528,273.64
6925,9528,1443,273.64
6926,9527,1443,283.62699999999995
6927,1443,9527,283.62699999999995
6928,1444,3152,277.482
6929,3152,1444,277.482
6930,5588,1444,363.766
6931,1444,5588,363.766
6932,1446,1447,99.091
6933,1447,1446,99.091
6934,1446,5104,146.27599999999998
6935,5996,1446,150.083
6936,1446,5996,150.083
6937,1447,1448,98.822
6938,1448,1447,98.822
6939,1447,5105,146.138
6940,5105,1447,146.138
6941,5232,1447,149.964
6942,1447,5232,149.964
6943,1448,1449,98.922
6944,1449,1448,98.922
6945,1448,5106,146.252
6946,5106,1448,146.252
6947,5997,1448,149.875
6948,1448,5997,149.875
6949,1449,5107,146.363
6950,5107,1449,146.363
6951,1449,1450,99.115
6952,1450,1449,99.115
6953,5181,1449,149.788
6954,1449,5181,149.788
6955,2534,1450,149.696
6956,1450,2534,149.696
6957,1450,2535,146.47899999999998
6958,2535,1450,146.47899999999998
6959,1451,1452,189.79
6960,1452,1451,189.79
6961,1451,6993,79.562
6962,6994,1451,80.877
6963,7923,1451,82.725
6964,4151,1452,79.558
6965,1452,4151,79.558
6966,1452,4280,79.191
6967,4280,1452,79.191
6968,1452,1453,176.01
6969,1453,1452,176.01
6970,3207,1453,79.448
6971,1453,3207,79.448
6972,1453,1454,197.247
6973,1454,1453,197.247
6974,1453,3208,79.674
6975,3208,1453,79.674
6976,1454,4282,80.16
6977,4282,1454,80.16
6978,4152,1454,78.003
6979,1454,4152,78.003
6980,1454,1455,197.966
6981,1455,1454,197.966
6982,1455,4285,79.828
6983,4285,1455,79.828
6984,1455,1456,212.843
6985,1456,1455,212.843
6986,1456,4287,80.107
6987,4287,1456,80.107
6988,1456,1457,165.706
6989,1457,1456,165.706
6990,1458,8597,16.144
6991,8597,1458,16.144
6992,1458,1459,270.491
6993,1459,1458,270.491
6994,2674,1458,83.907
6995,1458,2674,83.907
6996,1459,6360,78.422
6997,6360,1459,78.422
6998,5770,1459,84.373
6999,1459,5770,84.373
7000,7644,1460,13.637
7001,1460,7644,13.637
7002,1460,8597,146.59199999999998
7003,8597,1460,146.59199999999998
7004,1460,6855,99.365
7005,4672,1460,23.133
7006,1461,1462,221.897
7007,1462,1461,221.897
7008,8162,1461,196.276
7009,1461,8162,196.276
7010,1461,1700,78.792
7011,1700,1461,78.792
7012,1699,1461,79.144
7013,1461,1699,79.144
7014,3479,1462,52.51
7015,1462,3479,52.51
7016,7104,1463,12.443
7017,1463,7104,12.443
7018,1463,7200,90.298
7019,7200,1463,90.298
7020,1463,8605,117.46200000000002
7021,7625,1463,158.497
7022,7200,1464,11.286
7023,1464,7200,11.286
7024,1465,1464,200.29
7025,9514,1464,429.495
7026,1465,8160,204.189
7027,8160,1465,204.189
7028,1465,2285,79.189
7029,2285,1465,79.189
7030,4718,1465,78.64399999999999
7031,1465,4718,78.64399999999999
7032,1466,1522,38.522
7033,1522,1466,38.522
7034,1466,1467,48.989
7035,1467,1466,48.989
7036,1470,1466,15.245
7037,1466,1470,15.245
7038,1467,1468,157.309
7039,1468,1467,157.309
7040,2407,1467,241.245
7041,1467,2407,241.245
7042,1468,7892,36.051
7043,7892,1468,32.77
7044,1469,9620,50.141
7045,9620,1469,50.141
7046,4310,1469,55.818
7047,1469,4310,55.818
7048,1469,1470,156.698
7049,1470,1469,156.698
7050,1472,1469,27.336
7051,1469,1472,27.336
7052,3004,1470,54.894
7053,1470,3004,54.894
7054,4309,1471,54.711
7055,1471,4309,54.711
7056,1472,1471,253.008
7057,8364,1472,101.424
7058,1472,8364,101.424
7059,1473,1474,269.514
7060,1474,1473,269.514
7061,1473,1796,88.66000000000001
7062,1796,1473,88.66000000000001
7063,6170,1473,83.304
7064,1473,6170,83.304
7065,1474,6563,153.611
7066,6563,1474,153.611
7067,6170,1474,91.654
7068,1474,6170,91.654
7069,1475,1476,42.678
7070,1476,1475,42.678
7071,1475,4087,196.532
7072,4087,1475,196.532
7073,3290,1475,186.324
7074,1475,3290,186.324
7075,1476,9633,94.74
7076,6915,1476,10.078
7077,1476,6915,10.078
7078,2161,1476,94.049
7079,1478,1477,207.776
7080,1477,1478,207.776
7081,6111,1477,94.493
7082,1477,6111,94.493
7083,1477,6915,204.50200000000004
7084,6915,1477,204.50200000000004
7085,1477,6112,94.292
7086,6112,1477,94.292
7087,1478,3459,94.435
7088,3459,1478,94.435
7089,1478,1479,207.766
7090,1479,1478,207.766
7091,1478,3436,96.848
7092,1478,9485,94.30299999999998
7093,9485,1478,94.30299999999998
7094,7089,1478,96.84
7095,1479,6208,94.595
7096,6208,1479,94.595
7097,6640,1479,94.376
7098,1479,6640,94.376
7099,1480,4194,94.318
7100,4194,1480,94.318
7101,8967,1480,94.275
7102,1480,8967,94.275
7103,1481,1482,207.672
7104,1482,1481,207.672
7105,1481,8966,94.33
7106,8966,1481,94.33
7107,8964,1481,94.171
7108,1481,8964,94.171
7109,1482,1483,73.06099999999999
7110,1483,1482,73.06099999999999
7111,1482,4349,116.167
7112,4349,1482,116.167
7113,4348,1482,94.038
7114,1482,4348,94.038
7115,4350,1483,138.596
7116,1483,4350,138.596
7117,1483,1484,96.292
7118,1484,1483,96.292
7119,3197,1484,206.367
7120,1484,3197,206.367
7121,1484,1485,95.27200000000002
7122,1485,1484,95.27200000000002
7123,1485,1486,11.464
7124,1486,1485,11.464
7125,1485,5714,68.912
7126,5714,1485,68.912
7127,1486,1487,80.81599999999999
7128,1487,1486,80.621
7129,1487,1488,9.601
7130,1488,1487,9.601
7131,1488,6221,74.445
7132,6221,1488,74.445
7133,1488,1489,42.528000000000006
7134,1489,1488,42.528000000000006
7135,1489,1490,120.917
7136,1490,1489,123.756
7137,1492,6145,93.854
7138,6145,1492,93.854
7139,6144,1492,94.408
7140,1492,6144,94.408
7141,1492,6821,207.394
7142,6821,1492,207.394
7143,1493,2684,94.106
7144,2684,1493,94.106
7145,2683,1493,94.398
7146,1493,2683,94.398
7147,1493,1494,208.274
7148,1494,1493,208.274
7149,6865,1493,207.538
7150,1493,6865,207.538
7151,1494,1495,207.528
7152,1495,1494,207.528
7153,1494,5868,94.223
7154,5868,1494,94.223
7155,5867,1494,94.557
7156,1494,5867,94.557
7157,1495,8865,208.27400000000003
7158,8865,1495,208.27400000000003
7159,1495,6209,94.349
7160,6209,1495,94.349
7161,6638,1495,94.411
7162,1495,6638,94.411
7163,2366,1496,67.187
7164,1496,2366,67.187
7165,1497,1498,83.527
7166,1498,1497,83.527
7167,1497,4631,194.358
7168,4631,1497,194.358
7169,4122,1498,629.3580000000001
7170,1498,4122,629.3580000000001
7171,1498,1719,234.402
7172,1719,1498,234.402
7173,1716,1499,13.534
7174,1499,1716,13.534
7175,1499,1717,144.92899999999997
7176,1717,1499,144.92899999999997
7177,7934,1499,105.773
7178,1499,7934,105.773
7179,8991,1500,35.603
7180,1500,8991,35.603
7181,1501,2577,19.649
7182,2577,1501,19.649
7183,1501,1502,84.094
7184,1502,1501,84.094
7185,3516,1501,75.839
7186,1501,3516,75.839
7187,1502,1503,10.692
7188,1503,1502,10.692
7189,1502,3675,57.843
7190,3675,1502,57.843
7191,1504,9255,8.21
7192,9255,1504,8.21
7193,1504,5325,54.254000000000005
7194,7154,1504,51.903000000000006
7195,1505,4288,59.923
7196,4288,1505,59.923
7197,4287,1505,87.396
7198,1505,4287,87.396
7199,1505,1506,124.905
7200,1506,1505,124.905
7201,1506,1507,188.969
7202,1507,1506,188.969
7203,1506,1870,837.4489999999998
7204,1870,1506,837.4489999999998
7205,5816,1506,87.17800000000001
7206,1506,5816,87.17800000000001
7207,1610,1507,87.14800000000001
7208,1507,1610,87.14800000000001
7209,1507,9703,88.072
7210,9703,1507,88.072
7211,1507,1611,205.865
7212,1611,1507,205.865
7213,5649,1508,86.38
7214,1508,5649,86.38
7215,9704,1508,122.378
7216,1508,9704,122.378
7217,9703,1508,141.924
7218,1508,9703,141.924
7219,1509,1510,78.678
7220,1510,1509,78.678
7221,8499,1509,230.012
7222,1509,8499,230.012
7223,1509,2151,200.45
7224,2151,1509,200.45
7225,2150,1509,123.648
7226,1509,2150,123.648
7227,1510,1511,14.045
7228,1511,1510,14.045
7229,1510,3295,172.438
7230,1511,1512,74.203
7231,1512,1511,74.203
7232,1511,5814,99.135
7233,5814,1511,99.135
7234,1512,1513,193.11
7235,1513,1512,193.11
7236,5585,1512,119.66
7237,1512,5585,119.66
7238,1513,1514,71.008
7239,1514,1513,71.008
7240,6554,1513,107.197
7241,1513,6554,107.197
7242,1514,8457,11.925
7243,8457,1514,11.925
7244,4752,1514,67.09
7245,1514,4752,67.09
7246,1515,5781,45.338
7247,5781,1515,45.338
7248,1515,1516,193.981
7249,5303,1515,53.477
7250,1515,5303,53.477
7251,1516,2438,21.947
7252,2437,1516,54.397
7253,1517,1518,198.688
7254,1518,1517,198.688
7255,1517,9534,57.72299999999999
7256,9534,1517,57.72299999999999
7257,1518,7289,154.135
7258,7289,1518,154.135
7259,5485,1518,132.478
7260,1518,5485,132.478
7261,1519,1666,66.762
7262,1666,1519,66.762
7263,2149,1519,103.313
7264,1519,2149,103.313
7265,9620,1521,6.16
7266,1521,9620,6.16
7267,9621,1521,176.655
7268,1521,9621,176.655
7269,9620,1522,157.529
7270,1522,9620,157.529
7271,1523,1524,44.074
7272,1524,1523,44.074
7273,1523,7139,88.80799999999999
7274,7139,1523,88.80799999999999
7275,4154,1523,343.35299999999995
7276,1523,4154,343.35299999999995
7277,1524,1525,75.148
7278,1525,1524,75.148
7279,1524,1968,114.302
7280,1968,1524,114.302
7281,1525,3015,36.383
7282,1968,1525,88.114
7283,1526,1527,66.815
7284,1527,1526,66.815
7285,1527,3951,72.301
7286,3951,1527,72.301
7287,3950,1527,146.738
7288,1527,3950,146.738
7289,1528,9408,110.075
7290,9408,1528,110.075
7291,2591,1528,304.07300000000004
7292,1528,2591,304.07300000000004
7293,6689,1528,106.06300000000002
7294,1528,6689,106.06300000000002
7295,1529,1530,40.369
7296,1530,1529,40.369
7297,1529,1909,69.994
7298,1909,1529,69.994
7299,1529,5441,21.292
7300,5441,1529,21.292
7301,8444,1531,57.178
7302,1531,8444,57.178
7303,4106,1531,195.683
7304,1531,4106,195.683
7305,1532,1533,47.934000000000005
7306,1533,1532,47.934000000000005
7307,2636,1532,142.889
7308,1533,1534,256.266
7309,1534,1533,256.266
7310,4277,1533,76.48599999999999
7311,1533,4277,76.48599999999999
7312,1534,1535,78.64999999999999
7313,1535,1534,78.64999999999999
7314,1534,5822,133.28900000000002
7315,5822,1534,133.28900000000002
7316,4277,1534,244.703
7317,1534,4277,244.703
7318,6597,1535,103.427
7319,1535,6597,103.427
7320,3749,1536,184.022
7321,1536,3749,184.022
7322,1537,2152,99.995
7323,2152,1537,99.995
7324,1538,1539,78.712
7325,1539,1538,78.712
7326,1538,3168,166.45
7327,3168,1538,166.45
7328,7191,1538,67.426
7329,1538,7191,67.426
7330,1539,4665,112.268
7331,4665,1539,112.268
7332,1539,1540,72.22600000000001
7333,1540,1539,72.22600000000001
7334,4785,1539,210.699
7335,1539,4785,210.699
7336,1540,1541,73.51400000000001
7337,1541,1540,73.51400000000001
7338,4770,1540,210.344
7339,1541,1542,73.61699999999999
7340,1542,1541,73.61699999999999
7341,1541,4786,210.35700000000003
7342,4786,1541,210.35700000000003
7343,1542,6402,379.127
7344,1542,1543,72.749
7345,1543,1542,72.749
7346,4787,1542,210.254
7347,1543,1544,95.296
7348,1544,1543,95.296
7349,5126,1543,104.787
7350,1543,5126,104.787
7351,4788,1543,210.145
7352,1543,4788,210.145
7353,2505,1544,210.065
7354,1544,2505,210.065
7355,1544,1545,94.607
7356,1545,1544,94.607
7357,1545,5127,104.8
7358,5127,1545,104.8
7359,5685,1545,105.091
7360,1545,5685,105.091
7361,1545,1546,102.83
7362,1546,1545,102.83
7363,1546,1547,147.427
7364,1547,1546,147.427
7365,4910,1546,105.053
7366,1546,4910,105.053
7367,1547,5128,104.804
7368,5128,1547,104.804
7369,6362,1547,105.049
7370,1547,6362,105.049
7371,1547,9648,145.31699999999998
7372,9648,1547,145.31699999999998
7373,9648,1548,173.491
7374,1548,9648,173.491
7375,1548,8119,114.342
7376,8122,1548,38.445
7377,1549,1550,96.891
7378,1549,9831,64.913
7379,3795,1549,60.475
7380,3796,1550,60.397
7381,1550,3796,60.397
7382,1550,9832,65.058
7383,9832,1550,65.058
7384,3797,1551,58.71
7385,1551,3797,58.71
7386,1551,9830,63.967
7387,9830,1551,63.967
7388,1551,1552,178.089
7389,1897,1552,28.791
7390,1552,1897,28.791
7391,1552,9829,64.308
7392,9829,1552,64.308
7393,6584,1553,52.534
7394,1553,6584,52.534
7395,1553,1554,186.378
7396,1554,1553,186.378
7397,1553,3590,73.505
7398,3590,1553,73.505
7399,1554,1555,101.609
7400,1555,1554,101.609
7401,1554,9526,66.173
7402,9526,1554,66.173
7403,3591,1554,72.486
7404,1554,3591,72.486
7405,3674,1556,48.902
7406,1556,3674,48.902
7407,1556,1557,208.637
7408,1557,1556,208.637
7409,1556,8583,126.857
7410,8583,1556,126.857
7411,1557,7856,428.255
7412,1557,3673,147.298
7413,3673,1557,147.298
7414,1558,1559,92.787
7415,1559,1558,92.787
7416,1558,2559,211.42200000000005
7417,2559,1558,211.42200000000005
7418,1588,1558,101.862
7419,1558,1588,101.862
7420,1559,6074,211.112
7421,6074,1559,211.112
7422,1589,1559,102.176
7423,1559,1589,102.176
7424,1560,1561,202.232
7425,1561,1560,202.232
7426,1560,5528,89.671
7427,5528,1560,89.671
7428,1590,1560,89.85000000000001
7429,1560,1590,89.85000000000001
7430,1591,1561,89.714
7431,1561,1591,89.714
7432,1561,1562,200.252
7433,1562,1561,200.252
7434,1561,5717,89.54
7435,5717,1561,89.54
7436,1562,8257,89.941
7437,8257,1562,89.941
7438,1592,1562,89.66
7439,1562,1592,89.66
7440,1562,7475,125.87
7441,7475,1562,125.87
7442,1563,8324,60.879000000000005
7443,1563,8323,19.977
7444,8323,1563,19.977
7445,1568,1563,122.552
7446,1563,1568,122.552
7447,9455,1564,72.309
7448,1564,9455,72.309
7449,1564,1569,41.619
7450,1564,1565,47.974
7451,1565,1564,47.974
7452,5994,1565,76.316
7453,1565,5994,76.316
7454,1565,6646,49.816
7455,6646,1565,49.816
7456,1565,1566,198.46
7457,1566,1565,198.46
7458,1569,1565,42.534
7459,1565,1569,42.534
7460,2786,1566,74.219
7461,1566,2786,74.219
7462,1566,2787,77.614
7463,2787,1566,77.614
7464,1566,1567,129.56300000000002
7465,1567,1566,129.56300000000002
7466,1567,5825,71.404
7467,5825,1567,71.404
7468,4781,1567,100.702
7469,1567,4781,100.702
7470,1567,1568,109.236
7471,1568,1567,109.236
7472,4781,1568,33.043
7473,1568,4781,33.043
7474,8236,1569,124.219
7475,1569,8236,124.219
7476,1570,1571,165.29100000000005
7477,1571,1570,165.29100000000005
7478,1570,6135,56.199
7479,6135,1570,56.199
7480,9186,1570,111.362
7481,1570,9186,111.362
7482,3549,1570,93.619
7483,1570,3549,93.619
7484,1571,6530,37.299
7485,6530,1571,37.299
7486,8580,1571,91.743
7487,1571,8580,91.743
7488,1572,1573,106.965
7489,1573,1572,106.965
7490,1572,2577,73.132
7491,2577,1572,73.132
7492,1847,1573,72.577
7493,1574,8931,461.7029999999999
7494,8931,1574,461.7029999999999
7495,7735,1574,278.16100000000006
7496,1574,7735,278.16100000000006
7497,5132,1574,135.45399999999998
7498,1574,5132,135.45399999999998
7499,8931,1575,18.071
7500,1575,8931,18.071
7501,1845,1576,14.392
7502,1576,1845,14.392
7503,1576,1577,89.608
7504,1577,1576,89.608
7505,1576,6264,166.4
7506,6264,1576,166.4
7507,1577,1578,165.515
7508,1578,1577,165.515
7509,4712,1577,70.257
7510,1577,4712,70.257
7511,1578,4328,75.683
7512,4328,1578,75.683
7513,4713,1578,70.194
7514,1578,4713,70.194
7515,1578,7118,57.691
7516,7118,1578,57.691
7517,7118,1579,10.242
7518,1579,7118,10.242
7519,1579,1580,95.549
7520,1580,1579,95.549
7521,1579,2953,170.228
7522,2952,1579,143.278
7523,1580,3943,70.507
7524,3943,1580,70.507
7525,3219,1580,82.074
7526,1580,3219,82.074
7527,1580,1581,69.762
7528,1581,1580,69.762
7529,1582,9088,15.39
7530,9088,1582,15.39
7531,1583,1584,100.035
7532,1584,1583,100.035
7533,9088,1583,47.871
7534,1583,9088,47.871
7535,1583,9576,262.042
7536,9576,1583,262.042
7537,7724,1583,223.95
7538,1583,7724,223.95
7539,1584,1628,313.229
7540,1628,1584,313.229
7541,1627,1584,260.617
7542,1584,1627,260.617
7543,1585,1586,94.853
7544,1586,1585,94.853
7545,1585,7731,315.343
7546,7731,1585,315.343
7547,4072,1585,260.724
7548,1585,4072,260.724
7549,1586,1587,95.131
7550,1587,1586,95.131
7551,1586,6073,312.965
7552,6073,1586,312.965
7553,4073,1586,261.222
7554,1586,4073,261.222
7555,1587,1588,94.341
7556,1588,1587,94.341
7557,1587,8158,320.259
7558,8158,1587,320.259
7559,1588,1589,94.32
7560,1589,1588,94.32
7561,2558,1588,261.163
7562,1588,2558,261.163
7563,4074,1589,261.26300000000003
7564,1589,4074,261.26300000000003
7565,1590,1591,201.888
7566,1591,1590,201.888
7567,4184,1590,89.515
7568,1590,4184,89.515
7569,1591,1592,200.519
7570,1592,1591,200.519
7571,4183,1591,89.538
7572,1591,4183,89.538
7573,1592,1593,97.513
7574,1593,1592,97.513
7575,3386,1592,89.24699999999999
7576,1592,3386,89.24699999999999
7577,1593,9451,39.859
7578,9451,1593,39.859
7579,4178,1593,88.598
7580,1593,4178,88.598
7581,1593,4178,92.46200000000002
7582,1594,1595,171.561
7583,1595,1594,171.561
7584,1594,3301,205.63500000000005
7585,6981,1594,361.0839999999999
7586,1596,1597,129.732
7587,1597,1596,129.732
7588,1596,5257,87.72900000000001
7589,5257,1596,87.72900000000001
7590,2274,1596,46.405
7591,1596,2274,46.405
7592,1598,1599,43.492
7593,1599,1598,43.492
7594,1599,5595,189.391
7595,1599,7388,20.204
7596,7388,1599,20.204
7597,1600,1601,23.681
7598,1601,1600,23.681
7599,5029,1600,189.129
7600,1600,5029,189.129
7601,7388,1600,70.967
7602,1600,7388,70.967
7603,1601,5028,96.988
7604,5028,1601,96.988
7605,1601,1602,59.64
7606,1602,1601,59.64
7607,1602,1603,79.86
7608,1603,1602,79.86
7609,3361,1602,189.61
7610,1602,3361,189.61
7611,1603,1621,131.497
7612,1621,1603,131.497
7613,1603,1604,84.513
7614,1604,1603,84.513
7615,1620,1603,188.404
7616,1603,1620,188.404
7617,1604,1605,88.34100000000001
7618,1605,1604,88.34100000000001
7619,3209,1604,188.54700000000005
7620,1604,3209,188.54700000000005
7621,1605,6253,123.233
7622,6253,1605,123.233
7623,6405,1605,188.926
7624,1605,6405,188.926
7625,1605,1606,80.527
7626,1606,1605,80.527
7627,1606,1607,83.932
7628,1607,1606,83.932
7629,4748,1606,188.122
7630,1606,4748,188.122
7631,1606,5039,115.781
7632,5039,1606,115.781
7633,6188,1607,188.108
7634,1607,6188,188.108
7635,1607,7224,56.172
7636,7224,1607,56.172
7637,1607,1608,87.165
7638,1608,1607,87.165
7639,1608,1609,56.754
7640,1609,1608,56.754
7641,4725,1608,189.287
7642,1608,4725,189.287
7643,1608,7220,55.94200000000001
7644,7220,1608,55.94200000000001
7645,1609,5947,72.232
7646,5947,1609,72.232
7647,1609,1610,204.39
7648,1610,1609,204.39
7649,1610,5649,230.007
7650,5649,1610,230.007
7651,5816,1610,188.695
7652,1610,5816,188.695
7653,1611,6569,66.116
7654,6569,1611,66.116
7655,1611,1612,1099.89
7656,1612,1611,1099.89
7657,5065,1612,56.777
7658,1612,5065,56.777
7659,1613,1614,51.702
7660,1614,1613,51.702
7661,1613,3348,97.025
7662,3348,1613,97.025
7663,3491,1613,54.91
7664,1613,3491,54.91
7665,1614,1615,93.173
7666,1617,1614,94.131
7667,5652,1615,39.899
7668,1615,5652,39.899
7669,1615,1616,91.878
7670,1616,1617,91.753
7671,1616,1618,53.424
7672,1618,1616,53.424
7673,1617,5651,39.761
7674,5651,1617,39.761
7675,1618,1742,56.356
7676,1741,1618,56.362
7677,1619,1620,128.389
7678,1620,1619,128.389
7679,1619,3208,81.23599999999999
7680,3208,1619,81.23599999999999
7681,4280,1619,88.548
7682,1619,4280,88.548
7683,3360,1620,71.089
7684,1620,3360,71.089
7685,1620,3209,84.506
7686,3209,1620,84.506
7687,1622,1623,114.052
7688,1623,1622,114.052
7689,1622,4102,171.615
7690,4102,1622,171.615
7691,6011,1622,70.483
7692,1622,6011,70.483
7693,1623,1624,32.497
7694,1624,1623,32.497
7695,2742,1623,274.255
7696,1623,2742,274.255
7697,1624,1625,112.439
7698,1625,1624,112.439
7699,6045,1624,102.064
7700,1624,6045,102.064
7701,1625,9796,81.01599999999999
7702,9796,1625,81.01599999999999
7703,5653,1625,129.59699999999998
7704,1625,5653,129.59699999999998
7705,1626,1627,121.971
7706,1627,1626,121.971
7707,8267,1626,101.048
7708,4071,1627,97.78
7709,1627,4071,97.78
7710,1628,8157,28.278
7711,8157,1628,28.278
7712,9514,1628,96.636
7713,1628,9514,96.636
7714,1629,9028,138.555
7715,9028,1629,138.555
7716,9037,1629,214.309
7717,1629,9037,214.309
7718,1629,5471,77.411
7719,5471,1629,77.411
7720,4025,1629,77.43
7721,1629,4025,77.43
7722,3253,1630,192.636
7723,1630,3253,192.636
7724,1630,9645,43.354
7725,9504,1630,53.556
7726,1631,8196,96.385
7727,1631,4979,178.70299999999995
7728,4979,1631,178.70299999999995
7729,9504,1631,36.196
7730,1631,9504,36.196
7731,2814,1631,66.279
7732,1632,1633,192.584
7733,1633,1632,192.584
7734,1632,3035,97.654
7735,3035,1632,97.654
7736,1632,8135,99.718
7737,1632,9370,98.004
7738,9370,1632,98.004
7739,3271,1632,30.373
7740,1633,9398,91.949
7741,9398,1633,91.949
7742,2807,1633,97.499
7743,1633,2807,97.499
7744,1634,4452,104.672
7745,4452,1634,104.672
7746,4451,1634,107.284
7747,1634,4451,107.284
7748,1634,1635,104.698
7749,1635,1634,104.698
7750,4958,1634,211.433
7751,1634,4958,211.433
7752,1635,4959,106.954
7753,1635,1636,104.73
7754,1636,1635,104.73
7755,5125,1635,104.46599999999998
7756,1636,1637,145.42400000000004
7757,1637,1636,145.42400000000004
7758,1636,5621,104.561
7759,4960,1636,106.957
7760,1637,2305,104.751
7761,2305,1637,104.751
7762,2304,1637,107.14
7763,1637,2304,107.14
7764,9879,1638,87.437
7765,1638,9879,87.437
7766,1638,1639,69.461
7767,5624,1638,105.082
7768,1639,2375,50.778
7769,2375,1639,50.778
7770,1639,5026,30.618
7771,1639,1640,69.536
7772,1640,4582,105.872
7773,1640,7610,58.881
7774,7610,1640,58.881
7775,8823,1640,31.655
7776,1641,8825,102.068
7777,8825,1641,102.068
7778,4964,1641,107.255
7779,1641,4964,107.255
7780,1641,1642,146.881
7781,1642,1641,146.881
7782,7610,1641,83.279
7783,1641,7610,83.279
7784,1642,4843,105.305
7785,4843,1642,105.305
7786,4842,1642,108.666
7787,1642,4842,108.666
7788,1642,1643,145.17899999999997
7789,1643,1642,145.17899999999997
7790,1643,7398,101.37
7791,7398,1643,101.37
7792,4390,1643,105.155
7793,1643,4390,105.155
7794,1643,1644,64.28999999999999
7795,1644,1643,64.28999999999999
7796,1645,8808,38.23
7797,8808,1645,38.23
7798,1646,7708,15.219
7799,7708,1646,15.219
7800,8808,1646,22.795
7801,1646,8808,22.795
7802,1646,2916,52.006
7803,2916,1646,52.006
7804,1647,7709,33.317
7805,7709,1647,33.317
7806,7710,1647,34.364
7807,1647,7710,34.364
7808,1647,1648,146.56
7809,1648,1647,146.56
7810,1648,1649,146.05100000000002
7811,1649,1648,146.05100000000002
7812,1648,5627,104.838
7813,5627,1648,104.838
7814,2494,1648,53.842
7815,1648,2494,53.842
7816,1649,1650,73.541
7817,1650,1649,73.541
7818,1649,7401,101.183
7819,7401,1649,101.183
7820,5628,1649,104.751
7821,1649,5628,104.751
7822,1650,6618,69.336
7823,6618,1650,69.336
7824,1650,1651,73.16
7825,1651,1650,73.16
7826,1651,1652,146.668
7827,1652,1651,146.668
7828,1651,5629,104.548
7829,5629,1651,104.548
7830,7821,1651,98.654
7831,1651,7821,98.654
7832,1652,6748,136.146
7833,6748,1652,136.146
7834,1652,3362,53.12700000000001
7835,3362,1652,53.12700000000001
7836,4436,1652,106.76
7837,1652,4436,106.76
7838,9770,1653,10.994
7839,1653,9770,10.994
7840,1653,4955,106.572
7841,1653,9536,136.457
7842,9536,1653,136.457
7843,5630,1653,105.372
7844,1654,1655,146.266
7845,1655,1654,146.266
7846,9536,1654,145.993
7847,1654,9536,145.993
7848,4619,1654,105.124
7849,1654,4619,105.124
7850,1654,4618,106.795
7851,4618,1654,106.795
7852,1655,1656,146.303
7853,1656,1655,146.303
7854,1655,5632,105.107
7855,5632,1655,105.107
7856,4954,1655,106.722
7857,1655,4954,106.722
7858,1656,8785,105.172
7859,8785,1656,105.172
7860,3742,1656,106.752
7861,1656,3742,106.752
7862,1657,4536,106.808
7863,4536,1657,106.808
7864,1657,1658,146.338
7865,1658,1657,146.338
7866,8788,1657,105.203
7867,1657,8788,105.203
7868,1658,4953,106.806
7869,4953,1658,106.806
7870,5633,1658,105.087
7871,1658,5633,105.087
7872,1658,1659,146.255
7873,1659,1658,146.255
7874,1659,4952,106.725
7875,4952,1659,106.725
7876,5634,1659,105.218
7877,1659,5634,105.218
7878,1659,1660,146.27700000000002
7879,1660,1659,146.27700000000002
7880,1660,8789,105.225
7881,8789,1660,105.225
7882,4951,1660,106.728
7883,1660,4951,106.728
7884,1660,1661,146.662
7885,1661,1660,146.662
7886,1661,8790,105.127
7887,8790,1661,105.127
7888,4950,1661,106.827
7889,1661,4950,106.827
7890,1661,1662,148.40599999999998
7891,1662,1661,148.40599999999998
7892,1662,4948,106.82699999999998
7893,4948,1662,106.82699999999998
7894,5328,1662,105.15
7895,1662,5328,105.15
7896,1662,1663,148.32399999999998
7897,1663,1662,148.32399999999998
7898,1663,1836,105.138
7899,1836,1663,105.138
7900,1663,1664,146.378
7901,1664,1663,146.378
7902,1664,8787,105.256
7903,8787,1664,105.256
7904,1664,1665,137.873
7905,1665,1664,137.873
7906,1666,1667,182.031
7907,1667,1666,182.031
7908,1666,7697,63.328
7909,7697,1666,63.328
7910,2148,1667,120.797
7911,1667,2148,120.797
7912,1667,1668,123.627
7913,1668,1667,123.627
7914,1667,5593,88.27000000000001
7915,5593,1667,88.27000000000001
7916,1668,1669,78.373
7917,1669,1668,78.373
7918,2147,1668,115.898
7919,1668,2147,115.898
7920,1669,1670,154.65800000000002
7921,1670,1669,154.65800000000002
7922,1669,6554,113.869
7923,6554,1669,113.869
7924,3301,1670,133.652
7925,1670,3301,133.652
7926,1670,1812,69.61500000000001
7927,1812,1670,69.61500000000001
7928,3031,1671,72.938
7929,1671,3031,72.938
7930,1671,8057,65.72000000000001
7931,8057,1671,65.72000000000001
7932,1671,3576,46.401
7933,3576,1671,46.401
7934,1672,1673,96.068
7935,1673,1672,96.068
7936,1672,3973,79.711
7937,3973,1672,79.711
7938,2585,1672,81.525
7939,1672,2585,81.525
7940,1673,3213,52.68
7941,3213,1673,52.68
7942,2585,1673,116.221
7943,1673,2585,116.221
7944,1674,1675,711.8119999999998
7945,1675,1674,711.8119999999998
7946,7488,1674,394.792
7947,1674,7488,394.792
7948,2477,1674,695.8480000000002
7949,1674,2477,695.8480000000002
7950,4863,1675,94.138
7951,1675,4863,94.138
7952,1675,6150,94.366
7953,6150,1675,94.366
7954,1675,6851,208.083
7955,6851,1675,208.083
7956,1676,1677,207.77
7957,1677,1676,207.77
7958,6895,1676,208.473
7959,1676,6895,208.473
7960,1676,2703,94.302
7961,2703,1676,94.302
7962,2702,1676,94.267
7963,1676,2702,94.267
7964,1677,1678,208.005
7965,1678,1677,208.005
7966,1677,5874,94.269
7967,5874,1677,94.269
7968,4864,1677,94.32999999999998
7969,1677,4864,94.32999999999998
7970,1678,8867,207.938
7971,8867,1678,207.938
7972,1678,6463,94.247
7973,6463,1678,94.247
7974,4865,1678,94.386
7975,1678,4865,94.386
7976,3523,1679,102.32599999999998
7977,1679,3523,102.32599999999998
7978,1679,6233,94.615
7979,6233,1679,94.615
7980,1679,8998,70.37
7981,8998,1679,70.37
7982,8992,1679,216.536
7983,1680,6974,21.883000000000003
7984,6974,1680,21.883000000000003
7985,8998,1680,67.661
7986,1680,8998,67.661
7987,1680,6466,84.612
7988,9017,1680,211.358
7989,1681,2177,94.67
7990,1681,6918,9.911
7991,6918,1681,9.911
7992,2176,1681,94.308
7993,1682,6117,94.61
7994,6117,1682,94.61
7995,4866,1682,94.355
7996,1682,4866,94.355
7997,1682,1683,207.795
7998,1683,1682,207.795
7999,6918,1682,204.532
8000,1682,6918,204.532
8001,1683,9420,66.61500000000001
8002,9420,1683,66.61500000000001
8003,9420,1683,71.077
8004,9418,1683,68.473
8005,1683,9418,68.473
8006,9418,1683,72.68
8007,1683,1684,207.738
8008,1684,1683,207.738
8009,1684,6464,94.501
8010,6464,1684,94.501
8011,4867,1684,94.43
8012,1684,4867,94.43
8013,1685,4204,94.381
8014,4204,1685,94.381
8015,4203,1685,94.506
8016,1685,4203,94.506
8017,1686,3925,94.272
8018,3925,1686,94.272
8019,3924,1686,94.589
8020,1686,3924,94.589
8021,1686,1687,207.294
8022,1687,1686,207.294
8023,4363,1687,94.627
8024,1687,4363,94.627
8025,1687,4364,94.21200000000002
8026,4364,1687,94.21200000000002
8027,1687,1688,207.717
8028,1688,1687,207.717
8029,4868,1688,94.664
8030,1688,4868,94.664
8031,1688,6168,94.153
8032,6168,1688,94.153
8033,1688,1689,207.861
8034,1689,1688,207.861
8035,1689,2895,94.086
8036,2895,1689,94.086
8037,2894,1689,94.711
8038,1689,2894,94.711
8039,4869,1690,94.786
8040,1690,4869,94.786
8041,6465,1690,93.986
8042,1690,6465,93.986
8043,1690,1691,207.86
8044,1691,1690,207.86
8045,1691,6056,94.084
8046,6056,1691,94.084
8047,4870,1691,94.657
8048,1691,4870,94.657
8049,1691,1692,207.206
8050,1692,1691,207.206
8051,1692,8992,149.37
8052,1692,4871,96.298
8053,4871,1692,96.298
8054,5400,1692,92.431
8055,1692,5400,92.431
8056,1693,1694,37.065000000000005
8057,1694,1693,37.065000000000005
8058,1693,1910,95.906
8059,1910,1693,95.906
8060,1909,1693,54.851
8061,1693,1909,54.851
8062,3426,1693,36.503
8063,1693,3426,36.503
8064,2111,1695,35.623
8065,1695,2111,35.623
8066,1695,1696,80.687
8067,1696,1695,80.687
8068,1695,6075,186.577
8069,6075,1695,186.577
8070,7751,1695,190.439
8071,1695,7751,190.439
8072,1696,1697,82.59800000000001
8073,1697,1696,82.59800000000001
8074,1696,8152,199.858
8075,8152,1696,199.858
8076,5032,1696,217.428
8077,1696,5032,217.428
8078,1697,1698,79.00800000000001
8079,1698,1697,79.00800000000001
8080,1697,8154,220.684
8081,8154,1697,220.684
8082,5033,1697,196.82700000000003
8083,1697,5033,196.82700000000003
8084,1698,1699,79.029
8085,1699,1698,79.029
8086,1698,2720,221.733
8087,2720,1698,221.733
8088,2719,1698,195.989
8089,1698,2719,195.989
8090,1699,8163,222.286
8091,8163,1699,222.286
8092,8155,1699,195.665
8093,1699,8155,195.665
8094,2287,1700,196.889
8095,1700,2287,196.889
8096,1700,1701,79.333
8097,1701,1700,79.333
8098,1700,8161,221.51
8099,8161,1700,221.51
8100,1701,1702,79.024
8101,1702,1701,79.024
8102,1701,8153,222.09
8103,8153,1701,222.09
8104,5034,1701,196.892
8105,1701,5034,196.892
8106,1702,1703,79.00500000000001
8107,1703,1702,79.00500000000001
8108,1702,8159,222.6
8109,8159,1702,222.6
8110,5035,1702,196.958
8111,1702,5035,196.958
8112,1703,1704,80.889
8113,1704,1703,80.889
8114,1703,8156,223.67
8115,8156,1703,223.67
8116,5036,1703,196.459
8117,1703,5036,196.459
8118,5037,1704,196.511
8119,1704,5037,196.511
8120,1704,2311,224.906
8121,2311,1704,224.906
8122,1704,9815,40.35
8123,9815,1704,40.35
8124,1705,6239,221.169
8125,9815,1705,22.791
8126,9816,1705,6.455
8127,1706,3506,52.116
8128,3506,1706,52.116
8129,3745,1706,51.799
8130,1706,3745,51.799
8131,1707,4539,51.787000000000006
8132,4539,1707,51.787000000000006
8133,3507,1707,52.192
8134,1707,3507,52.192
8135,1708,5644,28.208
8136,5644,1708,28.208
8137,5643,1708,8.728
8138,1708,5643,8.728
8139,1708,1709,179.763
8140,1709,1708,179.763
8141,1709,9850,111.821
8142,9850,1709,111.821
8143,3539,1709,80.11999999999999
8144,1709,3539,80.11999999999999
8145,1710,1711,46.865
8146,1711,1710,46.865
8147,1710,1774,68.428
8148,7017,1710,13.16
8149,1710,7017,13.16
8150,1711,1712,45.82
8151,1712,1711,45.82
8152,2828,1711,199.21000000000004
8153,1711,2828,199.21000000000004
8154,1712,1713,33.087
8155,1713,1712,33.087
8156,1712,4499,155.80800000000002
8157,4499,1712,155.80800000000002
8158,1713,1714,46.48
8159,1714,1713,46.48
8160,4857,1713,199.197
8161,1713,4857,199.197
8162,1714,1715,31.005
8163,1715,1714,31.005
8164,1714,3755,157.083
8165,3755,1714,157.083
8166,1715,1716,49.474
8167,1716,1715,49.474
8168,4858,1715,199.091
8169,1715,4858,199.091
8170,1716,4500,156.893
8171,4500,1716,156.893
8172,1717,4502,158.634
8173,4502,1717,158.634
8174,1717,1718,75.087
8175,1718,1717,75.087
8176,1718,7685,5.375
8177,7685,1718,5.375
8178,7934,1718,189.351
8179,4631,1719,79.487
8180,1719,4631,79.487
8181,7684,1719,74.649
8182,1719,7684,74.649
8183,1719,1720,81.459
8184,1720,1719,81.459
8185,4915,1720,141.578
8186,1720,4915,141.578
8187,1720,3895,138.407
8188,3895,1720,138.407
8189,1720,1721,76.731
8190,1721,1720,76.731
8191,1721,4916,56.44
8192,4916,1721,56.44
8193,1721,1722,14.576
8194,1722,1721,14.576
8195,4915,1722,164.567
8196,7688,1723,55.574
8197,1723,7688,55.574
8198,5881,1723,158.39
8199,1723,5881,158.39
8200,1723,1724,52.906
8201,1724,1723,52.906
8202,7682,1724,145.217
8203,1724,7682,145.217
8204,9168,1725,34.81
8205,1725,9168,34.81
8206,1725,2861,33.758
8207,2861,1725,33.758
8208,2860,1725,106.334
8209,1725,2860,106.334
8210,1726,1727,16.515
8211,1726,1761,94.793
8212,1753,1726,14.703
8213,1726,1753,14.703
8214,1754,1726,57.422
8215,1727,9382,157.736
8216,4456,1727,89.99799999999999
8217,1728,7133,116.752
8218,1728,7025,15.427
8219,8206,1728,25.563
8220,9382,1728,14.542
8221,1729,7942,19.155
8222,1729,1730,316.679
8223,7133,1729,13.805
8224,7938,1729,98.85399999999998
8225,1730,8313,131.651
8226,1730,7386,18.339
8227,7386,1730,18.339
8228,8627,1730,81.32200000000002
8229,1730,8627,81.32200000000002
8230,1731,7027,13.634
8231,7027,1731,13.634
8232,1731,9366,137.642
8233,9368,1731,137.10199999999998
8234,3995,1732,75.024
8235,1732,3995,75.024
8236,1732,7029,13.736
8237,7029,1732,13.736
8238,1732,1733,141.92700000000002
8239,8312,1732,135.67800000000005
8240,1733,7030,18.72
8241,7030,1733,18.72
8242,4834,1733,73.261
8243,1733,4834,73.261
8244,1733,1734,285.5719999999999
8245,9632,1734,81.446
8246,1734,9632,81.446
8247,1734,7031,13.399
8248,7031,1734,13.399
8249,1734,1735,284.64900000000006
8250,1735,7032,18.276
8251,7032,1735,18.276
8252,4833,1735,78.399
8253,1735,4833,78.399
8254,7383,1736,19.27
8255,7480,1736,206.722
8256,1737,9351,137.55900000000003
8257,1737,8599,106.921
8258,8599,1737,106.921
8259,8599,1737,105.172
8260,9887,1737,112.927
8261,1737,9887,112.927
8262,1738,7214,69.37899999999999
8263,7214,1738,69.37899999999999
8264,9351,1738,30.752
8265,1738,9351,30.752
8266,5986,1738,266.718
8267,1739,1740,192.387
8268,3492,1739,276.647
8269,1739,3492,276.647
8270,1739,9808,65.787
8271,9808,1739,65.787
8272,7216,1739,105.927
8273,1740,1741,39.855
8274,1740,3349,138.809
8275,3349,1740,138.809
8276,2937,1740,66.08500000000001
8277,1740,2937,66.08500000000001
8278,5651,1741,137.583
8279,1741,5651,137.583
8280,5652,1742,137.255
8281,1742,5652,137.255
8282,1743,9296,44.901
8283,3490,1743,277.357
8284,1743,3490,277.357
8285,7788,1743,268.711
8286,9861,1744,134.449
8287,1744,9861,134.449
8288,1744,1745,65.95700000000001
8289,9298,1744,9.202
8290,9740,1744,271.76200000000006
8291,1745,3598,119.916
8292,1745,1746,195.109
8293,3597,1745,136.622
8294,1745,3597,136.622
8295,1746,9463,4.013
8296,1746,9200,65.19
8297,9127,1746,13.2
8298,4410,1747,148.14700000000002
8299,1747,4410,148.14700000000002
8300,1747,1748,124.359
8301,9463,1747,61.134
8302,1748,1749,128.341
8303,1748,2429,277.31
8304,2428,1748,136.86700000000002
8305,1749,3766,187.864
8306,1749,1750,66.801
8307,1750,5512,94.88
8308,5512,1750,94.88
8309,1750,1751,65.93100000000001
8310,1750,5981,278.356
8311,5981,1750,279.087
8312,1751,1752,55.342
8313,2462,1751,93.036
8314,1751,2462,93.036
8315,1752,2462,147.98100000000002
8316,1752,3681,111.31600000000002
8317,3681,1752,111.31600000000002
8318,1752,4972,116.927
8319,1753,3900,84.387
8320,3900,1753,84.387
8321,1754,1753,59.654
8322,7381,1754,30.19
8323,1782,1755,87.978
8324,6996,1755,16.750999999999998
8325,1756,1757,90.716
8326,6998,1756,17.048000000000002
8327,1756,6998,17.048000000000002
8328,1757,1758,25.571
8329,6999,1757,15.031
8330,1758,5746,51.67
8331,1758,7920,55.64200000000001
8332,7001,1759,15.683
8333,1759,7001,15.683
8334,1759,7919,67.963
8335,7919,1759,67.963
8336,1759,7382,85.03500000000001
8337,7920,1759,89.46699999999998
8338,6207,1760,94.074
8339,1760,6207,94.074
8340,1760,7001,84.112
8341,1760,7382,14.871
8342,7382,1760,14.871
8343,1761,4459,20.581
8344,1761,3900,44.512
8345,3900,1761,44.512
8346,1761,1762,90.659
8347,4456,1761,19.213
8348,7002,1762,16.994
8349,1762,7002,16.994
8350,1762,3686,75.888
8351,3686,1762,75.888
8352,1762,1763,92.363
8353,7003,1763,15.211000000000002
8354,1763,7003,15.211000000000002
8355,1763,1764,90.209
8356,1763,3901,108.629
8357,3901,1763,108.629
8358,1764,3902,138.211
8359,3902,1764,138.211
8360,7004,1764,19.059
8361,1764,7004,19.059
8362,1764,1765,90.999
8363,3903,1765,170.185
8364,1765,3903,170.185
8365,7005,1765,17.531
8366,1765,7005,17.531
8367,7007,1766,14.758
8368,1766,7007,14.758
8369,1766,1767,92.169
8370,1766,5539,30.85
8371,5539,1766,30.85
8372,7008,1767,13.697
8373,1767,7008,13.697
8374,1767,5540,62.370000000000005
8375,5540,1767,62.370000000000005
8376,1768,7010,13.402
8377,7010,1768,13.402
8378,5541,1768,124.61
8379,1768,5541,124.61
8380,1768,1769,90.82300000000002
8381,7011,1769,14.974
8382,1769,7011,14.974
8383,1769,5542,155.542
8384,5542,1769,155.542
8385,1769,1770,90.996
8386,7012,1770,15.299
8387,1770,7012,15.299
8388,1770,1771,91.682
8389,1770,5543,188.137
8390,5543,1770,188.137
8391,1771,1772,94.543
8392,7013,1771,14.513
8393,1771,7013,14.513
8394,9381,1771,19.061
8395,1771,9381,19.061
8396,7014,1772,14.56
8397,1772,7014,14.56
8398,1772,1773,95.642
8399,1772,9211,10.711
8400,9211,1772,10.711
8401,7015,1773,13.868
8402,1774,1775,90.812
8403,7019,1774,15.742
8404,1775,4499,75.70599999999999
8405,4499,1775,75.70599999999999
8406,7018,1775,16.182
8407,1775,7018,16.182
8408,1775,1776,83.03799999999998
8409,1776,8046,9.519
8410,7021,1776,17.62
8411,1776,7021,17.62
8412,1776,3912,44.719
8413,3912,1776,44.719
8414,1777,1778,89.15899999999999
8415,7020,1777,16.289
8416,1777,7020,16.289
8417,1777,3670,23.662
8418,3670,1777,23.662
8419,8046,1777,80.67099999999999
8420,7023,1778,14.052
8421,1778,7023,14.052
8422,1778,1779,87.589
8423,1778,6029,50.903
8424,6029,1778,50.903
8425,1779,7022,16.325
8426,6029,1779,498.886
8427,1779,6029,498.886
8428,1779,1780,87.95
8429,1780,8653,181.518
8430,8653,1780,181.518
8431,1780,1781,96.328
8432,7024,1780,19.57
8433,1780,7024,19.57
8434,1781,1782,89.622
8435,1785,1781,17.005
8436,9875,1782,13.523
8437,1783,5062,41.551
8438,1783,7005,43.964
8439,7006,1783,47.037
8440,1784,7018,45.605
8441,1784,5547,44.402
8442,7021,1784,43.922
8443,5214,1785,56.07899999999999
8444,1785,5214,56.07899999999999
8445,1785,7024,90.314
8446,9875,1785,89.588
8447,1786,1787,57.558
8448,1787,1786,57.558
8449,1786,2613,52.282
8450,2613,1786,52.282
8451,2612,1786,27.991
8452,1786,2612,27.991
8453,1787,1788,54.41
8454,1788,1787,54.41
8455,1787,5942,130.499
8456,5942,1787,130.499
8457,5548,1787,131.832
8458,1787,5548,131.832
8459,1788,1789,54.402
8460,1789,1788,54.402
8461,1788,5278,130.074
8462,5277,1788,131.754
8463,1789,1790,54.577
8464,1790,1789,54.577
8465,1789,5862,129.651
8466,5862,1789,129.651
8467,5549,1789,131.677
8468,1789,5549,131.677
8469,1790,1791,55.195
8470,1791,1790,55.195
8471,1790,5943,129.245
8472,5943,1790,129.245
8473,5550,1790,131.595
8474,1790,5550,131.595
8475,1791,1792,54.674
8476,1792,1791,54.674
8477,1791,3557,128.825
8478,3557,1791,128.825
8479,3556,1791,131.52100000000002
8480,1791,3556,131.52100000000002
8481,1792,1793,54.569
8482,1793,1792,54.569
8483,1792,1924,128.416
8484,1924,1792,128.416
8485,1923,1792,131.442
8486,1793,2472,131.369
8487,2473,1793,127.987
8488,1794,8331,218.92300000000003
8489,1794,3389,32.973
8490,3389,1794,32.973
8491,8330,1794,222.895
8492,1796,1797,151.79
8493,1797,1796,151.79
8494,1796,6199,52.90599999999999
8495,6199,1796,52.90599999999999
8496,1797,1798,37.735
8497,1798,1797,37.735
8498,1797,6200,88.61999999999999
8499,6200,1797,88.61999999999999
8500,1799,1801,115.586
8501,1801,1799,115.586
8502,1799,1800,31.518
8503,1800,1799,137.355
8504,1802,1800,114.454
8505,1800,1802,114.454
8506,1801,1802,157.027
8507,1802,1801,157.027
8508,4806,1801,39.19499999999999
8509,1801,4806,39.19499999999999
8510,1802,4807,39.972
8511,4807,1802,39.972
8512,1803,3886,103.788
8513,3886,1803,103.788
8514,6311,1803,86.017
8515,1803,6311,86.017
8516,1803,1804,193.444
8517,1804,1803,193.444
8518,1804,1805,263.133
8519,1805,1804,263.133
8520,1804,6108,76.894
8521,6108,1804,76.894
8522,3887,1804,76.17699999999999
8523,1804,3887,76.17699999999999
8524,1805,8227,71.89
8525,8227,1805,71.89
8526,8227,1805,76.284
8527,3778,1805,73.824
8528,1805,3778,73.824
8529,3778,1805,77.24100000000001
8530,7674,1806,167.788
8531,1806,7674,167.788
8532,2220,1806,387.425
8533,1806,2220,387.425
8534,1806,7852,182.603
8535,7852,1806,182.603
8536,1807,1808,70.87700000000001
8537,1808,1807,70.87700000000001
8538,5786,1807,68.38799999999999
8539,1807,5786,68.38799999999999
8540,1808,3292,65.619
8541,3292,1808,65.619
8542,1808,1809,347.47099999999995
8543,1809,3292,322.031
8544,8342,1809,89.548
8545,1809,8342,89.548
8546,1810,1811,105.105
8547,1810,3096,40.962
8548,3096,1810,40.962
8549,3095,1810,28.491
8550,1810,3095,28.491
8551,1811,4046,40.943
8552,4046,1811,40.943
8553,4045,1811,22.864
8554,1811,4045,22.864
8555,1812,9121,145.985
8556,9121,1812,145.985
8557,5159,1812,73.33200000000001
8558,1812,5159,73.33200000000001
8559,3078,1813,157.216
8560,1813,3078,157.216
8561,1813,8630,63.518
8562,8630,1813,63.518
8563,9121,1813,38.406
8564,1813,9121,38.406
8565,4797,1814,166.775
8566,1814,4797,166.775
8567,7142,1814,144.392
8568,1814,7142,144.392
8569,1814,1815,104.998
8570,1815,1814,104.998
8571,1814,4488,144.856
8572,4488,1814,144.856
8573,7143,1815,144.414
8574,1815,7143,144.414
8575,1815,5172,146.042
8576,5172,1815,146.042
8577,1815,1816,104.81
8578,1816,1815,104.81
8579,1816,7144,144.37999999999997
8580,1816,1817,105.124
8581,1817,1816,105.124
8582,2926,1816,146.076
8583,1817,5173,146.04000000000002
8584,1817,1818,104.91
8585,1818,1817,104.91
8586,7145,1817,144.336
8587,1818,7146,144.296
8588,7146,1818,144.296
8589,4298,1818,146.097
8590,1818,4298,146.097
8591,1818,1819,105.041
8592,1819,1818,105.041
8593,1819,5174,146.291
8594,5174,1819,146.291
8595,7147,1819,144.375
8596,1819,7147,144.375
8597,1820,5175,146.73800000000003
8598,5175,1820,146.73800000000003
8599,8596,1820,144.198
8600,1820,8596,144.198
8601,1820,1821,104.59
8602,1821,1820,104.59
8603,1821,7149,144.67299999999997
8604,7149,1821,144.67299999999997
8605,1821,1822,105.289
8606,1822,1821,105.289
8607,2651,1821,146.248
8608,1821,2651,146.248
8609,1822,1823,104.589
8610,1823,1822,104.589
8611,1822,6238,49.835
8612,6238,1822,49.835
8613,7150,1822,144.173
8614,1822,7150,144.173
8615,1823,7151,144.117
8616,7151,1823,144.117
8617,1823,1824,104.955
8618,1824,1823,104.955
8619,1824,4945,49.261
8620,4945,1824,49.261
8621,1824,1825,107.05
8622,1825,1824,107.05
8623,7152,1824,144.111
8624,1824,7152,144.111
8625,1825,8910,57.024
8626,7153,1825,144.08800000000002
8627,1825,7153,144.08800000000002
8628,8911,1825,52.693
8629,1826,1827,106.33
8630,1827,1826,106.33
8631,1826,6682,146.41600000000005
8632,5325,1826,144.398
8633,1827,7154,144.494
8634,7154,1827,144.494
8635,3250,1827,146.303
8636,1827,3250,146.303
8637,1827,8802,104.719
8638,8802,1827,104.719
8639,8802,1828,104.71299999999998
8640,1828,8802,104.71299999999998
8641,1828,1829,104.763
8642,1829,1828,104.763
8643,1828,7156,144.63700000000003
8644,3821,1828,146.09599999999998
8645,1829,5165,146.119
8646,7158,1829,144.578
8647,1830,2532,146.156
8648,2532,1830,146.156
8649,8822,1830,148.257
8650,1830,8822,148.257
8651,1830,1831,99.16899999999998
8652,1831,1830,99.16899999999998
8653,1831,5166,146.174
8654,5166,1831,146.174
8655,5180,1831,148.32600000000002
8656,1831,5180,148.32600000000002
8657,1831,1832,98.875
8658,1832,1831,98.875
8659,1832,5167,146.20600000000002
8660,5167,1832,146.20600000000002
8661,5326,1832,148.393
8662,1832,5326,148.393
8663,1832,1833,99.101
8664,1833,1832,99.101
8665,1833,5168,146.223
8666,5168,1833,146.223
8667,5231,1833,148.464
8668,1833,5231,148.464
8669,1833,1834,98.795
8670,1834,1833,98.795
8671,1834,1835,104.123
8672,1835,1834,104.123
8673,1834,5169,146.24599999999998
8674,5169,1834,146.24599999999998
8675,5327,1834,148.489
8676,1834,5327,148.489
8677,1835,4947,146.263
8678,4947,1835,146.263
8679,4948,1835,148.471
8680,1835,4948,148.471
8681,1836,1837,105.063
8682,1837,1836,105.063
8683,1836,8787,146.481
8684,8787,1836,146.481
8685,5328,1836,148.18200000000002
8686,1836,5328,148.18200000000002
8687,1837,1838,104.973
8688,1838,1837,104.973
8689,1837,3123,146.472
8690,3123,1837,146.472
8691,3122,1837,148.204
8692,1837,3122,148.204
8693,1838,1839,105.111
8694,1839,1838,105.111
8695,1838,4069,146.459
8696,4069,1838,146.459
8697,4068,1838,148.238
8698,1838,4068,148.238
8699,1839,7273,94.668
8700,7273,1839,94.668
8701,1839,5089,146.509
8702,5089,1839,146.509
8703,5088,1839,148.202
8704,1839,5088,148.202
8705,7273,1840,12.286
8706,1840,7273,12.286
8707,1840,1841,102.418
8708,1841,1840,102.418
8709,1840,7658,28.520000000000003
8710,7278,1840,148.35799999999998
8711,1841,9867,94.342
8712,9867,1841,94.342
8713,3513,1841,148.243
8714,1841,3513,148.243
8715,1841,1842,105.335
8716,1842,1841,105.335
8717,1842,8754,146.41899999999998
8718,8754,1842,146.41899999999998
8719,2011,1842,148.20499999999998
8720,1842,2011,148.20499999999998
8721,1843,8763,146.394
8722,8763,1843,146.394
8723,4905,1843,148.121
8724,1843,4905,148.121
8725,1844,5171,146.393
8726,5171,1844,146.393
8727,5329,1844,148.03199999999998
8728,1844,5329,148.03199999999998
8729,1844,7858,106.078
8730,7858,1844,106.078
8731,4660,1845,93.414
8732,1845,4660,93.414
8733,1846,1845,126.133
8734,1846,4661,73.702
8735,5331,1846,196.042
8736,1847,3517,207.505
8737,3517,1847,207.505
8738,2577,1847,99.972
8739,1847,2577,99.972
8740,1848,1849,90.68200000000002
8741,1849,1848,90.68200000000002
8742,1848,6215,199.217
8743,6215,1848,199.217
8744,8566,1848,34.256
8745,1848,8566,34.256
8746,1848,6435,133.321
8747,6435,1848,133.321
8748,1849,8245,109.146
8749,8245,1849,109.146
8750,5560,1849,200.679
8751,1849,5560,200.679
8752,1850,1851,40.12
8753,1851,1850,40.12
8754,1850,5956,200.339
8755,5956,1850,200.339
8756,4890,1850,200.33
8757,1850,4890,200.33
8758,1852,1853,82.397
8759,1853,1852,82.397
8760,1852,4891,200.467
8761,4891,1852,200.467
8762,4993,1852,263.056
8763,1852,4993,263.056
8764,1853,8451,42.355
8765,8451,1853,42.355
8766,1853,6327,401.165
8767,6327,1853,401.165
8768,4892,1853,201.793
8769,1853,4892,201.793
8770,1854,4111,133.009
8771,4111,1854,133.009
8772,4893,1854,202.771
8773,1854,4893,202.771
8774,1855,1856,72.214
8775,1855,9277,73.176
8776,6787,1855,73.518
8777,1856,3247,73.33
8778,3247,1856,73.33
8779,9279,1856,73.167
8780,1856,9279,73.167
8781,1857,4998,29.784
8782,4998,1857,29.784
8783,1857,1858,90.583
8784,1870,1857,251.50200000000004
8785,1859,1858,24.863
8786,1858,1859,24.863
8787,1858,6315,51.63
8788,6315,1858,51.63
8789,1858,1864,92.03399999999998
8790,1859,2990,139.731
8791,1859,1860,90.778
8792,7160,1859,91.746
8793,1860,1861,91.676
8794,2991,1860,139.816
8795,1860,2991,139.816
8796,2992,1861,139.609
8797,1861,2992,139.609
8798,1861,1862,90.79
8799,2993,1862,139.11
8800,1862,2993,139.11
8801,1862,1870,81.658
8802,1865,1863,25.685
8803,1863,1865,25.685
8804,1863,1868,91.73
8805,7160,1864,25.552
8806,1864,7160,25.552
8807,1864,2283,77.548
8808,2283,1864,77.548
8809,1865,7160,183.661
8810,7161,1865,91.444
8811,7163,1866,25.884
8812,1866,7163,25.884
8813,1866,4568,115.255
8814,4568,1866,115.255
8815,1866,1869,90.801
8816,1867,1866,90.654
8817,7162,1867,25.825
8818,1867,7162,25.825
8819,1867,3071,115.388
8820,3071,1867,115.388
8821,1868,1867,91.469
8822,1868,7161,25.635
8823,7161,1868,25.635
8824,7497,1868,69.79700000000001
8825,1868,7497,69.79700000000001
8826,9810,1869,25.464
8827,1869,9810,25.464
8828,1869,2866,117.906
8829,2866,1869,117.906
8830,1871,1872,34.835
8831,1872,1871,34.835
8832,1872,1873,92.069
8833,1873,1872,92.069
8834,1872,2561,140.458
8835,2561,1872,140.458
8836,2861,1872,140.813
8837,1872,2861,140.813
8838,1873,1874,91.596
8839,1874,1873,91.596
8840,4566,1873,140.445
8841,1873,4566,140.445
8842,1873,2562,140.757
8843,2562,1873,140.757
8844,1874,1875,91.354
8845,1875,1874,91.354
8846,3067,1874,140.772
8847,1874,3067,140.772
8848,2564,1875,140.585
8849,1875,2564,140.585
8850,1875,4563,140.276
8851,4563,1875,140.276
8852,1876,7649,43.544
8853,7649,1876,43.544
8854,1876,2279,140.41
8855,2279,1876,140.41
8856,2278,1876,140.445
8857,1876,2278,140.445
8858,6502,1877,286.262
8859,1877,6502,286.262
8860,1877,2566,167.248
8861,2566,1877,167.248
8862,6501,1877,108.621
8863,1877,6501,108.621
8864,1878,2570,141.634
8865,2570,1878,141.634
8866,5115,1878,140.495
8867,1878,5115,140.495
8868,1878,1879,90.938
8869,1879,1878,90.938
8870,1879,2571,140.733
8871,2571,1879,140.733
8872,3689,1879,140.384
8873,1879,3689,140.384
8874,6503,1880,141.629
8875,1880,6503,141.629
8876,1880,1881,93.013
8877,1881,1880,93.013
8878,3167,1881,136.481
8879,1881,3167,136.481
8880,1881,1882,90.498
8881,1882,1881,90.498
8882,6504,1882,138.104
8883,1882,6504,138.104
8884,2124,1882,133.95100000000002
8885,1882,2124,133.95100000000002
8886,8581,1883,99.495
8887,1883,8581,99.495
8888,8582,1883,215.423
8889,1883,8582,215.423
8890,5068,1883,415.26499999999993
8891,1883,5068,415.26499999999993
8892,1883,1884,96.809
8893,1884,1883,96.809
8894,1883,2214,133.213
8895,2214,1883,133.213
8896,1884,6061,121.228
8897,6061,1884,121.228
8898,1884,8089,8.114
8899,8089,1884,8.114
8900,7259,1885,10.701
8901,1885,7259,10.701
8902,1885,1886,79.985
8903,1886,1885,79.985
8904,1885,2727,104.07
8905,2726,1885,178.036
8906,1886,1887,79.095
8907,1887,1886,79.095
8908,1886,6255,178.584
8909,6255,1886,178.584
8910,6254,1886,177.93300000000002
8911,1886,6254,177.93300000000002
8912,1887,4809,178.55700000000002
8913,4809,1887,178.55700000000002
8914,4808,1887,179.768
8915,1887,4808,179.768
8916,1888,1889,78.531
8917,1889,1888,78.531
8918,1888,4597,178.0
8919,4597,1888,178.0
8920,4596,1888,180.967
8921,1888,4596,180.967
8922,1889,1890,82.784
8923,1890,1889,82.784
8924,1889,4737,177.947
8925,4737,1889,177.947
8926,4736,1889,178.572
8927,1889,4736,178.572
8928,1890,3616,178.249
8929,3616,1890,178.249
8930,3615,1890,178.278
8931,1890,3615,178.278
8932,1891,3583,178.683
8933,3583,1891,178.683
8934,3584,1891,178.143
8935,1891,3584,178.143
8936,1891,1892,95.689
8937,1892,1891,95.689
8938,1892,1893,96.164
8939,1893,1892,96.164
8940,1892,6496,178.08099999999996
8941,6496,1892,178.08099999999996
8942,6350,1892,178.65499999999997
8943,1892,6350,178.65499999999997
8944,1893,4982,177.859
8945,4982,1893,177.859
8946,1893,1894,96.796
8947,1894,1893,96.796
8948,8476,1893,178.909
8949,1893,8476,178.909
8950,1894,1895,95.704
8951,1895,1894,95.704
8952,1894,9818,167.85
8953,9818,1894,167.85
8954,1895,6351,177.651
8955,6351,1895,177.651
8956,6425,1895,178.476
8957,1895,6425,178.476
8958,1895,1896,67.648
8959,1896,1895,67.648
8960,1896,1897,29.237
8961,1897,1896,29.237
8962,1896,3797,178.137
8963,5660,1897,178.279
8964,1898,1899,93.963
8965,1899,1898,93.963
8966,1898,3716,178.739
8967,7463,1898,88.60000000000001
8968,1899,6228,178.716
8969,6228,1899,178.716
8970,1899,7057,98.096
8971,7057,1899,98.096
8972,1900,2592,178.74599999999998
8973,2592,1900,178.74599999999998
8974,1900,1901,96.814
8975,1901,1900,96.814
8976,1901,1902,195.865
8977,1902,1901,195.865
8978,1901,3642,90.108
8979,3642,1901,90.108
8980,3641,1901,90.033
8981,1901,3641,90.033
8982,1902,3047,89.42099999999999
8983,3047,1902,89.42099999999999
8984,3046,1902,112.86200000000002
8985,1902,3046,112.86200000000002
8986,1902,1903,145.575
8987,1903,1902,145.575
8988,1903,1904,48.61
8989,1904,1903,48.61
8990,3046,1903,192.619
8991,1903,3046,192.619
8992,1904,6077,88.448
8993,6077,1904,88.448
8994,4971,1904,88.241
8995,1904,4971,88.241
8996,8593,1905,91.407
8997,1905,8593,91.407
8998,1905,8581,39.788
8999,8581,1905,39.788
9000,3024,1905,177.983
9001,1905,3024,177.983
9002,1906,1907,42.315
9003,1907,1906,42.315
9004,1906,2273,182.577
9005,2417,1906,104.56
9006,5842,1906,111.438
9007,1907,6970,9.718
9008,6970,1907,9.718
9009,1907,3136,167.492
9010,8660,1907,240.617
9011,3694,1908,159.659
9012,1908,3694,159.659
9013,3782,1908,223.605
9014,1909,5130,32.149
9015,5130,1909,32.149
9016,4446,1909,51.743
9017,1909,4446,51.743
9018,1910,5038,32.352000000000004
9019,5038,1910,32.352000000000004
9020,1910,1911,38.671
9021,1911,1910,38.671
9022,1911,4135,24.675
9023,4135,1911,24.675
9024,1911,1912,30.573
9025,1912,1911,30.573
9026,1912,8558,9.912
9027,8558,1912,9.912
9028,1912,8557,54.206
9029,1913,5895,80.654
9030,5895,1913,80.654
9031,1913,1914,111.157
9032,1914,1913,111.157
9033,8558,1913,99.814
9034,1913,8558,99.814
9035,4877,1914,32.472
9036,1914,4877,32.472
9037,1914,2274,129.74
9038,2274,1914,129.74
9039,1915,1916,99.644
9040,1916,1915,99.644
9041,1915,2907,58.978
9042,2907,1915,58.978
9043,7841,1915,101.862
9044,1915,7841,101.862
9045,1916,1917,204.444
9046,1917,1916,204.444
9047,1916,5584,155.893
9048,5584,1916,155.893
9049,1917,1918,119.529
9050,1918,1917,119.529
9051,1917,5584,107.55100000000002
9052,5584,1917,107.55100000000002
9053,3953,1917,137.255
9054,1917,3953,137.255
9055,1918,1919,161.91
9056,1919,1918,161.91
9057,1918,5581,66.279
9058,5581,1918,66.279
9059,1919,1920,161.397
9060,1920,1919,161.397
9061,1919,3298,92.424
9062,3298,1919,92.424
9063,3297,1919,87.01299999999999
9064,1919,3297,87.01299999999999
9065,1920,5582,103.768
9066,5582,1920,103.768
9067,3952,1920,69.523
9068,1920,3952,69.523
9069,1921,1922,113.392
9070,1929,1921,108.741
9071,1921,1929,108.741
9072,1921,2470,71.751
9073,2470,1921,71.751
9074,3009,1921,68.494
9075,1921,3009,68.494
9076,1922,1923,138.476
9077,1922,3555,56.454
9078,3555,1922,56.454
9079,2471,1922,54.746
9080,1922,2471,54.746
9081,1923,2472,54.486
9082,2472,1923,54.486
9083,3556,1923,54.662
9084,1923,3556,54.662
9085,1924,1925,85.3
9086,1925,1924,85.3
9087,1924,2473,54.806
9088,2473,1924,54.806
9089,3557,1924,54.629
9090,1924,3557,54.629
9091,1926,1927,33.475
9092,1927,1926,33.475
9093,2468,1927,54.369
9094,1927,2468,54.369
9095,1927,3553,87.271
9096,3553,1927,87.271
9097,1928,1929,131.518
9098,1929,1928,131.518
9099,1928,7515,32.335
9100,7515,1928,32.335
9101,9260,1928,30.62
9102,1928,9260,30.62
9103,1929,9529,52.542
9104,9529,1929,52.542
9105,3554,1929,55.987
9106,1929,3554,55.987
9107,1930,1931,163.829
9108,1931,1930,163.829
9109,5069,1930,76.582
9110,1930,5069,76.582
9111,1931,4749,76.74
9112,4749,1931,76.74
9113,6259,1931,73.376
9114,1931,6259,73.376
9115,6569,1932,135.093
9116,1932,6569,135.093
9117,1932,1933,307.158
9118,1933,1932,307.158
9119,1932,2293,99.503
9120,2293,1932,99.503
9121,1932,9704,78.298
9122,9704,1932,78.298
9123,1933,8073,270.224
9124,8073,1933,270.224
9125,6569,1933,372.629
9126,1933,6569,372.629
9127,6401,1934,76.084
9128,1934,6401,76.084
9129,1935,1936,53.872
9130,1936,1935,53.872
9131,1935,6319,27.131
9132,6319,1935,27.131
9133,1937,1935,39.982
9134,1935,1937,39.982
9135,1937,1938,71.72800000000001
9136,1938,1937,71.72800000000001
9137,6320,1937,67.845
9138,1937,6320,67.845
9139,1939,1940,65.232
9140,1940,1939,65.232
9141,1939,4176,56.415
9142,4176,1939,56.415
9143,5266,1939,45.831
9144,1939,5266,45.831
9145,1941,1942,27.549
9146,1942,1941,27.549
9147,1941,5715,61.885000000000005
9148,5715,1941,61.885000000000005
9149,1943,2380,85.503
9150,2380,1943,85.503
9151,7098,1943,17.372999999999998
9152,1943,7098,17.372999999999998
9153,1943,4852,140.671
9154,4852,1943,140.671
9155,4850,1943,220.28
9156,1943,4850,220.28
9157,1944,7098,15.312
9158,7098,1944,15.312
9159,1944,1945,25.947000000000003
9160,1945,1944,25.947000000000003
9161,1944,6027,233.356
9162,3693,1944,340.484
9163,1945,1946,48.524
9164,1946,1945,48.524
9165,1945,4266,90.892
9166,3692,1945,340.834
9167,1946,8000,15.73
9168,8345,1946,95.386
9169,1946,8345,95.386
9170,9841,1946,16.087
9171,1947,1948,195.193
9172,1948,1947,195.193
9173,9655,1947,36.045
9174,1947,9655,36.045
9175,3779,1947,97.684
9176,1947,3779,97.684
9177,1948,6026,102.24
9178,6026,1948,102.24
9179,4374,1948,101.917
9180,1948,4374,101.917
9181,1949,1950,39.274
9182,1950,1949,39.274
9183,1950,5846,42.453
9184,5846,1950,42.453
9185,1950,6537,92.456
9186,6537,1950,92.456
9187,3019,1950,68.614
9188,1950,3019,68.614
9189,1951,1952,53.146
9190,1951,1952,63.88
9191,6453,1951,489.872
9192,1952,7249,281.827
9193,1952,7247,11.015
9194,5485,1953,72.412
9195,1953,5485,72.412
9196,1953,1954,73.765
9197,1954,1953,73.765
9198,1953,7288,142.086
9199,7288,1953,142.086
9200,1954,3549,78.364
9201,3549,1954,78.364
9202,3548,1954,279.798
9203,1954,3548,279.798
9204,1955,6936,12.528
9205,6936,1955,12.528
9206,1955,8392,69.494
9207,1956,1957,104.001
9208,1957,1956,104.001
9209,6936,1956,99.135
9210,1956,6936,99.135
9211,1956,2508,94.477
9212,2508,1956,94.477
9213,1957,3284,94.398
9214,3284,1957,94.398
9215,1957,1958,207.753
9216,1958,1957,207.753
9217,1958,3285,94.303
9218,3285,1958,94.303
9219,1958,1959,207.779
9220,1959,1958,207.779
9221,1959,8945,94.112
9222,8945,1959,94.112
9223,1961,1962,204.653
9224,1962,1961,204.653
9225,7733,1961,94.177
9226,1962,3287,94.153
9227,3287,1962,94.153
9228,1962,6825,207.392
9229,6825,1962,207.392
9230,1963,2682,94.194
9231,2682,1963,94.194
9232,1963,1964,208.339
9233,1964,1963,208.339
9234,6869,1963,207.482
9235,1963,6869,207.482
9236,1964,3288,94.20300000000002
9237,3288,1964,94.20300000000002
9238,1964,1965,207.46
9239,1965,1964,207.46
9240,8866,1965,193.093
9241,1965,8866,193.093
9242,1965,3289,94.226
9243,3289,1965,94.226
9244,1966,1967,37.09
9245,1967,1966,37.09
9246,2126,1967,72.853
9247,1967,2126,72.853
9248,5604,1968,46.483
9249,1969,5629,54.451
9250,5629,1969,54.451
9251,5628,1969,92.185
9252,1969,5628,92.185
9253,1970,3109,23.125
9254,3109,1970,23.125
9255,4762,1970,123.639
9256,1970,4762,123.639
9257,3108,1970,92.173
9258,1970,3108,92.173
9259,6540,1971,74.151
9260,1971,6540,74.151
9261,1971,3470,32.533
9262,3470,1971,32.533
9263,1971,8908,190.229
9264,8908,1971,190.229
9265,1972,1973,35.701
9266,8006,1972,112.594
9267,8585,1972,15.064
9268,1973,1974,134.799
9269,1973,1987,10.548
9270,1974,5215,7.721
9271,7558,1974,28.303
9272,1975,1976,130.937
9273,1975,1986,14.123
9274,7559,1975,7.682
9275,1976,7555,9.724
9276,8664,1976,14.558
9277,1977,1985,10.692
9278,5515,1977,26.693
9279,7555,1977,15.057
9280,1978,7556,5.438
9281,1979,1978,140.131
9282,1985,1978,15.602999999999998
9283,1979,1984,14.389
9284,7177,1979,16.225
9285,1980,2547,154.213
9286,2547,1980,154.213
9287,1980,1983,12.68
9288,1984,1980,16.642
9289,1981,7177,11.555
9290,1982,1981,145.68099999999998
9291,1983,1981,23.021
9292,1982,3463,20.888
9293,3464,1982,32.299
9294,1983,3463,144.43800000000002
9295,1985,1984,139.61
9296,1986,5779,17.355
9297,7557,1986,96.02
9298,1987,8646,21.698
9299,7558,1987,144.028
9300,1988,9059,33.282
9301,1988,8532,19.515
9302,8585,1988,153.14300000000003
9303,1989,7550,144.042
9304,1989,1994,13.778
9305,1995,1989,22.131
9306,1990,7548,139.41499999999996
9307,1990,1993,14.303999999999998
9308,7285,1990,14.263
9309,1991,7285,10.181
9310,1992,1991,23.625
9311,3469,1991,145.472
9312,1992,3468,145.11499999999998
9313,7553,1993,138.50500000000002
9314,1994,8663,3.978
9315,7549,1994,143.03400000000002
9316,1997,1995,8.696
9317,9702,1995,84.989
9318,9702,1996,38.6
9319,1996,9702,38.6
9320,9239,1996,278.76899999999995
9321,1997,9702,84.232
9322,7554,1997,4.573
9323,1998,1999,192.63
9324,1999,1998,192.63
9325,1998,3273,97.96
9326,3273,1998,97.96
9327,3272,1998,79.138
9328,1998,3272,79.138
9329,1999,2807,97.177
9330,2807,1999,97.177
9331,2808,1999,97.927
9332,1999,2808,97.927
9333,2000,2001,189.73
9334,2001,2000,189.73
9335,2001,2002,109.412
9336,2002,2001,109.412
9337,2001,5776,79.086
9338,5776,2001,79.086
9339,5709,2001,79.044
9340,2001,5709,79.044
9341,2002,6509,79.154
9342,6509,2002,79.154
9343,5710,2002,78.982
9344,2002,5710,78.982
9345,3500,2003,162.123
9346,2003,3500,162.123
9347,2003,9635,107.293
9348,9635,2003,107.293
9349,2003,2004,76.635
9350,2004,2003,76.635
9351,2004,7229,139.384
9352,7229,2004,139.384
9353,3502,2004,105.755
9354,2004,3502,105.755
9355,3503,2005,105.058
9356,2005,3503,105.058
9357,2005,2006,146.18
9358,2006,2005,146.18
9359,7231,2005,140.29500000000002
9360,2005,7231,140.29500000000002
9361,2006,3504,105.287
9362,3504,2006,105.287
9363,2006,2007,146.411
9364,2007,2006,146.411
9365,2007,2008,146.06
9366,2008,2007,146.06
9367,3505,2007,105.523
9368,2007,3505,105.523
9369,3506,2008,105.601
9370,2008,3506,105.601
9371,2307,2009,245.841
9372,2009,2307,245.841
9373,9283,2009,74.83200000000001
9374,2009,9283,74.83200000000001
9375,2010,8760,104.623
9376,8760,2010,104.623
9377,3512,2010,105.442
9378,2010,3512,105.442
9379,2010,2011,148.488
9380,2011,2010,148.488
9381,6041,2010,77.63999999999999
9382,2010,6041,77.63999999999999
9383,2011,3513,105.385
9384,3513,2011,105.385
9385,2013,2012,220.67
9386,2012,2013,220.67
9387,3498,2012,25.21
9388,2012,3498,25.21
9389,2012,2021,82.318
9390,2021,2012,82.318
9391,2013,3499,108.939
9392,3499,2013,108.939
9393,2014,4585,36.538
9394,4585,2014,36.538
9395,2014,2015,69.568
9396,2015,2014,69.568
9397,3493,2014,104.275
9398,2015,2016,73.661
9399,2016,2015,73.661
9400,2016,2017,145.92
9401,2017,2016,145.92
9402,3494,2016,104.454
9403,2016,3494,104.454
9404,3495,2017,105.006
9405,2017,3495,105.006
9406,2017,2018,146.533
9407,2018,2017,146.533
9408,3496,2018,104.221
9409,2018,3496,104.221
9410,2018,2019,145.923
9411,2019,2018,145.923
9412,9874,2019,105.567
9413,2019,9874,105.567
9414,2019,7606,81.28399999999999
9415,7606,2019,81.28399999999999
9416,9604,2019,85.03
9417,2019,9604,85.03
9418,2020,3497,107.562
9419,3497,2020,107.562
9420,7604,2020,58.824
9421,2020,7604,58.824
9422,7605,2020,50.292
9423,2020,7605,50.292
9424,2020,2021,146.59799999999998
9425,2021,2020,146.59799999999998
9426,2022,2291,80.068
9427,2291,2022,80.068
9428,2290,2022,84.452
9429,2022,2290,84.452
9430,5649,2022,80.582
9431,2022,5649,80.582
9432,8578,2023,98.132
9433,2023,8578,98.132
9434,2023,2024,109.372
9435,2024,2023,109.372
9436,2023,5144,88.353
9437,5144,2023,88.353
9438,2023,9214,69.414
9439,9214,2023,69.414
9440,2024,2025,78.131
9441,2025,2024,78.131
9442,2025,2026,384.753
9443,2026,2025,384.753
9444,2025,4919,148.929
9445,4919,2025,148.929
9446,4918,2025,138.67800000000005
9447,2025,4918,138.67800000000005
9448,2026,8417,17.613
9449,7782,2026,26.508
9450,3217,2027,132.957
9451,2027,3217,132.957
9452,2029,2028,34.638
9453,2028,2029,34.638
9454,3336,2028,54.906000000000006
9455,2028,3336,54.906000000000006
9456,2028,5045,150.48
9457,5045,2028,150.48
9458,2030,2031,42.685
9459,2031,2030,42.685
9460,2030,9517,23.304
9461,9516,2030,63.92
9462,2031,9520,39.485
9463,9520,2031,39.485
9464,5587,2031,53.021
9465,2031,5587,53.021
9466,8294,2032,196.82100000000003
9467,2032,8294,196.82100000000003
9468,2764,2032,109.073
9469,2032,2764,109.073
9470,2032,2033,198.363
9471,4627,2032,108.975
9472,2032,4627,108.975
9473,2033,2034,189.092
9474,2033,2422,109.285
9475,2422,2033,109.285
9476,2421,2033,108.659
9477,2033,2421,108.659
9478,2034,2035,194.129
9479,2034,9346,103.991
9480,9346,2034,103.991
9481,7960,2034,109.349
9482,2034,7960,109.349
9483,2035,2036,146.51600000000002
9484,2036,2035,146.51600000000002
9485,2035,3595,110.408
9486,3595,2035,110.408
9487,9344,2035,100.991
9488,2035,9344,100.991
9489,2037,3799,104.874
9490,3799,2037,104.874
9491,9234,2037,13.903
9492,2037,9234,13.903
9493,2037,2038,145.253
9494,2038,2039,146.938
9495,2038,2294,105.552
9496,2295,2038,105.384
9497,2039,3800,104.964
9498,2039,2040,139.09
9499,3234,2039,104.959
9500,2040,9466,95.761
9501,2040,3801,105.169
9502,3801,2040,105.169
9503,8060,2040,104.925
9504,2040,8060,104.925
9505,2041,2042,145.407
9506,2041,8059,105.251
9507,9465,2041,30.997
9508,9466,2041,41.98
9509,2042,3803,105.115
9510,3803,2042,105.115
9511,2042,2043,146.931
9512,9587,2042,105.28
9513,2042,9587,105.28
9514,2042,9357,105.833
9515,9352,2042,105.957
9516,2043,3235,105.391
9517,2043,2044,146.411
9518,3804,2043,105.01
9519,2044,3805,105.053
9520,2044,2045,146.248
9521,3236,2044,105.35800000000002
9522,2045,2046,146.29399999999998
9523,2045,3237,105.32399999999998
9524,3806,2045,105.074
9525,2046,3807,104.944
9526,2046,2047,146.668
9527,3238,2046,105.292
9528,2047,3239,105.254
9529,2047,2048,146.02100000000002
9530,3808,2047,104.783
9531,2048,2049,146.51800000000003
9532,2048,5056,52.317
9533,3240,2048,105.221
9534,2049,6758,137.159
9535,2049,4430,52.335
9536,4430,2049,52.335
9537,3241,2049,105.18900000000002
9538,2049,3241,105.18900000000002
9539,2050,3242,105.082
9540,2050,2051,136.906
9541,5054,2050,52.384
9542,9759,2050,9.564
9543,2051,2052,146.297
9544,2051,5055,52.384
9545,3243,2051,105.288
9546,2052,3244,105.336
9547,2052,8800,146.579
9548,8800,2052,146.579
9549,4615,2052,52.46
9550,8800,2053,146.28300000000002
9551,2053,8800,146.28300000000002
9552,3245,2053,104.887
9553,2053,3245,104.887
9554,2053,3738,105.146
9555,3738,2053,105.146
9556,2054,6777,12.754
9557,6777,2054,12.754
9558,2054,7634,57.363
9559,3246,2054,105.086
9560,6777,2055,146.343
9561,2055,6777,146.343
9562,2055,3247,105.123
9563,3247,2055,105.123
9564,2055,2056,146.37400000000002
9565,2056,2055,146.37400000000002
9566,3816,2055,104.782
9567,2055,3816,104.782
9568,2056,9279,104.8
9569,9279,2056,104.8
9570,3817,2056,104.675
9571,2056,3817,104.675
9572,2056,2057,146.334
9573,2057,2056,146.334
9574,2057,3818,104.666
9575,3818,2057,104.666
9576,9278,2057,104.796
9577,2057,9278,104.796
9578,2057,2058,146.298
9579,2058,2057,146.298
9580,2058,3819,104.644
9581,3819,2058,104.644
9582,3248,2058,104.812
9583,2058,3248,104.812
9584,2058,2059,144.526
9585,2059,2058,144.526
9586,2059,7155,7.878
9587,7155,2059,7.878
9588,2059,3820,104.631
9589,3249,2059,104.779
9590,2060,3821,104.924
9591,3821,2060,104.924
9592,3250,2060,104.667
9593,2060,3250,104.667
9594,2060,2061,146.406
9595,2061,2060,146.406
9596,8802,2060,146.18499999999997
9597,2060,8802,146.18499999999997
9598,2061,3822,105.118
9599,3822,2061,105.118
9600,3251,2061,104.623
9601,2061,3251,104.623
9602,2061,2062,125.695
9603,2062,2061,125.695
9604,2062,9139,72.267
9605,9139,2062,72.267
9606,3252,2062,104.585
9607,2062,3252,104.585
9608,2063,8250,98.559
9609,8250,2063,98.559
9610,2064,2377,86.538
9611,2377,2064,86.538
9612,5578,2064,75.68499999999999
9613,2064,5578,75.68499999999999
9614,8250,2064,92.994
9615,2064,8250,92.994
9616,2065,2066,193.067
9617,2066,2065,193.067
9618,2065,2366,22.811
9619,2366,2065,22.811
9620,2365,2065,48.092
9621,2065,2365,48.092
9622,2066,5590,160.125
9623,5590,2066,160.125
9624,9806,2066,64.968
9625,2066,9806,64.968
9626,2067,2068,178.096
9627,2068,2067,178.096
9628,2067,3643,96.445
9629,3048,2067,99.181
9630,2068,2069,94.063
9631,2069,2068,94.063
9632,3644,2068,97.585
9633,2068,3644,97.585
9634,2068,3050,96.454
9635,3050,2068,96.454
9636,2069,8520,83.974
9637,8520,2069,83.974
9638,2069,9403,90.718
9639,3051,2069,97.619
9640,2070,3052,97.96200000000002
9641,3052,2070,97.96200000000002
9642,3179,2070,96.612
9643,2070,3179,96.612
9644,8520,2070,90.296
9645,2070,8520,90.296
9646,2071,5639,28.6
9647,5639,2071,28.6
9648,5638,2071,28.296
9649,2071,5638,28.296
9650,2071,2072,143.328
9651,2072,2071,143.328
9652,2072,3527,83.091
9653,3527,2072,83.091
9654,3526,2072,86.138
9655,2072,3526,86.138
9656,2073,3185,169.98200000000003
9657,3185,2073,169.98200000000003
9658,4235,2073,85.161
9659,2073,4235,85.161
9660,2074,2075,447.51
9661,2075,2074,447.51
9662,2074,3657,85.953
9663,3657,2074,85.953
9664,6173,2074,85.25
9665,2074,6173,85.25
9666,2075,3659,85.633
9667,3659,2075,85.633
9668,2075,2076,119.117
9669,2076,2075,119.117
9670,4192,2076,94.055
9671,2076,4192,94.055
9672,2076,3660,84.695
9673,3660,2076,84.695
9674,3599,2077,71.571
9675,9006,2078,72.92099999999999
9676,2078,9006,72.92099999999999
9677,2078,6004,48.386
9678,6004,2078,48.386
9679,6003,2078,98.12
9680,2078,6003,98.12
9681,3677,2079,164.18399999999997
9682,2079,3677,164.18399999999997
9683,2079,9475,23.174
9684,2080,2079,125.4
9685,7978,2080,171.227
9686,2080,7978,171.227
9687,2081,2080,66.708
9688,2081,3759,182.927
9689,2082,2081,57.05
9690,3758,2081,138.85600000000002
9691,2082,4268,138.98
9692,2083,2082,69.499
9693,4269,2082,277.04799999999994
9694,2083,2433,66.523
9695,2084,2083,191.551
9696,2084,9739,7.12
9697,2085,2084,68.49199999999999
9698,3569,2084,67.922
9699,2085,9739,69.342
9700,2086,2085,124.516
9701,5818,2085,102.06099999999998
9702,3602,2086,101.691
9703,9613,2087,266.51
9704,2087,9613,266.51
9705,2087,2088,193.376
9706,2088,2087,193.376
9707,9507,2088,231.655
9708,2088,9507,231.655
9709,2088,2089,108.469
9710,2089,2088,108.469
9711,2089,3843,182.005
9712,3843,2089,182.005
9713,2089,2090,100.446
9714,2090,2089,100.446
9715,2090,3844,243.769
9716,3844,2090,243.769
9717,2090,3181,132.398
9718,3181,2090,132.398
9719,2091,8546,249.837
9720,3181,2091,39.932
9721,2091,3181,39.932
9722,2091,2092,53.416
9723,2092,2091,53.416
9724,7968,2091,48.813
9725,2092,2093,95.439
9726,2093,2092,95.439
9727,2092,3876,274.854
9728,3876,2092,274.854
9729,2093,2094,92.383
9730,2094,2093,92.383
9731,2093,3655,274.503
9732,3655,2093,274.503
9733,2094,8400,118.956
9734,8400,2094,118.956
9735,2094,5638,230.104
9736,5638,2094,230.104
9737,2095,8379,47.233
9738,8379,2095,47.233
9739,2095,8401,106.45499999999998
9740,8401,2095,106.45499999999998
9741,8400,2095,83.702
9742,2095,8400,83.702
9743,2095,8614,31.488
9744,7485,2095,117.35
9745,2097,2098,381.376
9746,2098,2097,381.376
9747,2097,6574,304.074
9748,6574,2097,304.074
9749,5890,2097,280.828
9750,2097,5890,280.828
9751,2098,6574,94.46799999999998
9752,2098,4632,455.292
9753,4632,2098,455.292
9754,4540,2099,142.238
9755,2099,4540,142.238
9756,2099,9598,133.66299999999998
9757,9598,2099,133.66299999999998
9758,2100,2101,84.923
9759,2101,2100,84.923
9760,7743,2100,11.557
9761,2100,7743,11.557
9762,2100,2854,142.596
9763,5308,2100,114.36700000000002
9764,2101,2102,86.975
9765,2102,2101,86.975
9766,2101,5678,142.383
9767,5678,2101,142.383
9768,2732,2102,142.762
9769,2102,2732,142.762
9770,2102,7405,23.681
9771,7405,2102,23.681
9772,2102,8200,258.87
9773,8200,2102,258.87
9774,2103,9155,106.844
9775,9155,2103,106.844
9776,9156,2103,73.084
9777,2103,9156,73.084
9778,7434,2104,33.459
9779,2104,7434,33.459
9780,2104,5734,16.831
9781,5734,2104,16.831
9782,6061,2104,96.253
9783,2104,6061,96.253
9784,2104,2105,89.034
9785,2105,2104,89.034
9786,2105,7433,98.241
9787,7433,2105,98.241
9788,2215,2105,189.323
9789,2105,2215,189.323
9790,2105,2106,89.669
9791,2106,2105,89.669
9792,2106,2216,189.172
9793,2216,2106,189.172
9794,5735,2106,154.219
9795,2106,5735,154.219
9796,2106,2107,89.60300000000001
9797,2107,2106,89.60300000000001
9798,2107,2108,88.465
9799,2108,2107,88.465
9800,2107,3311,179.672
9801,3311,2107,179.672
9802,2217,2107,189.013
9803,2107,2217,189.013
9804,2108,4014,93.773
9805,4014,2108,93.773
9806,4013,2108,95.73
9807,2108,4013,95.73
9808,2110,2111,137.599
9809,2111,2110,137.599
9810,2111,2112,198.108
9811,2112,2111,198.108
9812,5528,2111,88.31700000000001
9813,2111,5528,88.31700000000001
9814,2112,6075,41.173
9815,6075,2112,41.173
9816,2112,2113,135.959
9817,2113,2112,135.959
9818,5717,2112,90.02900000000001
9819,2112,5717,90.02900000000001
9820,2113,2114,68.497
9821,2114,2113,68.497
9822,8154,2113,260.688
9823,2113,8154,260.688
9824,2114,2115,70.499
9825,2115,2114,70.499
9826,8257,2114,89.00999999999999
9827,2114,8257,89.00999999999999
9828,2115,5799,82.245
9829,5799,2115,82.245
9830,2115,9454,105.002
9831,9454,2115,105.002
9832,9454,2116,7.127
9833,2116,9454,7.127
9834,2116,9456,33.382
9835,9456,2116,33.382
9836,5409,2116,95.35
9837,2116,5409,95.35
9838,2117,2118,19.251
9839,2118,2117,19.251
9840,2495,2117,92.608
9841,2117,2495,92.608
9842,2118,2119,84.447
9843,2119,2118,84.447
9844,4039,2118,165.239
9845,2118,4039,165.239
9846,2119,2120,79.583
9847,2120,2119,79.583
9848,4040,2119,166.352
9849,2119,4040,166.352
9850,2120,2121,95.486
9851,2121,2120,95.486
9852,2121,7120,48.6
9853,7120,2121,48.6
9854,7120,2122,9.3
9855,2122,7120,9.3
9856,2122,2123,59.92
9857,2123,2122,59.92
9858,2122,2954,141.155
9859,2953,2122,334.15000000000003
9860,3144,2124,88.763
9861,2124,3144,88.763
9862,2124,6514,192.47600000000003
9863,6514,2124,192.47600000000003
9864,2125,2126,28.398
9865,2126,2125,28.398
9866,4747,2126,76.744
9867,2126,4747,76.744
9868,8550,2127,186.918
9869,2127,8550,186.918
9870,2128,2129,76.873
9871,2129,2128,76.873
9872,2129,2678,77.167
9873,2678,2129,77.167
9874,2677,2129,36.363
9875,2129,2677,36.363
9876,2130,9880,88.848
9877,2131,2130,47.90899999999999
9878,8212,2130,171.627
9879,2131,7240,7.639
9880,7240,2131,7.639
9881,2131,3022,96.04
9882,8212,2131,182.358
9883,7240,2132,122.33
9884,2132,7240,122.33
9885,2132,3023,95.0
9886,3023,2132,95.0
9887,4226,2132,94.964
9888,2132,4226,94.964
9889,2133,8593,176.497
9890,8593,2133,176.497
9891,2133,3024,94.116
9892,3024,2133,94.116
9893,6076,2133,96.03
9894,2133,6076,96.03
9895,2134,2135,91.291
9896,2135,2134,91.291
9897,8593,2134,180.118
9898,2134,8593,180.118
9899,2134,3025,90.681
9900,3025,2134,90.681
9901,2135,2136,86.263
9902,2136,2135,86.263
9903,2136,2137,89.223
9904,2137,2136,89.223
9905,2136,3026,91.398
9906,3026,2136,91.398
9907,2137,2217,191.676
9908,2217,2137,191.676
9909,2137,7974,88.98400000000001
9910,7974,2137,88.98400000000001
9911,2138,2219,192.823
9912,2219,2138,192.823
9913,7974,2138,90.388
9914,2138,7974,90.388
9915,2139,2140,89.85
9916,2140,2139,89.85
9917,2139,2220,191.854
9918,2220,2139,191.854
9919,2140,2141,87.212
9920,2141,2140,87.212
9921,2140,2221,192.067
9922,2221,2140,192.067
9923,2141,8481,191.837
9924,8481,2141,191.837
9925,2141,2142,89.417
9926,2142,2141,89.417
9927,8677,2141,10.818
9928,2141,8677,10.818
9929,2142,8720,191.538
9930,8720,2142,191.538
9931,3177,2142,77.818
9932,2142,3177,77.818
9933,2142,2143,91.914
9934,2143,2142,91.914
9935,6151,2143,92.783
9936,2143,6151,92.783
9937,2143,2222,192.241
9938,2222,2143,192.241
9939,2411,2144,85.528
9940,2144,2411,85.528
9941,2144,2145,64.144
9942,2145,2144,64.144
9943,2837,2145,562.5980000000002
9944,2145,2837,562.5980000000002
9945,2145,9508,56.309
9946,9508,2145,56.309
9947,2146,6566,14.297
9948,2146,9508,79.948
9949,7592,2146,155.96099999999998
9950,9252,2146,11.87
9951,6982,2147,69.297
9952,2147,6982,69.297
9953,2147,2148,93.944
9954,2148,2147,93.944
9955,2148,2149,56.563
9956,2149,2148,56.563
9957,2150,5585,89.527
9958,5585,2150,89.527
9959,7697,2150,41.752
9960,2150,7697,41.752
9961,2151,3295,39.004
9962,3295,2151,39.004
9963,2151,2152,27.439
9964,2152,2151,27.439
9965,2152,2153,42.759
9966,2153,2152,42.759
9967,2153,4156,76.487
9968,4156,2153,76.487
9969,2154,9616,108.746
9970,9616,2154,108.746
9971,2154,5069,79.739
9972,5069,2154,79.739
9973,2154,4879,81.27000000000001
9974,2155,8334,91.347
9975,8334,2155,91.347
9976,8334,2156,8.484
9977,2156,8334,8.484
9978,2156,2157,81.485
9979,2157,2156,81.485
9980,2156,2251,131.993
9981,9192,2156,96.886
9982,2157,2158,81.807
9983,2158,2157,81.807
9984,2252,2157,147.01099999999997
9985,2157,2252,147.01099999999997
9986,2158,6328,53.286
9987,6328,2158,53.286
9988,2159,6913,10.112
9989,6913,2159,10.112
9990,2193,2159,70.92099999999999
9991,2160,3290,40.541
9992,3290,2160,40.541
9993,2160,2161,92.684
9994,8392,2160,26.279
9995,2161,6945,10.157
9996,6945,2161,10.157
9997,2162,6937,10.056
9998,6937,2162,10.056
9999,9633,2162,94.123
10000,2163,6917,10.045
10001,6917,2163,10.045
10002,2164,6938,10.034
10003,6938,2164,10.034
10004,2164,2165,98.596
10005,2165,6946,10.034
10006,6946,2165,10.034
10007,2165,2166,94.229
10008,2166,6916,10.023
10009,6916,2166,10.023
10010,2166,8925,95.756
10011,2167,6909,9.99
10012,6909,2167,9.99
10013,2167,2168,94.299
10014,8923,2167,97.484
10015,2168,6922,9.989
10016,6922,2168,9.989
10017,2168,2169,94.537
10018,2169,6934,9.978
10019,6934,2169,9.978
10020,2170,6911,9.967
10021,6911,2170,9.967
10022,2774,2170,224.196
10023,2170,2774,224.196
10024,2170,2171,94.158
10025,2171,6925,9.967
10026,6925,2171,9.967
10027,2172,2173,94.229
10028,2172,6942,9.945
10029,6942,2172,9.945
10030,2173,6907,9.945
10031,6907,2173,9.945
10032,2173,9231,94.373
10033,2174,6930,9.922
10034,6930,2174,9.922
10035,2174,2175,94.291
10036,9231,2174,94.579
10037,2175,2176,94.141
10038,2175,6940,9.923
10039,6940,2175,9.923
10040,2176,6905,9.922
10041,6905,2176,9.922
10042,2177,6929,9.911
10043,6929,2177,9.911
10044,2177,7593,104.562
10045,2178,2179,94.565
10046,2178,6939,9.889
10047,6939,2178,9.889
10048,7594,2178,110.843
10049,2179,2180,94.327
10050,2179,6932,9.878
10051,6932,2179,9.878
10052,2180,6920,9.878
10053,6920,2180,9.878
10054,2180,2181,94.142
10055,2181,6910,9.867
10056,6910,2181,9.867
10057,4091,2181,44.532
10058,2181,4091,44.532
10059,2181,2182,94.538
10060,2182,6941,9.856
10061,6941,2182,9.856
10062,2183,8067,94.239
10063,2183,6924,9.845
10064,6924,2183,9.845
10065,2184,6943,9.834
10066,6943,2184,9.834
10067,2184,2185,94.389
10068,8067,2184,94.266
10069,2185,6933,9.823
10070,6933,2185,9.823
10071,2185,2186,94.573
10072,2186,6923,8.163
10073,6923,2186,8.163
10074,2186,2187,96.588
10075,6914,2187,12.699
10076,2187,6914,12.699
10077,2187,2191,75.927
10078,2188,8946,206.025
10079,8946,2188,206.025
10080,2188,6914,39.141
10081,2189,2188,37.272
10082,2189,2191,13.58
10083,2190,2189,15.696
10084,3858,2189,3221.4110000000005
10085,2190,7226,3200.521
10086,2191,2190,15.747
10087,7493,2190,103.029
10088,2191,8686,212.999
10089,2192,2508,99.501
10090,2508,2192,99.501
10091,2192,6936,94.924
10092,6945,2192,93.526
10093,8392,2192,28.772
10094,7366,2193,38.805
10095,7506,2193,73.39200000000001
10096,2194,3088,10.484
10097,3088,2194,10.484
10098,8273,2194,37.263
10099,2194,8273,37.263
10100,2194,2195,62.096
10101,2195,2194,62.096
10102,2196,2918,52.034
10103,2197,2196,146.174
10104,5908,2196,52.912000000000006
10105,2197,4609,52.564
10106,7439,2197,123.469
10107,9245,2197,51.989
10108,2198,2199,142.751
10109,2198,5961,52.915
10110,2919,2198,52.027
10111,3727,2199,52.795
10112,2199,3727,52.795
10113,2204,2201,68.94300000000001
10114,2201,2204,68.94300000000001
10115,2201,2205,101.569
10116,2205,2201,101.569
10117,2202,2201,263.292
10118,2201,2202,263.292
10119,2205,2202,11.050999999999998
10120,2202,2205,11.050999999999998
10121,2202,9173,33.194
10122,2203,8039,151.938
10123,8037,2203,32.692
10124,9173,2203,20.799
10125,9173,2205,34.625
10126,9020,2206,123.463
10127,2206,9020,123.463
10128,2206,6384,78.803
10129,6384,2206,78.803
10130,4856,2206,79.208
10131,2206,4856,79.208
10132,2207,9484,137.919
10133,9484,2207,137.919
10134,9484,2208,9.428
10135,2208,9484,9.428
10136,2208,5379,65.593
10137,5379,2208,65.593
10138,2208,3548,50.216
10139,3548,2208,50.216
10140,2209,7242,9.356
10141,7242,2209,9.356
10142,9484,2209,85.05499999999999
10143,2209,9484,85.05499999999999
10144,2209,9523,65.797
10145,3022,2209,97.138
10146,2210,2211,91.512
10147,2211,2210,91.512
10148,7242,2210,84.976
10149,2210,7242,84.976
10150,2210,4227,59.854
10151,4227,2210,59.854
10152,3023,2210,93.955
10153,2210,3023,93.955
10154,2211,3080,197.873
10155,3080,2211,197.873
10156,2212,2213,66.432
10157,2213,2212,66.432
10158,2212,4338,69.84
10159,4338,2212,69.84
10160,3024,2213,142.55700000000002
10161,2213,3024,142.55700000000002
10162,2214,6061,93.229
10163,6061,2214,93.229
10164,2214,2215,88.48599999999999
10165,2215,2214,88.48599999999999
10166,3025,2214,101.261
10167,2214,3025,101.261
10168,2215,2216,89.824
10169,2216,2215,89.824
10170,2216,3026,100.122
10171,3026,2216,100.122
10172,2216,2217,88.954
10173,2217,2216,88.954
10174,2217,2218,88.999
10175,2218,2217,88.999
10176,7974,2218,193.225
10177,2218,7974,193.225
10178,2218,2219,90.281
10179,2219,2218,90.281
10180,2218,4013,93.12
10181,4013,2218,93.12
10182,2220,2221,90.861
10183,2221,2220,90.861
10184,2221,8481,86.624
10185,8481,2221,86.624
10186,8720,2222,88.503
10187,2222,8720,88.503
10188,2222,6562,186.201
10189,6562,2222,186.201
10190,2224,2225,137.004
10191,2225,2224,137.004
10192,2367,2224,94.389
10193,2224,2367,94.389
10194,2225,2226,204.431
10195,2226,2225,204.431
10196,2225,4114,85.277
10197,4114,2225,85.277
10198,5702,2225,85.469
10199,2225,5702,85.469
10200,2226,2227,124.954
10201,2227,2226,124.954
10202,2226,4115,85.21600000000001
10203,4115,2226,85.21600000000001
10204,4804,2226,85.19300000000001
10205,2226,4804,85.19300000000001
10206,2227,7907,7.412
10207,7907,2227,7.412
10208,2227,6158,101.189
10209,4116,2227,101.936
10210,2228,2229,157.519
10211,2229,2228,157.519
10212,4117,2228,489.372
10213,2228,4117,489.372
10214,2228,4117,85.361
10215,4117,2228,85.361
10216,7757,2228,85.36
10217,2228,7757,85.36
10218,2229,4118,85.371
10219,4118,2229,85.371
10220,6368,2229,150.496
10221,2229,6368,150.496
10222,2230,2231,203.086
10223,2231,2230,203.086
10224,2230,4119,85.342
10225,4119,2230,85.342
10226,6157,2230,85.393
10227,2230,6157,85.393
10228,2231,2232,204.001
10229,2232,2231,204.001
10230,2231,4120,85.42099999999999
10231,4120,2231,85.42099999999999
10232,5739,2231,85.27900000000001
10233,2231,5739,85.27900000000001
10234,2232,7013,170.188
10235,7013,2232,170.188
10236,2232,4121,85.513
10237,4121,2232,85.513
10238,6030,2232,85.84299999999999
10239,2232,6030,85.84299999999999
10240,2233,9381,200.429
10241,9381,2233,200.429
10242,2233,4122,78.917
10243,4122,2233,78.917
10244,5543,2233,92.278
10245,2233,5543,92.278
10246,2234,2235,231.612
10247,2235,2234,231.612
10248,2234,3262,185.182
10249,3262,2234,185.182
10250,8610,2234,34.709
10251,2234,8610,34.709
10252,2235,9527,97.004
10253,9527,2235,97.004
10254,2236,2237,59.69800000000001
10255,2237,2236,59.69800000000001
10256,9528,2236,43.24
10257,2236,9528,43.24
10258,2236,9527,565.5999999999998
10259,9527,2236,565.5999999999998
10260,2237,2238,168.13299999999998
10261,2238,2237,168.13299999999998
10262,2326,2237,274.898
10263,2237,2326,274.898
10264,2238,2326,500.9799999999999
10265,2326,2238,500.9799999999999
10266,2238,7664,87.21600000000002
10267,7664,2238,87.21600000000002
10268,7664,2239,14.516
10269,2239,7664,14.516
10270,4403,2239,320.185
10271,2239,4403,320.185
10272,2239,2240,40.816
10273,2240,2239,40.816
10274,4403,2240,244.70200000000003
10275,2240,4403,244.70200000000003
10276,2240,6978,108.833
10277,6978,2240,108.833
10278,2241,6978,10.272
10279,2241,4817,31.402
10280,2268,2241,46.228
10281,8168,2241,10.227
10282,2247,2242,91.95
10283,2242,2247,91.95
10284,2242,4559,139.159
10285,4559,2242,139.159
10286,4558,2242,141.134
10287,2242,4558,141.134
10288,2242,2243,316.80100000000004
10289,2243,2242,316.80100000000004
10290,2242,3204,351.102
10291,3204,2242,351.102
10292,2242,5099,158.172
10293,5099,2242,158.172
10294,2243,3204,80.549
10295,3204,2243,80.549
10296,3203,2243,77.697
10297,2243,3203,77.697
10298,2243,2244,182.694
10299,2244,2243,182.694
10300,4749,2244,78.496
10301,2244,4749,78.496
10302,2244,8550,15.756
10303,8550,2244,15.756
10304,2245,9073,49.691
10305,9073,2245,49.691
10306,2245,2246,28.022
10307,2246,2245,28.022
10308,2867,2245,142.182
10309,2245,2867,142.182
10310,4570,2246,141.323
10311,2246,4570,141.323
10312,2246,2247,90.25
10313,2247,2246,90.25
10314,2246,9073,63.605
10315,9073,2246,63.605
10316,2247,3074,140.408
10317,3074,2247,140.408
10318,3073,2247,140.096
10319,2247,3073,140.096
10320,2248,2249,41.443
10321,2249,2248,41.443
10322,2248,5207,70.45100000000001
10323,5207,2248,70.45100000000001
10324,6028,2248,170.03199999999998
10325,2248,6028,170.03199999999998
10326,2249,8230,137.61499999999998
10327,8230,2249,137.61499999999998
10328,2250,5208,73.457
10329,5208,2250,73.457
10330,8333,2250,130.84
10331,2250,8333,130.84
10332,2250,8332,119.588
10333,8332,2250,119.588
10334,8332,2251,8.178
10335,2251,8332,8.178
10336,2251,2252,83.907
10337,2252,2251,83.907
10338,2251,3320,76.60799999999999
10339,2252,2253,77.429
10340,2253,2252,77.429
10341,2253,5209,76.49799999999999
10342,5209,2253,76.49799999999999
10343,6328,2253,111.984
10344,2253,6328,111.984
10345,2253,2254,187.01800000000003
10346,2254,2253,187.01800000000003
10347,2254,5210,85.646
10348,5210,2254,85.646
10349,6328,2254,278.25699999999995
10350,2254,6328,278.25699999999995
10351,2254,2255,109.446
10352,2255,2254,109.446
10353,2255,8430,164.468
10354,8430,2255,164.468
10355,2256,2257,146.15300000000002
10356,2257,2256,146.15300000000002
10357,2256,5637,85.02799999999999
10358,5637,2256,85.02799999999999
10359,8401,2256,53.889
10360,2256,8401,53.889
10361,2257,3526,84.507
10362,3526,2257,84.507
10363,3525,2257,84.242
10364,2257,3525,84.242
10365,2258,4235,84.432
10366,4235,2258,84.432
10367,4234,2258,85.123
10368,2258,4234,85.123
10369,2259,2260,193.274
10370,2260,2259,193.274
10371,2259,6173,85.778
10372,6173,2259,85.778
10373,4876,2259,83.699
10374,2259,4876,83.699
10375,4139,2260,84.522
10376,2260,4139,84.522
10377,2260,2261,148.95800000000003
10378,2261,2260,148.95800000000003
10379,2261,5264,133.12699999999998
10380,5264,2261,133.12699999999998
10381,2261,2262,154.91899999999998
10382,2262,2261,154.91899999999998
10383,2262,5819,106.887
10384,5819,2262,106.887
10385,2262,4192,159.976
10386,4192,2262,159.976
10387,2263,7983,111.837
10388,7983,2263,111.837
10389,2263,7452,95.77
10390,7452,2263,95.77
10391,5832,2263,86.201
10392,2263,5832,86.201
10393,2264,2265,194.591
10394,2265,2264,194.591
10395,2264,3646,90.093
10396,3646,2264,90.093
10397,2265,2266,195.458
10398,2266,2265,195.458
10399,2265,3053,88.769
10400,3053,2265,88.769
10401,2266,6102,89.154
10402,6102,2266,89.154
10403,2267,6567,28.55
10404,7852,2267,19.828
10405,2267,7852,19.828
10406,2267,9564,33.395
10407,9564,2267,33.395
10408,8167,2267,25.62
10409,9563,2268,11.099
10410,2268,9563,11.099
10411,8173,2268,18.879
10412,2269,2270,97.756
10413,2270,2269,97.756
10414,2270,2271,62.719
10415,2271,2270,62.719
10416,9165,2270,52.664
10417,2270,9165,52.664
10418,2270,5600,39.466
10419,5600,2270,39.466
10420,4154,2271,54.137
10421,2271,4154,54.137
10422,2271,4153,41.067
10423,4153,2271,41.067
10424,2272,8652,11.988
10425,8652,2272,11.988
10426,4350,2272,241.012
10427,2273,7833,55.69
10428,2273,4351,160.91800000000003
10429,4351,2273,160.91800000000003
10430,5416,2273,145.85400000000004
10431,2273,5416,145.85400000000004
10432,2274,2275,132.133
10433,2275,2274,132.133
10434,2353,2276,92.514
10435,2276,2353,92.514
10436,2276,2277,107.698
10437,2277,2276,107.698
10438,2277,2278,140.473
10439,2278,2277,140.473
10440,5239,2277,90.936
10441,2277,5239,90.936
10442,2278,6318,90.802
10443,6318,2278,90.802
10444,2279,2280,140.541
10445,2280,2279,140.541
10446,2279,2565,90.987
10447,2565,2279,90.987
10448,2280,2281,140.416
10449,2281,2280,140.416
10450,2280,6314,91.285
10451,6314,2280,91.285
10452,2281,2282,139.983
10453,2282,2281,139.983
10454,2281,4508,91.496
10455,4508,2281,91.496
10456,2282,3429,91.179
10457,3429,2282,91.179
10458,3428,2282,273.604
10459,2282,3428,273.604
10460,2283,4749,85.344
10461,4749,2283,85.344
10462,2284,2285,150.253
10463,2285,2284,150.253
10464,2285,4719,79.337
10465,4719,2285,79.337
10466,2285,2286,204.32300000000004
10467,2286,2285,204.32300000000004
10468,2286,2287,198.724
10469,2287,2286,198.724
10470,2286,5850,78.816
10471,5850,2286,78.816
10472,8160,2286,79.168
10473,2286,8160,79.168
10474,2287,5034,79.08
10475,5034,2287,79.08
10476,8162,2287,78.675
10477,2287,8162,78.675
10478,7780,2288,15.053
10479,2288,7780,15.053
10480,2288,2289,53.601
10481,2289,2288,53.601
10482,2289,2290,25.293
10483,2290,2289,25.293
10484,5205,2289,201.751
10485,2289,5205,201.751
10486,2291,2292,79.724
10487,2292,2291,79.724
10488,2292,2293,158.15300000000002
10489,2293,2292,158.15300000000002
10490,2294,3680,108.238
10491,3234,2294,146.989
10492,2295,3799,145.63200000000003
10493,2296,2295,104.718
10494,3800,2295,146.84400000000002
10495,2296,6013,145.491
10496,6012,2296,145.854
10497,2297,2514,145.838
10498,2298,2297,49.507
10499,8093,2297,68.712
10500,2298,6141,145.702
10501,2299,2298,50.607
10502,6140,2298,68.822
10503,2299,5185,69.092
10504,2300,2299,43.683
10505,5186,2299,145.73
10506,2301,2300,52.936
10507,6606,2300,146.35200000000003
10508,2301,9101,35.691
10509,9101,2301,35.691
10510,2301,6629,146.24399999999997
10511,2301,9100,38.179
10512,9100,2301,38.179
10513,6272,2301,144.97
10514,9100,2302,62.231
10515,2302,9100,62.231
10516,2302,2303,98.905
10517,2303,2302,98.905
10518,2302,5220,145.591
10519,5221,2302,81.45
10520,2303,2304,104.03000000000002
10521,2304,2303,104.03000000000002
10522,2303,6601,146.198
10523,5847,2303,70.226
10524,2384,2304,73.185
10525,2304,2384,73.185
10526,2305,5624,141.89200000000002
10527,5624,2305,141.89200000000002
10528,2305,7578,26.244
10529,7578,2305,26.244
10530,5623,2305,45.081
10531,2305,5623,45.081
10532,2306,7794,21.195
10533,7794,2306,21.195
10534,8145,2306,64.54100000000001
10535,2306,8145,64.54100000000001
10536,2306,3095,141.948
10537,3095,2306,141.948
10538,7795,2306,40.847
10539,2306,7795,40.847
10540,6631,2307,144.82999999999998
10541,2307,6631,144.82999999999998
10542,2307,6274,249.401
10543,8380,2307,135.211
10544,2309,2308,73.648
10545,2308,2309,73.648
10546,9661,2308,321.315
10547,2308,9661,321.315
10548,2308,2632,73.581
10549,2632,2308,73.581
10550,2308,2631,73.212
10551,2631,2308,73.212
10552,2310,2309,62.75
10553,2309,2310,62.75
10554,2621,2309,73.103
10555,3281,2310,77.288
10556,2310,3281,77.288
10557,3364,2310,94.01999999999998
10558,2310,3364,94.01999999999998
10559,8156,2311,82.968
10560,2311,8156,82.968
10561,2311,2312,236.25200000000004
10562,2312,2311,236.25200000000004
10563,2311,6242,22.44
10564,6242,2311,22.44
10565,2312,3692,49.106
10566,3692,2312,49.106
10567,2312,8345,246.326
10568,8345,2312,246.326
10569,3691,2312,116.973
10570,2312,3691,116.973
10571,2313,2314,99.462
10572,2314,2313,99.462
10573,2313,4715,66.605
10574,4715,2313,66.605
10575,4242,2313,106.612
10576,2313,4242,106.612
10577,2315,4850,144.989
10578,4850,2315,144.989
10579,7691,2315,87.52199999999999
10580,2315,7691,87.52199999999999
10581,2315,2316,42.738
10582,2316,2315,42.738
10583,2315,8151,31.976
10584,8150,2315,31.687
10585,2316,2317,114.65099999999998
10586,2317,2316,114.65099999999998
10587,2316,2317,97.497
10588,2317,2316,97.497
10589,2317,2318,136.762
10590,2318,6732,65.863
10591,5919,2318,398.552
10592,6343,2319,46.928
10593,2319,6343,46.928
10594,2319,6257,22.823
10595,6257,2319,22.823
10596,2319,5427,95.084
10597,5427,2319,96.382
10598,2320,2412,69.155
10599,2320,2321,53.844
10600,2321,2320,53.844
10601,4814,2321,85.48
10602,2321,4814,85.48
10603,2321,5430,89.664
10604,5430,2321,89.664
10605,2322,4084,77.802
10606,4084,2322,77.802
10607,2322,2323,154.34799999999998
10608,2323,2324,11.085
10609,2324,2323,11.085
10610,2324,2325,134.748
10611,2325,2324,134.748
10612,2324,9176,53.094
10613,9176,2324,53.094
10614,2325,4743,30.43
10615,4743,2325,30.43
10616,2326,6498,19.697
10617,6498,2326,19.697
10618,2327,2520,65.358
10619,2519,2327,80.533
10620,5027,2327,99.787
10621,2601,2328,287.422
10622,2328,2601,287.422
10623,5420,2329,85.65100000000001
10624,2329,5420,85.65100000000001
10625,2329,6205,84.779
10626,6205,2329,84.779
10627,2329,6997,194.522
10628,6997,2329,194.522
10629,2330,7106,10.955
10630,7106,2330,10.955
10631,2330,2940,77.90899999999999
10632,2939,2330,208.584
10633,2915,2331,84.175
10634,2331,2915,84.175
10635,2331,2332,109.303
10636,2332,2331,109.303
10637,7106,2331,100.361
10638,2331,7106,100.361
10639,3227,2332,68.925
10640,2332,3227,68.925
10641,2332,6357,70.442
10642,6357,2332,70.442
10643,2332,2333,233.681
10644,2333,2332,233.681
10645,2333,6032,40.515
10646,6032,2333,40.515
10647,2333,2334,40.046
10648,2334,2333,40.046
10649,2334,3228,82.199
10650,2334,2335,55.119
10651,2335,2334,55.119
10652,2335,4726,91.64900000000002
10653,4726,2335,91.64900000000002
10654,2335,2336,101.526
10655,2336,2335,101.526
10656,2336,5925,148.979
10657,5925,2336,148.979
10658,2336,2337,41.303
10659,2337,2336,41.303
10660,3229,2337,83.85499999999999
10661,2337,3229,83.85499999999999
10662,2337,2338,55.31
10663,2338,2337,55.31
10664,2338,5723,205.167
10665,5723,2338,205.167
10666,2338,2339,99.59
10667,2339,2338,99.59
10668,2339,2340,41.81
10669,2340,2339,41.81
10670,2339,6445,261.249
10671,6445,2339,261.249
10672,2340,3164,65.242
10673,3164,2340,65.242
10674,2340,2341,94.185
10675,2341,2340,94.185
10676,2341,5249,89.19500000000001
10677,5249,2341,89.19500000000001
10678,2342,3687,42.6
10679,3687,2342,42.6
10680,2342,2343,91.954
10681,2343,2342,91.954
10682,2343,5113,26.16
10683,5113,2343,26.16
10684,2343,2344,97.863
10685,2344,2343,97.863
10686,5112,2343,155.108
10687,2343,5112,155.108
10688,2344,5234,134.72
10689,5234,2344,134.72
10690,2344,2345,107.356
10691,2345,2344,107.356
10692,2345,5235,80.432
10693,5235,2345,80.432
10694,2345,2346,92.881
10695,2346,2345,92.881
10696,2346,5236,62.11
10697,5236,2346,62.11
10698,5252,2346,76.868
10699,2346,5252,76.868
10700,2346,2347,91.592
10701,2347,2346,91.592
10702,2347,5237,66.327
10703,5237,2347,66.327
10704,6432,2347,160.14
10705,2347,6432,160.14
10706,2347,2348,59.91
10707,2348,2347,59.91
10708,6431,2348,170.43699999999998
10709,2348,6431,170.43699999999998
10710,2348,2349,31.159
10711,2349,2348,31.159
10712,2349,2350,30.403
10713,2350,2349,30.403
10714,2349,5238,72.119
10715,5238,2349,72.119
10716,6072,2350,158.43
10717,2350,6072,158.43
10718,2350,2351,62.440000000000005
10719,2351,2350,62.440000000000005
10720,2351,4996,84.13399999999999
10721,4996,2351,84.13399999999999
10722,4995,2351,162.876
10723,2351,4995,162.876
10724,2351,2352,63.223
10725,2352,2351,63.223
10726,2844,2352,74.241
10727,2352,2844,74.241
10728,2352,2353,28.389000000000003
10729,2353,2352,28.389000000000003
10730,2353,5239,95.699
10731,5239,2353,95.699
10732,2842,2354,63.917
10733,2354,2842,63.917
10734,2354,2355,38.051
10735,2355,2354,38.051
10736,4564,2355,127.365
10737,2355,4564,127.365
10738,2355,2356,91.069
10739,2356,2355,91.069
10740,2356,2357,73.022
10741,2357,2356,73.022
10742,2356,3066,131.864
10743,3066,2356,131.864
10744,2841,2357,63.704
10745,2357,2841,63.704
10746,2357,2358,18.315
10747,2358,2357,18.315
10748,2358,4565,136.936
10749,4565,2358,136.936
10750,2358,2359,92.397
10751,2359,2358,92.397
10752,2359,7683,90.232
10753,2359,2860,141.411
10754,2860,2359,141.411
10755,2840,2359,63.952000000000005
10756,2359,2840,63.952000000000005
10757,9658,2359,83.811
10758,7683,2360,11.319
10759,2360,7683,11.319
10760,2360,2361,39.933
10761,2361,2360,39.933
10762,2360,7682,132.454
10763,7682,2360,132.454
10764,9657,2360,35.924
10765,2360,9657,35.924
10766,2361,5592,134.042
10767,5592,2361,134.042
10768,2361,2362,89.434
10769,2362,2361,89.434
10770,5591,2362,82.59100000000001
10771,2362,5591,82.59100000000001
10772,2362,2363,73.184
10773,2363,2362,73.184
10774,2363,4915,226.78700000000003
10775,4915,2363,226.78700000000003
10776,2363,2364,24.283
10777,2364,2363,24.283
10778,2364,9565,38.081
10779,9565,2364,38.081
10780,5590,2364,28.0
10781,2364,5590,28.0
10782,9565,2365,12.402
10783,2365,9565,12.402
10784,2367,4114,99.937
10785,4114,2367,99.937
10786,4113,2367,48.359
10787,2367,4113,48.359
10788,7686,2367,172.02599999999998
10789,2367,7686,172.02599999999998
10790,2501,2368,76.283
10791,2368,2501,76.283
10792,2368,2369,117.712
10793,2369,2368,117.712
10794,2368,2502,109.042
10795,2502,2368,109.042
10796,2369,2370,128.243
10797,2370,2369,128.243
10798,2369,3550,99.623
10799,3550,2369,99.623
10800,4881,2369,76.255
10801,2369,4881,76.255
10802,2370,2371,121.031
10803,2371,2370,121.031
10804,2370,3551,88.258
10805,3551,2370,88.258
10806,4882,2370,76.21
10807,2370,4882,76.21
10808,2371,3552,77.554
10809,3552,2371,77.554
10810,4883,2371,76.15599999999999
10811,2371,4883,76.15599999999999
10812,2372,8490,251.275
10813,8490,2372,251.275
10814,4147,2372,92.871
10815,2372,4147,92.871
10816,2373,4524,52.505
10817,4524,2373,52.505
10818,2920,2373,52.727
10819,2373,2920,52.727
10820,7045,2374,69.414
10821,2374,7045,69.414
10822,2376,8256,202.32
10823,8256,2376,202.32
10824,8249,2376,122.864
10825,2376,8249,122.864
10826,2376,5525,88.13300000000001
10827,5525,2376,88.13300000000001
10828,5163,2376,45.465
10829,2376,5163,45.465
10830,8256,2377,29.445
10831,2377,8256,29.445
10832,2377,2378,124.629
10833,2378,2377,124.629
10834,8234,2378,10.337
10835,2378,8234,10.337
10836,2378,5457,90.066
10837,5457,2378,90.066
10838,2379,2380,200.309
10839,2380,2379,200.309
10840,2379,4851,258.38100000000003
10841,4851,2379,258.38100000000003
10842,4850,2379,87.124
10843,2379,4850,87.124
10844,2380,4851,78.733
10845,4851,2380,78.733
10846,2381,2380,164.747
10847,2381,4852,80.965
10848,4852,2381,80.965
10849,4851,2381,251.675
10850,2382,4827,36.984
10851,4827,2382,36.984
10852,2383,2384,52.351
10853,2384,2383,52.351
10854,4962,2384,71.055
10855,2384,4962,71.055
10856,2385,2655,79.404
10857,2655,2385,79.404
10858,2656,2385,78.362
10859,2385,2656,78.362
10860,2386,6844,207.13
10861,6844,2386,207.13
10862,2386,3700,94.49
10863,3700,2386,94.49
10864,2387,2700,94.521
10865,2700,2387,94.521
10866,2387,2388,207.875
10867,2388,2387,207.875
10868,6891,2387,207.308
10869,2387,6891,207.308
10870,2388,2389,207.919
10871,2389,2388,207.919
10872,2388,3701,94.541
10873,3701,2388,94.541
10874,2389,8871,207.88800000000003
10875,8871,2389,207.88800000000003
10876,2389,3702,94.553
10877,3702,2389,94.553
10878,2390,3703,94.328
10879,3703,2390,94.328
10880,2390,2391,207.771
10881,2391,2390,207.771
10882,6942,2390,204.538
10883,2390,6942,204.538
10884,2391,3442,94.288
10885,3442,2391,94.288
10886,2391,2392,207.754
10887,2392,2391,207.754
10888,9413,2391,96.85
10889,9416,2391,96.792
10890,2392,3704,94.342
10891,3704,2392,94.342
10892,2393,3705,94.372
10893,3705,2393,94.372
10894,2394,3706,94.43
10895,3706,2394,94.43
10896,2394,2395,207.284
10897,2395,2394,207.284
10898,2395,3707,94.459
10899,3707,2395,94.459
10900,2395,2396,207.764
10901,2396,2395,207.764
10902,2396,9495,201.268
10903,9495,2396,201.268
10904,2396,3708,94.479
10905,3708,2396,94.479
10906,8958,2396,94.418
10907,2396,8958,94.418
10908,2397,3709,94.565
10909,3709,2397,94.565
10910,2397,2398,207.797
10911,2398,2397,207.797
10912,2398,3710,94.603
10913,3710,2398,94.603
10914,2398,2399,207.229
10915,2399,2398,207.229
10916,3711,2399,94.629
10917,2399,3711,94.629
10918,2399,8954,135.364
10919,8954,2399,135.364
10920,2400,2401,153.339
10921,2401,2400,153.339
10922,2400,6104,113.849
10923,6104,2400,113.849
10924,2401,3699,96.41100000000002
10925,3699,2401,96.41100000000002
10926,2402,2403,260.295
10927,2403,2402,260.295
10928,2402,2980,122.24
10929,8506,2402,44.808
10930,6225,2403,79.13
10931,2403,6225,79.13
10932,8606,2403,15.781
10933,2404,2405,31.132
10934,2405,2404,31.132
10935,2404,9575,63.266000000000005
10936,5728,2405,15.608
10937,2405,5728,15.608
10938,2405,9575,51.414
10939,9575,2406,84.18199999999999
10940,8727,2407,83.164
10941,2407,8727,83.164
10942,3199,2407,212.424
10943,2408,2409,193.54800000000003
10944,2409,2408,193.54800000000003
10945,2408,3651,90.176
10946,3651,2408,90.176
10947,3651,2408,95.08
10948,3650,2408,88.41900000000001
10949,2408,3650,88.41900000000001
10950,2409,2410,195.503
10951,2410,2409,195.503
10952,2409,3058,90.01599999999999
10953,3058,2409,90.01599999999999
10954,3057,2409,88.293
10955,2409,3057,88.293
10956,5117,2410,90.161
10957,2410,5117,90.161
10958,2410,4907,89.845
10959,4907,2410,89.845
10960,2411,6121,75.469
10961,6121,2411,75.469
10962,2412,5430,97.272
10963,9044,2412,91.196
10964,8205,2413,208.848
10965,2413,8205,208.848
10966,2413,7176,203.046
10967,2413,2414,108.796
10968,2414,2413,108.796
10969,4458,2413,201.907
10970,2414,2415,55.790000000000006
10971,2415,2414,55.790000000000006
10972,9094,2414,61.647000000000006
10973,2414,9094,61.647000000000006
10974,2415,2416,110.262
10975,2416,2415,110.262
10976,9093,2415,62.172
10977,2415,9093,62.172
10978,9460,2416,61.866
10979,2416,9460,61.866
10980,2418,2417,75.06099999999999
10981,7833,2417,15.572
10982,2418,2419,38.641000000000005
10983,2419,2418,38.641000000000005
10984,7833,2418,82.283
10985,5842,2419,84.708
10986,2419,5842,84.708
10987,2419,2420,126.144
10988,2420,2419,126.144
10989,2420,4359,109.129
10990,4359,2420,109.129
10991,4351,2420,66.024
10992,2420,4351,66.024
10993,7217,2421,53.881
10994,2421,7217,53.881
10995,2421,2765,50.844
10996,2765,2421,50.844
10997,2764,2421,194.541
10998,2422,4627,193.35
10999,2422,2423,108.711
11000,2423,2422,108.711
11001,7960,2422,192.695
11002,2423,9329,61.317
11003,2423,9329,63.876
11004,2423,2424,108.247
11005,2424,2423,108.247
11006,9292,2423,74.042
11007,2424,2425,108.941
11008,2424,4275,72.83699999999999
11009,9233,2424,95.541
11010,2425,4987,66.499
11011,2425,2426,277.73600000000005
11012,3765,2425,126.745
11013,2426,8140,70.141
11014,8140,2426,70.141
11015,2426,2427,89.64
11016,3486,2426,66.48599999999999
11017,2426,3486,66.48599999999999
11018,2427,2428,49.601000000000006
11019,4276,2427,67.81400000000001
11020,2428,3560,188.849
11021,2429,5982,124.578
11022,2429,9539,191.009
11023,3756,2429,128.488
11024,2430,4251,66.13499999999999
11025,4251,2430,66.13499999999999
11026,9721,2430,8.312
11027,2430,9721,8.312
11028,9539,2430,86.948
11029,2431,3565,191.074
11030,3565,2431,191.074
11031,2431,2432,70.556
11032,2432,3567,191.353
11033,3567,2432,191.353
11034,4268,2432,70.03200000000001
11035,2432,4268,70.03200000000001
11036,2433,2434,72.478
11037,2433,3569,191.47
11038,2434,2435,63.179
11039,3570,2434,191.28
11040,2435,6270,125.871
11041,6270,2435,125.871
11042,2435,2436,74.888
11043,2436,2437,190.923
11044,2436,5618,64.19999999999999
11045,4269,2436,68.89800000000001
11046,2437,4270,69.49000000000001
11047,5304,2437,64.125
11048,2438,2439,22.944
11049,2438,3574,191.476
11050,3574,2438,191.476
11051,2439,2440,51.473
11052,2439,5781,193.831
11053,2440,3575,191.473
11054,2440,2441,149.584
11055,4272,2440,69.119
11056,2441,4248,68.328
11057,4248,2441,68.328
11058,2441,3031,72.944
11059,3031,2441,72.944
11060,2441,2442,97.07999999999998
11061,2442,2441,97.07999999999998
11062,2442,2443,96.544
11063,2443,2442,96.544
11064,4273,2442,66.869
11065,2443,3032,75.536
11066,3032,2443,75.536
11067,6440,2443,134.03900000000002
11068,2443,6440,134.03900000000002
11069,2443,2444,107.738
11070,2444,2443,107.738
11071,2444,7325,41.88999999999999
11072,7196,2444,69.657
11073,2445,2446,81.916
11074,2446,2445,81.916
11075,2445,7671,99.383
11076,7671,2445,99.383
11077,7672,2446,95.733
11078,2446,7672,95.733
11079,4414,2447,266.178
11080,2447,4414,266.178
11081,2447,2835,106.549
11082,2835,2447,112.55400000000002
11083,2448,9115,16.586
11084,9115,2448,16.586
11085,2448,2834,21.298
11086,2834,2448,21.298
11087,2837,2448,248.452
11088,2448,2837,248.452
11089,3086,2449,34.914
11090,2449,3086,34.914
11091,2449,5490,110.213
11092,5490,2449,110.213
11093,2449,3087,40.559
11094,3087,2449,40.559
11095,2450,7675,50.98
11096,7675,2450,50.98
11097,2450,2451,133.743
11098,2451,2450,133.743
11099,2601,2450,94.348
11100,2450,2601,94.348
11101,2452,3972,66.209
11102,3972,2452,66.209
11103,2454,2455,66.6
11104,2455,2454,66.6
11105,2454,5979,65.773
11106,2457,2454,9.953
11107,2456,9180,122.707
11108,2457,2456,149.32
11109,5303,2456,75.654
11110,9004,2457,115.794
11111,2458,2459,74.673
11112,2459,2458,74.673
11113,2458,3678,59.864
11114,3678,2458,59.864
11115,3379,2458,65.58200000000001
11116,2458,3379,65.58200000000001
11117,2460,3483,60.16
11118,3483,2460,60.16
11119,3484,2460,66.83
11120,2460,3484,66.83
11121,2461,2460,86.661
11122,2461,4695,28.385
11123,2461,2462,97.183
11124,2462,2461,97.183
11125,3680,2461,60.572
11126,2462,4771,28.881
11127,2756,2463,18.525
11128,2463,2756,18.525
11129,2755,2463,41.092
11130,2463,2755,41.092
11131,2464,5587,275.199
11132,5587,2464,275.199
11133,5379,2464,83.539
11134,2464,5379,83.539
11135,9518,2464,62.047
11136,8210,2465,81.01000000000002
11137,2465,8210,81.01000000000002
11138,2465,4228,57.811
11139,4228,2465,57.811
11140,4227,2465,79.168
11141,2465,4227,79.168
11142,7243,2465,58.32800000000001
11143,2466,4892,98.744
11144,4892,2466,98.744
11145,6326,2466,101.74
11146,2466,6326,101.74
11147,2467,2468,25.257
11148,2468,2467,25.257
11149,2468,7515,48.071
11150,7515,2468,48.071
11151,6636,2468,103.137
11152,2468,6636,103.137
11153,2469,9529,132.892
11154,9529,2469,132.892
11155,7515,2469,20.313
11156,2469,7515,20.313
11157,2469,4512,68.255
11158,4512,2469,68.255
11159,9529,2470,62.668
11160,2470,9529,62.668
11161,2470,3010,67.77
11162,3010,2470,67.77
11163,2471,2470,160.33
11164,6578,2471,54.128
11165,2471,6578,54.128
11166,2472,2471,138.64
11167,2472,5551,54.75
11168,5551,2472,54.75
11169,2473,5944,57.415
11170,5944,2473,57.415
11171,2474,2475,106.498
11172,2475,2474,106.498
11173,2474,3541,88.762
11174,3541,2474,88.762
11175,4753,2474,91.437
11176,2474,4753,91.437
11177,2475,7075,91.49
11178,7076,2475,89.702
11179,2476,8562,14.487
11180,8562,2476,14.487
11181,2476,8562,275.046
11182,7159,2476,73.378
11183,2476,7159,73.378
11184,8900,2477,95.744
11185,2477,8900,95.744
11186,2478,5992,73.828
11187,5992,2478,73.828
11188,2478,2479,137.773
11189,2479,2478,137.773
11190,3830,2479,94.296
11191,2479,3830,94.296
11192,2479,4863,94.256
11193,4863,2479,94.256
11194,2479,6849,207.061
11195,6849,2479,207.061
11196,2480,2702,94.196
11197,2702,2480,94.196
11198,6893,2480,207.261
11199,2480,6893,207.261
11200,2480,2481,207.772
11201,2481,2480,207.772
11202,2481,4864,94.163
11203,4864,2481,94.163
11204,2481,2482,208.018
11205,2482,2481,208.018
11206,3832,2481,94.258
11207,2481,3832,94.258
11208,2482,8880,207.918
11209,8880,2482,207.918
11210,2482,4865,94.139
11211,4865,2482,94.139
11212,3833,2482,94.245
11213,2482,3833,94.245
11214,2483,4866,94.144
11215,4866,2483,94.144
11216,2483,2484,207.787
11217,2484,2483,207.787
11218,6940,2483,204.533
11219,2483,6940,204.533
11220,3834,2483,94.302
11221,2483,3834,94.302
11222,2484,3445,93.925
11223,3445,2484,93.925
11224,2484,2485,207.741
11225,2485,2484,207.741
11226,3444,2484,94.295
11227,2484,3444,94.295
11228,2485,4867,94.176
11229,4867,2485,94.176
11230,3835,2485,94.30599999999998
11231,2485,3835,94.30599999999998
11232,2486,4203,94.196
11233,4203,2486,94.196
11234,3836,2486,94.32
11235,2486,3836,94.32
11236,2487,2488,207.285
11237,2488,2487,207.285
11238,3837,2487,94.343
11239,2487,3837,94.343
11240,2487,3924,94.21
11241,3924,2487,94.21
11242,2488,4363,94.222
11243,4363,2488,94.222
11244,3838,2488,94.346
11245,2488,3838,94.346
11246,2488,2489,207.731
11247,2489,2488,207.731
11248,2489,2490,207.841
11249,2490,2489,207.841
11250,2489,4868,94.241
11251,4868,2489,94.241
11252,3839,2489,94.347
11253,2489,3839,94.347
11254,2490,2894,94.245
11255,2894,2490,94.245
11256,2893,2490,94.358
11257,2490,2893,94.358
11258,2491,4869,94.012
11259,4869,2491,94.012
11260,3840,2491,94.627
11261,2491,3840,94.627
11262,2491,2492,207.823
11263,2492,2491,207.823
11264,2492,4870,94.286
11265,4870,2492,94.286
11266,3841,2492,94.374
11267,2492,3841,94.374
11268,2492,8935,207.329
11269,8935,2492,207.329
11270,7709,2493,18.77
11271,2493,7709,18.77
11272,2493,2494,146.697
11273,2493,4967,54.789
11274,4967,2493,54.789
11275,4968,2494,53.336
11276,2494,4968,53.336
11277,2495,2496,79.214
11278,2496,2495,79.214
11279,6227,2495,10.451
11280,2495,6227,10.451
11281,2496,2497,27.565
11282,2497,2496,27.565
11283,2496,4214,144.623
11284,4214,2496,144.623
11285,2497,5722,64.869
11286,5722,2497,64.869
11287,8439,2498,93.75
11288,2498,8439,93.75
11289,2498,9614,84.272
11290,9614,2498,84.272
11291,4108,2498,80.843
11292,2498,4108,80.843
11293,2499,2500,94.391
11294,2500,2499,94.391
11295,2499,5686,118.714
11296,5686,2499,118.714
11297,5201,2499,71.038
11298,2499,5201,71.038
11299,2500,2501,93.253
11300,2501,2500,93.253
11301,2500,3823,118.387
11302,3823,2500,118.387
11303,2501,4881,118.018
11304,4881,2501,118.018
11305,2502,2503,89.32499999999999
11306,2503,2502,89.32499999999999
11307,8579,2502,87.81400000000001
11308,2502,8579,87.81400000000001
11309,2502,3550,117.651
11310,3550,2502,117.651
11311,3939,2503,108.41
11312,2503,3939,108.41
11313,2503,5687,117.281
11314,5687,2503,117.281
11315,2504,2505,104.65
11316,2505,2504,104.65
11317,2504,4494,50.89
11318,4494,2504,50.89
11319,4493,2504,95.224
11320,2504,4493,95.224
11321,2505,4788,95.138
11322,4788,2505,95.138
11323,4789,2505,94.82600000000002
11324,2505,4789,94.82600000000002
11325,2506,8645,103.508
11326,8645,2506,103.508
11327,6912,2506,101.688
11328,2506,6912,101.688
11329,8963,2506,99.234
11330,2506,8963,99.234
11331,2507,5933,103.96
11332,5933,2507,103.96
11333,6913,2507,100.541
11334,2507,6913,100.541
11335,2508,3284,103.805
11336,3284,2508,103.805
11337,2509,7580,9.502
11338,7580,2509,9.502
11339,2509,7632,101.732
11340,8311,2509,103.151
11341,2510,2511,104.596
11342,5183,2510,101.416
11343,7580,2510,103.734
11344,2511,2512,104.266
11345,2511,4454,102.223
11346,2512,2513,104.40200000000002
11347,5121,2512,96.147
11348,2513,8813,73.528
11349,2513,6139,49.327000000000005
11350,6139,2513,49.327000000000005
11351,2514,2515,135.78199999999998
11352,2514,6141,49.632000000000005
11353,2515,2516,46.458
11354,2515,4576,49.698
11355,2516,2517,95.525
11356,5188,2516,99.092
11357,2517,5189,99.111
11358,5189,2517,99.111
11359,9465,2517,391.153
11360,2517,9465,391.153
11361,2517,2518,144.93500000000003
11362,2518,2519,148.02800000000002
11363,2518,9184,47.656
11364,9184,2518,47.656
11365,2518,9354,106.508
11366,9355,2518,106.869
11367,2519,4393,99.439
11368,2520,5190,99.357
11369,5190,2520,99.357
11370,2520,2521,146.205
11371,2521,2522,146.43000000000004
11372,5191,2521,99.286
11373,2521,5191,99.286
11374,2522,5192,99.212
11375,5192,2522,99.212
11376,2522,2523,146.456
11377,2523,2524,146.37400000000002
11378,5193,2523,99.133
11379,2523,5193,99.133
11380,2524,5194,99.053
11381,5194,2524,99.053
11382,2524,2525,146.351
11383,2525,4432,98.994
11384,4432,2525,98.994
11385,2525,6754,136.108
11386,2526,8137,100.713
11387,2526,9532,136.43800000000002
11388,5195,2526,98.588
11389,9764,2526,10.65
11390,4532,2527,99.305
11391,2527,4532,99.305
11392,2527,2528,146.253
11393,2528,2527,146.253
11394,2528,2529,146.362
11395,2529,2528,146.362
11396,5179,2528,99.357
11397,2528,5179,99.357
11398,2529,2530,146.14499999999998
11399,2530,2529,146.14499999999998
11400,9222,2529,99.411
11401,2529,9222,99.411
11402,2530,9223,99.34
11403,9223,2530,99.34
11404,2530,2531,146.58200000000002
11405,2531,2530,146.58200000000002
11406,2531,6657,99.283
11407,6657,2531,99.283
11408,2531,8822,148.735
11409,8822,2531,148.735
11410,2532,5166,99.093
11411,5166,2532,99.093
11412,2532,2533,146.442
11413,2533,2532,146.442
11414,2533,5148,99.015
11415,5148,2533,99.015
11416,2533,2534,123.951
11417,2534,2533,123.951
11418,2534,5181,98.976
11419,5181,2534,98.976
11420,5107,2535,99.165
11421,2535,5107,99.165
11422,2536,2537,146.356
11423,2537,2536,146.356
11424,3474,2536,99.283
11425,2536,3474,99.283
11426,3000,2537,99.341
11427,2537,3000,99.341
11428,2537,2538,146.327
11429,2538,2537,146.327
11430,4930,2538,98.889
11431,2538,4930,98.889
11432,2538,2539,211.599
11433,2539,2538,211.599
11434,2540,7926,105.399
11435,7926,2540,105.399
11436,2540,7918,8.458
11437,7916,2540,28.32
11438,7917,2540,9.633
11439,2541,2542,251.062
11440,2542,2541,251.062
11441,7926,2541,131.1
11442,2541,7926,131.1
11443,3875,2541,206.47
11444,2542,3875,34.021
11445,7925,2542,44.043
11446,2543,9330,12.322
11447,8022,2543,57.657
11448,2544,7547,81.077
11449,7547,2544,81.077
11450,8021,2544,79.96100000000001
11451,2544,8021,79.96100000000001
11452,2544,2545,86.02300000000001
11453,2545,2544,86.02300000000001
11454,2545,3464,160.711
11455,3464,2545,160.711
11456,2545,2546,84.712
11457,2546,2545,84.712
11458,8020,2546,81.41299999999998
11459,2546,8020,81.41299999999998
11460,2546,7177,75.867
11461,7177,2546,75.867
11462,2547,2548,146.147
11463,2548,2547,146.147
11464,5515,2547,149.437
11465,2547,5515,149.437
11466,5108,2548,76.06
11467,2548,5108,76.06
11468,2549,5545,85.066
11469,5545,2549,85.066
11470,2549,2550,200.467
11471,2550,2549,200.467
11472,2550,5546,85.84599999999999
11473,5546,2550,85.84599999999999
11474,2550,2551,203.22
11475,2551,2550,203.22
11476,2551,7019,46.61
11477,7019,2551,46.61
11478,2551,5547,85.87899999999999
11479,5547,2551,85.87899999999999
11480,7274,2552,13.893
11481,2552,7274,13.893
11482,2552,7657,20.621
11483,2552,8758,12.675999999999998
11484,8758,2552,12.675999999999998
11485,9736,2552,32.904
11486,2553,8670,35.35
11487,2553,8761,41.058
11488,7274,2553,36.026
11489,2554,6788,66.827
11490,2554,8668,33.48
11491,7276,2554,67.175
11492,2555,2556,189.591
11493,2555,2819,69.772
11494,2819,2555,69.772
11495,7073,2556,69.751
11496,2557,3390,77.015
11497,3390,2557,77.015
11498,3389,2557,94.158
11499,2557,3389,94.158
11500,2557,2558,182.215
11501,2558,2557,182.215
11502,2558,4074,94.92
11503,4074,2558,94.92
11504,8331,2558,89.992
11505,2558,8331,89.992
11506,2559,6074,94.153
11507,6074,2559,94.153
11508,8158,2559,109.543
11509,2559,8158,109.543
11510,2560,2561,131.019
11511,2561,2560,131.019
11512,2560,3899,23.8
11513,3899,2560,22.316
11514,2560,5418,118.256
11515,5418,2560,118.256
11516,5212,2560,158.874
11517,2560,5212,158.874
11518,2561,2562,91.834
11519,2562,2561,91.834
11520,2561,2862,140.221
11521,2862,2561,140.221
11522,2562,4567,140.237
11523,4567,2562,140.237
11524,2562,2563,91.324
11525,2563,2562,91.324
11526,2563,3068,140.79
11527,3068,2563,140.79
11528,2563,2564,91.441
11529,2564,2563,91.441
11530,4562,2564,140.06900000000002
11531,2564,4562,140.06900000000002
11532,2565,6314,140.21
11533,6314,2565,140.21
11534,2565,2566,276.6
11535,2566,2565,276.6
11536,2566,2567,92.745
11537,2567,2566,92.745
11538,2566,6324,145.429
11539,6324,2566,145.429
11540,2567,5250,139.839
11541,5250,2567,139.839
11542,2567,2568,30.808
11543,2568,2567,30.808
11544,4746,2568,122.859
11545,2568,4746,122.859
11546,2568,2569,60.186
11547,2569,2568,60.186
11548,2569,6325,139.758
11549,6325,2569,139.758
11550,2569,2570,182.81
11551,2570,2569,182.81
11552,2570,5116,139.849
11553,5116,2570,139.849
11554,2570,2571,91.162
11555,2571,2570,91.162
11556,5116,2571,228.762
11557,2571,5116,228.762
11558,2572,2573,49.558
11559,2573,2572,49.558
11560,2572,3420,269.008
11561,3420,2572,269.008
11562,3419,2572,139.97099999999998
11563,2572,3419,139.97099999999998
11564,2574,2575,62.14699999999999
11565,2575,2574,62.14699999999999
11566,2574,6416,48.977
11567,6416,2574,48.977
11568,6336,2574,96.07
11569,2574,6336,96.07
11570,2575,2576,150.59799999999998
11571,2576,2575,150.59799999999998
11572,5657,2575,90.981
11573,2575,5657,90.981
11574,2576,5658,92.23
11575,9462,2576,5.805
11576,2578,5302,127.09199999999998
11577,5302,2578,127.09199999999998
11578,5555,2578,177.207
11579,2578,5555,177.207
11580,2578,2579,62.543000000000006
11581,2579,2578,62.543000000000006
11582,2579,2580,79.375
11583,2580,2579,79.375
11584,2579,5302,122.254
11585,5301,2579,167.41799999999998
11586,2579,5301,167.41799999999998
11587,2580,2581,81.786
11588,2581,2580,81.786
11589,2580,6210,159.673
11590,6210,2580,159.673
11591,5556,2580,168.404
11592,2580,5556,168.404
11593,2581,7813,6.761
11594,7813,2581,6.761
11595,2581,7729,271.205
11596,7729,2581,271.205
11597,7426,2581,70.482
11598,2581,7426,70.482
11599,2582,7816,8.291
11600,2582,2583,38.379000000000005
11601,7424,2582,43.632000000000005
11602,7425,2582,9.331
11603,2583,7428,69.175
11604,7424,2583,69.245
11605,2584,7814,11.471
11606,2584,4071,26.021
11607,5014,2584,32.567
11608,7428,2584,12.634
11609,3212,2585,124.698
11610,2585,3212,124.698
11611,2585,7993,37.517
11612,7993,2585,37.517
11613,7755,2585,208.253
11614,2585,7755,208.253
11615,2586,7113,107.615
11616,7113,2586,107.615
11617,2586,4123,147.73000000000002
11618,4123,2586,147.73000000000002
11619,5381,2586,53.165
11620,2586,5381,53.165
11621,7113,2587,12.491
11622,2587,7113,12.491
11623,2587,2588,45.231
11624,2588,2587,45.231
11625,2587,2948,409.848
11626,2947,2587,211.551
11627,4143,2588,58.976
11628,2588,4143,58.976
11629,2588,2589,57.954
11630,2589,2588,57.954
11631,3951,2589,68.432
11632,2589,3951,68.432
11633,2589,2590,76.263
11634,2590,2589,76.263
11635,6686,2590,137.124
11636,2590,6686,137.124
11637,2590,2591,87.469
11638,2591,2590,87.469
11639,6687,2591,77.111
11640,2591,6687,77.111
11641,2591,6688,105.244
11642,6688,2591,105.244
11643,3643,2592,97.994
11644,2592,3643,97.994
11645,2592,2593,178.609
11646,2593,2592,178.609
11647,2593,2594,177.234
11648,2594,2593,177.234
11649,3644,2593,99.594
11650,2594,2595,90.16
11651,2595,2594,90.16
11652,2594,3645,98.479
11653,3645,2594,98.479
11654,2595,3179,98.691
11655,3179,2595,98.691
11656,2596,3569,56.599
11657,2597,2596,68.925
11658,2596,2597,68.925
11659,3570,2596,13.541
11660,2598,2597,25.598
11661,2597,2598,25.598
11662,2597,5262,52.921
11663,5262,2597,52.921
11664,2599,8403,1.171
11665,8403,2599,1.171
11666,2599,2600,195.716
11667,3545,2599,92.082
11668,2599,3545,92.082
11669,2600,3040,76.249
11670,3040,2600,76.249
11671,3041,2600,13.438
11672,2600,3041,13.438
11673,2601,2602,17.167
11674,2602,2601,17.167
11675,2602,7739,103.469
11676,7739,2602,103.469
11677,6205,2603,83.635
11678,2603,6205,83.635
11679,2603,6999,145.647
11680,6999,2603,145.647
11681,2604,2605,75.785
11682,2605,2604,75.785
11683,2604,6000,70.111
11684,6000,2604,70.111
11685,2661,2604,80.28800000000001
11686,2604,2661,80.28800000000001
11687,2606,2607,6.411
11688,2607,2606,6.411
11689,2607,2608,133.098
11690,2608,2607,133.098
11691,2607,6105,54.079
11692,6105,2607,54.079
11693,9622,2607,56.159000000000006
11694,2607,9622,56.159000000000006
11695,2608,5425,54.471
11696,5425,2608,54.471
11697,5424,2608,54.762
11698,2608,5424,54.762
11699,2608,2609,154.559
11700,2609,2608,154.559
11701,2609,3006,53.262
11702,3006,2609,53.262
11703,3005,2609,56.585
11704,2609,3005,56.585
11705,2609,2610,84.88699999999999
11706,2610,2609,84.88699999999999
11707,2611,5548,57.095
11708,5548,2611,57.095
11709,2743,2612,230.771
11710,2612,2743,230.771
11711,2613,2614,78.645
11712,2614,2613,78.645
11713,4466,2613,300.727
11714,2613,4466,300.727
11715,2614,2615,108.308
11716,2615,2614,108.308
11717,2614,5942,57.009
11718,5942,2614,57.009
11719,4098,2614,58.586
11720,2614,4098,58.586
11721,2615,2616,70.298
11722,2616,2615,70.298
11723,4099,2615,59.295
11724,2615,4099,59.295
11725,2617,2618,231.892
11726,2618,2617,231.892
11727,2617,3027,79.56599999999999
11728,3027,2617,79.56599999999999
11729,9108,2617,35.956
11730,2617,9108,35.956
11731,2618,3028,60.503
11732,3028,2618,60.503
11733,8421,2618,12.384
11734,2618,8421,12.384
11735,2618,2619,112.521
11736,2619,2618,112.521
11737,2619,2620,82.317
11738,2620,2619,82.317
11739,2619,3029,58.903000000000006
11740,3029,2619,58.903000000000006
11741,5668,2619,168.343
11742,2619,5668,168.343
11743,2620,5669,189.432
11744,5669,2620,189.432
11745,3980,2620,142.595
11746,2620,3980,142.595
11747,2621,2622,28.687
11748,2622,2621,28.687
11749,2631,2621,79.711
11750,2622,3281,71.435
11751,3281,2622,71.435
11752,2623,2624,229.092
11753,2869,2623,478.47
11754,2623,2869,478.47
11755,2623,2869,33.424
11756,2869,2623,33.424
11757,2624,4151,77.2
11758,4151,2624,77.2
11759,2624,2625,196.045
11760,8632,2624,50.290000000000006
11761,2624,8632,50.290000000000006
11762,3206,2625,78.432
11763,2625,3206,78.432
11764,2625,2626,196.667
11765,2626,2625,196.667
11766,2625,3207,79.807
11767,3207,2625,79.807
11768,2626,4152,79.629
11769,4152,2626,79.629
11770,4152,2626,477.568
11771,2626,4152,477.568
11772,4747,2626,80.016
11773,2626,4747,80.016
11774,2627,9267,33.506
11775,2628,2627,25.478
11776,9267,2628,14.107
11777,2628,9267,14.107
11778,2628,8695,200.596
11779,8695,2628,200.596
11780,8349,2628,130.05499999999998
11781,2629,9267,80.636
11782,9267,2629,80.636
11783,2629,8340,101.186
11784,8709,2629,42.233
11785,2629,8709,42.233
11786,2630,8709,8.293
11787,8709,2630,8.293
11788,2631,2630,34.541
11789,2630,2631,34.541
11790,8339,2631,122.135
11791,2631,8339,122.135
11792,3364,2632,133.551
11793,2632,3364,133.551
11794,2632,2633,33.081999999999994
11795,2633,2632,33.081999999999994
11796,2633,8705,6.66
11797,8705,2633,6.66
11798,3224,2633,131.022
11799,2633,3224,131.022
11800,2634,5524,37.697
11801,5524,2634,37.697
11802,8705,2634,25.883000000000003
11803,2634,8705,25.883000000000003
11804,9610,2634,20.052
11805,2634,9610,20.052
11806,2635,5513,99.422
11807,5513,2635,99.422
11808,2635,3482,242.16000000000005
11809,3482,2635,242.16000000000005
11810,7201,2635,207.699
11811,2635,7201,207.699
11812,4606,2636,76.76599999999999
11813,9574,2636,141.393
11814,2637,7878,100.944
11815,2637,6003,103.312
11816,2638,2637,146.356
11817,6487,2637,104.848
11818,2638,6372,104.964
11819,2639,2638,72.955
11820,6004,2638,105.549
11821,6623,2639,52.912
11822,2639,6623,52.912
11823,2640,2639,73.50699999999999
11824,2640,6005,105.145
11825,2641,2640,146.5
11826,6303,2640,105.077
11827,2641,6094,105.101
11828,2642,2641,145.745
11829,6006,2641,107.111
11830,2642,4426,104.977
11831,4426,2642,104.977
11832,4425,2642,52.444
11833,2642,4425,52.444
11834,6764,2642,137.201
11835,2643,9785,7.462
11836,2643,6008,106.001
11837,2644,2643,135.166
11838,6604,2643,104.904
11839,5912,2644,104.943
11840,9250,2644,146.483
11841,2645,4528,105.054
11842,2645,8472,279.78100000000006
11843,4527,2645,105.074
11844,6771,2645,12.889
11845,2646,6771,146.43800000000002
11846,2646,6474,105.019
11847,6474,2646,105.019
11848,6009,2646,105.12
11849,2646,6009,105.12
11850,9280,2646,146.31900000000002
11851,2647,6178,104.989
11852,6178,2647,104.989
11853,6010,2647,104.786
11854,2647,6010,104.786
11855,2647,9280,146.242
11856,2648,2647,146.43200000000002
11857,2648,5135,52.783
11858,5135,2648,52.783
11859,5134,2648,104.615
11860,2648,5134,104.615
11861,2649,2648,74.398
11862,2649,2715,104.956
11863,2715,2649,104.956
11864,2650,2649,70.003
11865,7149,2650,8.457
11866,2650,7149,8.457
11867,2650,5322,104.93099999999998
11868,5321,2650,104.669
11869,5175,2651,104.692
11870,2651,5175,104.692
11871,2651,5176,108.384
11872,5176,2651,108.384
11873,2652,2651,145.613
11874,2651,2652,145.613
11875,2653,2652,147.17999999999998
11876,2652,2653,147.17999999999998
11877,2652,5156,107.779
11878,5156,2652,107.779
11879,9548,2652,99.113
11880,2652,9548,99.113
11881,9552,2653,147.71200000000002
11882,2653,9552,147.71200000000002
11883,2653,3176,107.616
11884,3176,2653,107.616
11885,3175,2653,105.254
11886,2653,3175,105.254
11887,2654,9552,7.504
11888,9552,2654,7.504
11889,2655,2654,80.81
11890,2654,2655,80.81
11891,6545,2654,107.688
11892,6044,2655,107.769
11893,2655,6044,107.769
11894,9557,2656,107.848
11895,2656,9557,107.848
11896,2657,2656,78.798
11897,2656,2657,78.798
11898,2658,2657,78.879
11899,2657,2658,78.879
11900,7643,2657,102.474
11901,2657,7643,102.474
11902,7642,2658,101.755
11903,2658,7642,101.755
11904,5770,2659,109.0
11905,2659,5770,109.0
11906,2659,5771,124.375
11907,5771,2659,124.375
11908,2660,3374,63.773
11909,3374,2660,63.773
11910,3373,2660,122.223
11911,2660,3373,122.223
11912,6360,2661,63.966
11913,2661,6360,63.966
11914,2662,6185,40.617
11915,2663,2662,190.129
11916,2664,2662,142.308
11917,5524,2663,47.857
11918,2663,5524,47.857
11919,6409,2663,128.173
11920,2664,2756,40.376000000000005
11921,2756,2664,40.376000000000005
11922,2757,2664,63.735
11923,2664,2757,63.735
11924,2665,9293,74.93200000000002
11925,2665,6419,108.509
11926,6419,2665,108.509
11927,2665,4627,108.785
11928,4627,2665,108.785
11929,9312,2665,212.614
11930,2666,2667,34.94
11931,2667,2666,34.94
11932,2666,5490,9.075
11933,5490,2666,9.075
11934,7290,2668,10.296
11935,2668,7290,10.296
11936,2668,5841,100.973
11937,2668,2669,106.915
11938,2669,2668,106.915
11939,9644,2668,72.74099999999999
11940,6676,2669,141.31799999999998
11941,2669,6676,141.31799999999998
11942,2669,2670,91.336
11943,2670,2669,91.336
11944,2670,2671,91.21
11945,2671,2670,91.21
11946,6854,2670,146.775
11947,2670,6854,146.775
11948,2671,2672,91.283
11949,2672,2671,91.283
11950,6856,2671,146.899
11951,2671,6856,146.899
11952,2672,2673,91.443
11953,2673,2672,91.443
11954,2672,6857,146.72200000000004
11955,2673,2674,87.125
11956,2674,2673,87.125
11957,6858,2673,146.68
11958,2673,6858,146.68
11959,2674,5770,271.177
11960,5770,2674,271.177
11961,6855,2674,146.721
11962,2674,6855,146.721
11963,8597,2675,42.234
11964,2675,8597,42.234
11965,2675,2676,33.933
11966,2676,2675,33.933
11967,8734,2675,46.763
11968,2676,8734,35.57
11969,8734,2676,35.57
11970,8820,2676,33.714
11971,2676,8820,33.714
11972,2676,8819,32.214
11973,8819,2676,32.214
11974,8819,2677,31.21
11975,2677,8819,31.21
11976,2677,6497,248.511
11977,6497,2677,248.511
11978,4016,2678,111.855
11979,2678,4016,111.855
11980,2678,2679,88.134
11981,2679,2678,88.134
11982,2679,2680,98.554
11983,2680,2679,98.554
11984,6859,2679,206.671
11985,2679,6859,206.671
11986,2679,3372,149.955
11987,3372,2679,149.955
11988,2680,4190,208.297
11989,4190,2680,208.297
11990,6864,2680,207.403
11991,2680,6864,207.403
11992,2681,6861,207.436
11993,6861,2681,207.436
11994,5866,2681,208.384
11995,2681,5866,208.384
11996,2682,2683,94.308
11997,2683,2682,94.308
11998,2682,3288,208.317
11999,3288,2682,208.317
12000,6867,2682,207.492
12001,2682,6867,207.492
12002,2683,5867,208.30900000000003
12003,5867,2683,208.30900000000003
12004,6868,2683,207.509
12005,2683,6868,207.509
12006,2684,5868,208.256
12007,5868,2684,208.256
12008,2684,2685,94.132
12009,2685,2684,94.132
12010,6866,2684,207.554
12011,2684,6866,207.554
12012,2685,5869,208.24
12013,5869,2685,208.24
12014,6876,2685,207.571
12015,2685,6876,207.571
12016,2686,5370,208.202
12017,5370,2686,208.202
12018,6875,2686,207.568
12019,2686,6875,207.568
12020,2686,6711,40.689
12021,6711,2686,40.689
12022,6711,2687,12.404
12023,2687,6711,12.404
12024,2687,4710,208.182
12025,2687,2688,40.926
12026,2688,2687,40.926
12027,6877,2687,207.558
12028,2688,5870,208.169
12029,5870,2688,208.169
12030,6870,2688,207.559
12031,2688,6870,207.559
12032,2688,2689,98.772
12033,2689,2688,98.772
12034,2689,2690,98.984
12035,2690,2689,98.984
12036,2689,5871,208.15
12037,5871,2689,208.15
12038,6871,2689,207.548
12039,2689,6871,207.548
12040,2690,2691,94.18500000000002
12041,2691,2690,94.18500000000002
12042,2690,3793,208.128
12043,3793,2690,208.128
12044,6872,2690,207.527
12045,2690,6872,207.527
12046,2691,2692,94.406
12047,2692,2691,94.406
12048,2691,4658,208.106
12049,4658,2691,208.106
12050,6873,2691,207.504
12051,2691,6873,207.504
12052,2692,2693,94.266
12053,2693,2692,94.266
12054,2692,5449,208.093
12055,5449,2692,208.093
12056,6883,2692,207.481
12057,2692,6883,207.481
12058,2693,2694,94.124
12059,2694,2693,94.124
12060,2693,3415,208.073
12061,3415,2693,208.073
12062,6880,2693,207.474
12063,2693,6880,207.474
12064,2694,2695,94.494
12065,2695,2694,94.494
12066,2694,5872,208.049
12067,5872,2694,208.049
12068,6879,2694,207.437
12069,2694,6879,207.437
12070,2695,2696,94.353
12071,2696,2695,94.353
12072,2695,5873,208.032
12073,5873,2695,208.032
12074,6884,2695,207.43
12075,2695,6884,207.43
12076,2696,2697,94.257
12077,2697,2696,94.257
12078,2696,5501,208.005
12079,5501,2696,208.005
12080,6885,2696,207.414
12081,2696,6885,207.414
12082,2697,4677,207.985
12083,4677,2697,207.985
12084,6886,2697,207.407
12085,2697,6886,207.407
12086,2698,2699,94.257
12087,2699,2698,94.257
12088,2698,2767,207.94000000000003
12089,2767,2698,207.94000000000003
12090,6888,2698,207.361
12091,2698,6888,207.361
12092,2699,4023,207.928
12093,4023,2699,207.928
12094,6889,2699,207.349
12095,2699,6889,207.349
12096,2700,2701,94.328
12097,2701,2700,94.328
12098,2700,3701,207.863
12099,3701,2700,207.863
12100,6892,2700,207.296
12101,2700,6892,207.296
12102,2701,4549,207.838
12103,4549,2701,207.838
12104,6881,2701,207.282
12105,2701,6881,207.282
12106,2702,4864,207.774
12107,4864,2702,207.774
12108,6894,2702,208.29900000000004
12109,2702,6894,208.29900000000004
12110,2703,5874,207.763
12111,5874,2703,207.763
12112,6896,2703,208.497
12113,2703,6896,208.497
12114,2703,2704,94.302
12115,2704,2703,94.302
12116,2704,5875,207.761
12117,5875,2704,207.761
12118,6897,2704,208.518
12119,2704,6897,208.518
12120,2705,4644,207.8
12121,4644,2705,207.8
12122,6899,2705,208.536
12123,2705,6899,208.536
12124,2705,2706,94.24
12125,2706,2705,94.24
12126,2706,5436,207.82
12127,5436,2706,207.82
12128,6900,2706,207.965
12129,2706,6900,207.965
12130,2706,2707,94.354
12131,2707,2706,94.354
12132,2707,5876,207.764
12133,5876,2707,207.764
12134,6901,2707,205.704
12135,2707,6901,205.704
12136,2707,2708,94.277
12137,2708,2707,94.277
12138,2708,5510,207.786
12139,5510,2708,207.786
12140,6882,2708,208.822
12141,2708,6882,208.822
12142,2708,2709,94.25
12143,2709,2708,94.25
12144,2709,4707,207.825
12145,4707,2709,207.825
12146,6902,2709,208.771
12147,2709,6902,208.771
12148,2710,2711,94.328
12149,2711,2710,94.328
12150,2710,8833,207.894
12151,8833,2710,207.894
12152,5295,2710,214.02
12153,2710,5295,214.02
12154,5296,2711,214.134
12155,2711,5296,214.134
12156,2711,2712,94.233
12157,2712,2711,94.233
12158,2711,5877,207.92
12159,5877,2711,207.92
12160,2712,2791,105.509
12161,2791,2712,105.509
12162,2790,2712,214.26
12163,2712,2790,214.26
12164,2712,2713,94.24
12165,2713,2712,94.24
12166,2713,3990,105.345
12167,3990,2713,105.345
12168,3989,2713,214.382
12169,2713,3989,214.382
12170,2713,2714,94.259
12171,2714,2713,94.259
12172,4775,2714,214.507
12173,2714,4775,214.507
12174,4776,2714,101.744
12175,2715,5322,71.09
12176,5136,2715,73.313
12177,2716,2717,149.618
12178,2717,2716,149.618
12179,2717,2718,204.091
12180,2718,2717,204.091
12181,2717,4718,79.61
12182,4718,2717,79.61
12183,4717,2717,78.396
12184,2717,4717,78.396
12185,2718,2719,199.37
12186,2719,2718,199.37
12187,2718,4848,78.728
12188,4848,2718,78.728
12189,5849,2718,79.167
12190,2718,5849,79.167
12191,2719,8155,79.256
12192,8155,2719,79.256
12193,5033,2719,79.176
12194,2719,5033,79.176
12195,2720,2721,15.217
12196,2721,2720,15.217
12197,8154,2720,79.425
12198,2720,8154,79.425
12199,2721,8163,63.453
12200,8163,2721,63.453
12201,2721,9203,180.829
12202,9203,2721,180.829
12203,9201,2722,230.254
12204,2722,9201,230.254
12205,2722,9650,2.13
12206,9649,2722,6.746
12207,5451,2723,37.524
12208,2723,5451,37.524
12209,2723,5461,32.539
12210,5461,2723,32.539
12211,9651,2723,89.75299999999999
12212,2723,9651,89.75299999999999
12213,9108,2723,73.26599999999999
12214,9458,2723,40.699
12215,2724,7103,110.92
12216,7103,2724,110.92
12217,2724,3017,81.41799999999999
12218,3017,2724,81.41799999999999
12219,6237,2724,144.645
12220,2724,6237,144.645
12221,7256,2725,10.222
12222,2725,7256,10.222
12223,2725,4238,82.611
12224,4238,2725,82.611
12225,2726,7258,10.492
12226,7258,2726,10.492
12227,6254,2726,81.36
12228,2726,6254,81.36
12229,7260,2727,11.307
12230,2727,7260,11.307
12231,2727,2728,74.766
12232,7261,2728,10.818
12233,2728,7261,10.818
12234,2728,6255,79.87899999999999
12235,6255,2728,79.87899999999999
12236,2728,2729,177.927
12237,2729,6256,80.09299999999999
12238,6256,2729,80.09299999999999
12239,2729,8092,31.448
12240,2730,8092,10.582
12241,8092,2730,10.582
12242,2730,7261,209.356
12243,5679,2730,82.731
12244,2730,5679,82.731
12245,2735,2730,144.51399999999998
12246,6230,2731,38.187
12247,2731,6230,38.187
12248,2731,3357,39.431
12249,3357,2731,39.431
12250,2731,5308,150.80200000000002
12251,5308,2731,150.80200000000002
12252,2731,9143,51.557
12253,7405,2731,76.04799999999999
12254,9160,2732,148.18200000000002
12255,2732,9160,148.18200000000002
12256,5678,2732,87.551
12257,2732,5678,87.551
12258,2733,2732,145.045
12259,2732,2733,145.045
12260,2734,2733,144.299
12261,2733,2734,144.299
12262,5640,2733,88.28
12263,2733,5640,88.28
12264,2734,7304,82.325
12265,7304,2734,82.325
12266,3531,2734,88.173
12267,2734,3531,88.173
12268,2735,7294,10.934
12269,7294,2735,10.934
12270,4000,2735,83.409
12271,2735,4000,83.409
12272,7296,2736,30.295
12273,5047,2737,271.477
12274,2738,2739,293.99
12275,2738,2978,102.947
12276,2978,2738,102.947
12277,7972,2738,49.931
12278,2738,7972,49.931
12279,2739,2740,88.42
12280,2740,2739,88.42
12281,2978,2739,352.227
12282,2740,2741,179.485
12283,2741,2740,179.485
12284,4160,2740,69.654
12285,2741,5588,109.08
12286,5588,2741,109.08
12287,4160,2741,214.20500000000004
12288,2741,4160,214.20500000000004
12289,2742,4104,37.847
12290,4104,2742,37.847
12291,8450,2742,42.067
12292,2742,8450,42.067
12293,2744,2743,83.413
12294,2743,2744,83.413
12295,4466,2744,41.56
12296,2744,4466,41.56
12297,2745,2744,86.938
12298,2744,2745,86.938
12299,5098,2745,236.318
12300,2745,5098,236.318
12301,2746,3198,190.734
12302,3198,2746,190.734
12303,7892,2746,29.842
12304,2746,7892,29.842
12305,2747,8478,310.94500000000005
12306,8478,2747,310.94500000000005
12307,9571,2747,456.768
12308,2748,9571,16.456
12309,9571,2748,16.456
12310,2749,2748,118.807
12311,2748,2749,118.807
12312,3226,2749,91.208
12313,2749,3226,91.208
12314,2750,2749,105.993
12315,2749,2750,105.993
12316,3091,2750,110.328
12317,2750,3091,110.328
12318,2751,2750,519.522
12319,2750,2751,519.522
12320,2751,7357,67.02
12321,7356,2751,59.198
12322,2751,7356,59.198
12323,2752,5759,90.55599999999998
12324,5759,2752,90.55599999999998
12325,2752,7356,633.3880000000001
12326,7356,2752,633.3880000000001
12327,2753,2752,56.473000000000006
12328,2752,2753,56.473000000000006
12329,5759,2753,94.491
12330,2753,5759,94.491
12331,2754,9531,85.801
12332,9531,2754,85.801
12333,2754,6367,403.49500000000006
12334,6367,2754,403.49500000000006
12335,5785,2754,97.466
12336,2754,5785,97.466
12337,9213,2754,188.136
12338,2754,9213,188.136
12339,2755,5374,323.354
12340,5374,2755,323.354
12341,2755,9662,40.515
12342,9662,2755,40.515
12343,6185,2756,144.91799999999998
12344,2757,2758,48.467000000000006
12345,2758,2757,48.467000000000006
12346,3223,2757,226.545
12347,2757,3223,226.545
12348,2758,9661,92.065
12349,9661,2758,92.065
12350,2758,3224,217.65
12351,3224,2758,217.65
12352,2759,2760,438.265
12353,2760,2759,438.265
12354,2760,8473,110.385
12355,8473,2760,110.385
12356,2761,7597,10.574
12357,7597,2761,10.574
12358,7596,2761,16.878
12359,2761,7596,16.878
12360,7823,2762,9.958
12361,2762,7823,9.958
12362,2762,4401,48.794
12363,4401,2762,48.794
12364,2762,7824,16.83
12365,7824,2762,16.83
12366,2763,9253,34.636
12367,9253,2763,34.636
12368,7824,2763,132.068
12369,2763,7824,132.068
12370,7036,2764,74.46
12371,2764,7036,74.46
12372,8298,2764,83.065
12373,2766,4022,94.207
12374,4022,2766,94.207
12375,2766,6841,207.171
12376,6841,2766,207.171
12377,2767,4023,94.28499999999998
12378,4023,2767,94.28499999999998
12379,2767,2768,207.862
12380,2768,2767,207.862
12381,2768,4024,94.314
12382,4024,2768,94.314
12383,2769,9023,146.469
12384,9023,2769,146.469
12385,9035,2769,214.385
12386,2769,9035,214.385
12387,2769,4025,77.72000000000001
12388,4025,2769,77.72000000000001
12389,8959,2770,207.778
12390,2770,8959,207.778
12391,2770,2890,94.129
12392,2890,2770,94.129
12393,2771,2772,207.766
12394,2772,2771,207.766
12395,2771,4027,94.293
12396,4027,2771,94.293
12397,2772,2773,207.388
12398,2773,2772,207.388
12399,2772,4028,94.374
12400,4028,2772,94.374
12401,7973,2773,94.453
12402,2773,7973,94.453
12403,4884,2773,181.53
12404,2773,4884,181.53
12405,2774,8918,798.304
12406,8918,2774,798.304
12407,4089,2774,385.4260000000001
12408,2774,4089,385.4260000000001
12409,2775,2776,207.775
12410,2776,2775,207.775
12411,6911,2775,204.524
12412,2775,6911,204.524
12413,2775,4029,94.116
12414,4029,2775,94.116
12415,2776,9415,62.76599999999999
12416,9415,2776,62.76599999999999
12417,9415,2776,66.847
12418,2776,2777,207.755
12419,2777,2776,207.755
12420,9414,2776,58.03
12421,2776,9414,58.03
12422,9414,2776,63.208
12423,2777,4030,94.246
12424,4030,2777,94.246
12425,2778,4031,94.214
12426,4031,2778,94.214
12427,2780,2781,45.646
12428,2781,2780,45.646
12429,2781,8479,29.721000000000004
12430,8479,2781,29.721000000000004
12431,2781,8898,83.656
12432,8898,2781,83.656
12433,2782,2783,41.001
12434,2783,2782,41.001
12435,2783,2784,74.061
12436,2784,2783,74.061
12437,2783,4081,125.015
12438,4081,2783,125.015
12439,2908,2783,198.245
12440,2783,2908,198.245
12441,2784,2785,59.505
12442,2785,2784,59.505
12443,2784,6526,183.775
12444,6526,2784,183.775
12445,6480,2784,157.12099999999998
12446,2784,6480,157.12099999999998
12447,2785,8232,15.583
12448,8239,2785,14.847
12449,8237,2786,60.095
12450,2786,8237,60.095
12451,2786,4780,182.804
12452,4780,2786,182.804
12453,5994,2786,157.359
12454,2786,5994,157.359
12455,2787,6258,56.183
12456,6258,2787,56.183
12457,2787,2788,110.019
12458,2788,2787,110.019
12459,2789,2790,102.182
12460,2790,2789,102.182
12461,2789,8896,48.607
12462,5612,2789,95.529
12463,2789,5612,95.529
12464,8889,2789,48.19
12465,2790,3989,94.249
12466,3989,2790,94.249
12467,5296,2790,94.268
12468,2790,5296,94.268
12469,2791,2792,102.435
12470,2792,2791,102.435
12471,2791,3990,94.197
12472,3990,2791,94.197
12473,2792,2793,207.722
12474,2793,2792,207.722
12475,2792,3991,94.237
12476,3991,2792,94.237
12477,5877,2792,94.192
12478,2792,5877,94.192
12479,2793,8832,208.123
12480,8832,2793,208.123
12481,2793,3992,94.22899999999998
12482,3992,2793,94.22899999999998
12483,6517,2793,94.147
12484,2793,6517,94.147
12485,2794,2795,207.797
12486,2795,2794,207.797
12487,6943,2794,204.546
12488,2794,6943,204.546
12489,3981,2794,94.329
12490,2794,3981,94.329
12491,2794,6120,94.259
12492,6120,2794,94.259
12493,2795,9421,69.47699999999999
12494,9421,2795,69.47699999999999
12495,9421,2795,73.073
12496,2795,2796,207.742
12497,2796,2795,207.742
12498,9422,2795,67.90100000000001
12499,2795,9422,67.90100000000001
12500,9422,2795,71.88900000000001
12501,2796,3982,94.387
12502,3982,2796,94.387
12503,6515,2796,94.246
12504,2796,6515,94.246
12505,2797,3983,94.373
12506,3983,2797,94.373
12507,4212,2797,94.242
12508,2797,4212,94.242
12509,2798,3934,94.378
12510,3934,2798,94.378
12511,3933,2798,94.22
12512,2798,3933,94.22
12513,2798,2799,207.341
12514,2799,2798,207.341
12515,2799,3984,94.364
12516,3984,2799,94.364
12517,4369,2799,94.223
12518,2799,4369,94.223
12519,2799,2800,208.03
12520,2800,2799,208.03
12521,2800,3985,94.366
12522,3985,2800,94.366
12523,6163,2800,94.216
12524,2800,6163,94.216
12525,2800,2801,207.541
12526,2801,2800,207.541
12527,2903,2801,94.21
12528,2801,2903,94.21
12529,2801,2904,94.369
12530,2904,2801,94.369
12531,2802,6516,94.179
12532,6516,2802,94.179
12533,6516,2802,100.356
12534,2802,2803,207.953
12535,2803,2802,207.953
12536,3986,2802,94.32
12537,2802,3986,94.32
12538,2803,2804,207.485
12539,2804,2803,207.485
12540,2803,3987,94.358
12541,3987,2803,94.358
12542,6059,2803,94.191
12543,2803,6059,94.191
12544,2804,9894,94.537
12545,9894,2804,94.537
12546,5406,2804,94.008
12547,2804,5406,94.008
12548,2805,3988,94.506
12549,8575,2805,94.296
12550,2806,3633,16.602
12551,3633,2806,16.602
12552,2806,9390,6.047
12553,9390,2806,6.047
12554,3475,2806,104.795
12555,2806,3475,104.795
12556,9398,2806,7.027000000000001
12557,2806,9398,7.027000000000001
12558,3035,2807,192.473
12559,2807,3035,192.473
12560,2807,3036,89.234
12561,3036,2807,89.234
12562,2808,5792,89.371
12563,5792,2808,89.371
12564,3273,2808,189.178
12565,2808,3273,189.178
12566,3275,2809,193.208
12567,2809,3275,193.208
12568,2810,2809,72.65299999999999
12569,2809,2810,72.65299999999999
12570,2810,2811,79.812
12571,2811,2810,79.812
12572,3387,2810,143.09199999999998
12573,2810,3387,143.09199999999998
12574,3276,2810,202.485
12575,2810,3276,202.485
12576,2811,3387,53.851
12577,3387,2811,53.851
12578,8064,2811,188.457
12579,2811,8064,188.457
12580,3075,2812,99.872
12581,2812,3075,99.872
12582,2812,9156,96.616
12583,9156,2812,96.616
12584,2813,2812,95.792
12585,2812,2813,95.792
12586,2813,3253,89.52499999999999
12587,3253,2813,89.52499999999999
12588,3579,2813,178.39700000000002
12589,2813,3579,178.39700000000002
12590,8196,2813,96.02
12591,2814,4271,178.64200000000002
12592,4271,2814,178.64200000000002
12593,8188,2814,59.801
12594,2815,8188,66.14
12595,2815,3254,87.17999999999999
12596,3254,2815,87.17999999999999
12597,6426,2815,178.46699999999998
12598,2815,6426,178.46699999999998
12599,2816,2815,70.465
12600,2816,3162,194.951
12601,2817,2816,36.404
12602,2817,6551,177.86399999999998
12603,6551,2817,177.86399999999998
12604,2818,2817,15.337
12605,2819,2818,73.88499999999999
12606,2819,6663,75.449
12607,6663,2819,75.449
12608,7073,2819,188.895
12609,2820,5827,179.431
12610,2820,7394,78.495
12611,2821,2820,17.964
12612,5344,2821,92.768
12613,2821,5344,92.768
12614,2822,7250,96.267
12615,6499,2822,178.269
12616,7234,2822,55.701
12617,2823,9391,15.139
12618,9390,2823,11.209
12619,2823,9390,11.209
12620,2823,7234,24.947
12621,8279,2823,83.29299999999999
12622,8279,2823,84.189
12623,3303,2824,77.61800000000001
12624,2824,3303,77.61800000000001
12625,2824,8315,178.14399999999995
12626,8315,2824,178.14399999999995
12627,4690,2824,196.989
12628,2824,4690,196.989
12629,8419,2824,27.817
12630,2824,8419,27.817
12631,2825,7825,8.354
12632,8263,2825,33.009
12633,8318,2825,160.94399999999996
12634,7717,2826,11.618
12635,2826,7717,11.618
12636,2826,6694,167.838
12637,6694,2826,167.838
12638,2826,3302,71.479
12639,3302,2826,71.479
12640,8423,2827,23.837
12641,2827,8423,23.837
12642,2827,4693,29.256
12643,4693,2827,29.256
12644,7563,2827,79.585
12645,2828,4857,79.12
12646,4857,2828,79.12
12647,9211,2828,56.415
12648,2828,9211,56.415
12649,2829,8464,53.109
12650,8464,2829,53.109
12651,2829,3133,170.77899999999997
12652,8464,2830,13.09
12653,2830,8464,13.09
12654,2830,4823,234.925
12655,8461,2830,170.12
12656,2831,2832,113.57599999999998
12657,2832,2831,113.57599999999998
12658,3258,2831,114.626
12659,2831,3258,114.626
12660,2831,5674,75.224
12661,5674,2831,75.224
12662,2834,2835,77.926
12663,2835,2834,77.926
12664,2834,6518,94.598
12665,6518,2834,94.598
12666,2835,5095,144.673
12667,5095,2835,144.673
12668,5720,2836,145.17
12669,2836,5720,145.17
12670,2836,4464,260.57700000000006
12671,4464,2836,260.57700000000006
12672,3064,2837,91.692
12673,2837,3064,91.692
12674,2838,2839,60.146
12675,2839,2838,60.146
12676,2838,7246,143.991
12677,5730,2838,13.67
12678,2859,2840,63.881
12679,2840,2859,63.881
12680,2840,2841,104.73
12681,2841,2840,104.73
12682,2841,2842,202.067
12683,2842,2841,202.067
12684,6354,2841,63.779
12685,2841,6354,63.779
12686,2842,2843,150.174
12687,2843,2842,150.174
12688,4448,2842,62.753
12689,2842,4448,62.753
12690,2843,2844,198.506
12691,2844,2843,198.506
12692,4384,2843,64.92
12693,2843,4384,64.92
12694,6317,2844,75.138
12695,2844,6317,75.138
12696,2845,2976,95.286
12697,2976,2845,95.286
12698,2846,8106,152.12100000000004
12699,8106,2846,152.12100000000004
12700,2846,8104,22.654
12701,8104,2846,22.654
12702,5562,2846,77.843
12703,2846,5562,77.843
12704,2847,8106,33.761
12705,8106,2847,33.761
12706,3130,2847,39.19
12707,2847,3130,39.19
12708,2847,2848,97.109
12709,2848,2847,97.109
12710,2848,5797,69.35499999999999
12711,5797,2848,69.35499999999999
12712,8103,2848,71.956
12713,2848,8103,71.956
12714,2849,2850,143.759
12715,2850,2849,143.759
12716,2849,5679,85.59899999999999
12717,5679,2849,85.59899999999999
12718,5353,2849,84.169
12719,2849,5353,84.169
12720,2850,4000,85.32
12721,4000,2850,85.32
12722,3999,2850,85.274
12723,2850,3999,85.274
12724,7301,2851,25.945
12725,2851,7301,25.945
12726,4237,2851,85.688
12727,2851,4237,85.688
12728,2852,2853,85.893
12729,2853,2852,85.893
12730,8052,2853,60.106
12731,2853,8052,60.106
12732,2853,7260,168.369
12733,7260,2853,168.369
12734,2854,5678,85.879
12735,5678,2854,85.879
12736,5348,2854,85.17500000000001
12737,2854,5348,85.17500000000001
12738,2854,7743,143.336
12739,2854,2855,144.058
12740,2855,2854,144.058
12741,2855,5640,84.941
12742,5640,2855,84.941
12743,2855,2856,145.248
12744,2856,2855,145.248
12745,5349,2855,85.57600000000001
12746,2855,5349,85.57600000000001
12747,2856,3531,85.195
12748,3531,2856,85.195
12749,3530,2856,85.39
12750,2856,3530,85.39
12751,2857,2858,61.324
12752,2858,2857,61.324
12753,7186,2857,102.39
12754,2857,7186,102.39
12755,3888,2857,94.575
12756,2857,3888,94.575
12757,2858,6353,98.1
12758,6353,2858,98.1
12759,2858,2859,63.038
12760,2859,2858,63.038
12761,2859,6354,101.058
12762,6354,2859,101.058
12763,2860,6588,173.352
12764,4565,2860,93.048
12765,2860,4565,93.048
12766,7189,2860,238.497
12767,2861,4566,91.80100000000002
12768,4566,2861,91.80100000000002
12769,2862,4567,91.998
12770,4567,2862,91.998
12771,6323,2862,35.647
12772,2862,6323,35.647
12773,2862,2863,140.821
12774,2863,2862,140.821
12775,2863,4506,92.198
12776,4506,2863,92.198
12777,7496,2863,35.537
12778,2863,7496,35.537
12779,2863,2864,139.70499999999998
12780,2864,2863,139.70499999999998
12781,2864,3427,92.346
12782,3427,2864,92.346
12783,2865,2994,91.86
12784,2994,2865,91.86
12785,2865,9810,138.267
12786,9810,2865,138.267
12787,2866,4568,81.458
12788,4568,2866,81.458
12789,2866,2867,283.363
12790,2867,2866,283.363
12791,2867,4570,46.528
12792,4570,2867,46.528
12793,2868,3074,97.958
12794,3074,2868,97.958
12795,9073,2868,92.22
12796,2868,9073,92.22
12797,2869,7923,65.982
12798,7923,2869,65.982
12799,2870,6994,22.01
12800,6994,2870,22.01
12801,2870,5597,95.751
12802,4278,2870,146.93400000000003
12803,2871,2872,21.333
12804,2872,2871,21.333
12805,2871,6534,139.59199999999998
12806,6534,2871,139.59199999999998
12807,4859,2871,57.228
12808,2871,4859,57.228
12809,2872,2873,60.28
12810,2873,2872,60.28
12811,2872,5729,32.437
12812,5729,2872,32.437
12813,2873,2874,46.283
12814,2874,2873,46.283
12815,2873,6171,36.256
12816,6171,2873,36.256
12817,2874,5544,47.481
12818,5544,2874,47.481
12819,6535,2874,159.265
12820,2874,6535,159.265
12821,2875,2876,105.734
12822,2875,6084,147.031
12823,4304,2875,105.565
12824,2875,4304,105.565
12825,5691,2875,146.386
12826,2876,9582,43.871
12827,9647,2876,81.368
12828,2877,4909,105.669
12829,4909,2877,105.669
12830,2877,2932,146.40400000000002
12831,2878,2877,101.775
12832,2933,2877,148.493
12833,2878,8805,79.91799999999999
12834,9583,2878,47.031000000000006
12835,2879,7508,7.775
12836,2879,7507,48.088
12837,8116,2879,7.117
12838,2880,8111,38.746
12839,2880,8117,77.899
12840,8068,2880,66.94500000000001
12841,8113,2880,34.27
12842,5372,2881,159.483
12843,2881,5372,159.483
12844,2881,2881,98.88299999999998
12845,2882,8982,72.466
12846,8982,2882,72.466
12847,7500,2882,49.399
12848,2882,7500,49.399
12849,6166,2882,199.495
12850,2882,6166,199.495
12851,2883,2884,93.45
12852,2884,2883,93.45
12853,8981,2883,60.754
12854,2883,8981,60.754
12855,3785,2883,207.73900000000003
12856,2883,3785,207.73900000000003
12857,8408,2883,210.499
12858,2884,2885,92.255
12859,2885,2884,92.255
12860,4652,2884,207.776
12861,2884,4652,207.776
12862,5444,2885,207.376
12863,2885,5444,207.376
12864,2885,6725,86.97800000000001
12865,6725,2885,86.97800000000001
12866,6725,2886,10.519
12867,2886,6725,10.519
12868,2886,2887,93.182
12869,2887,2886,93.182
12870,3401,2886,207.464
12871,2887,2888,94.305
12872,2888,2887,94.305
12873,6167,2887,207.717
12874,2887,6167,207.717
12875,2888,2889,94.287
12876,2889,2888,94.287
12877,5972,2888,207.728
12878,2888,5972,207.728
12879,5495,2889,207.739
12880,2889,5495,207.739
12881,4026,2890,207.784
12882,2890,4026,207.784
12883,3708,2891,207.818
12884,2891,3708,207.818
12885,2891,2892,94.314
12886,2892,2891,94.314
12887,9493,2891,89.892
12888,2891,9493,89.892
12889,2892,2893,94.394
12890,2893,2892,94.394
12891,4553,2892,207.819
12892,2892,4553,207.819
12893,3839,2893,207.842
12894,2893,3839,207.842
12895,4868,2894,207.853
12896,2894,4868,207.853
12897,2895,2896,94.35
12898,2896,2895,94.35
12899,6168,2895,207.876
12900,2895,6168,207.876
12901,2896,6958,40.404
12902,6958,2896,40.404
12903,2896,6169,207.876
12904,6169,2896,207.876
12905,2897,2898,94.35
12906,2898,2897,94.35
12907,5901,2898,301.814
12908,2898,5901,301.814
12909,2898,2899,94.245
12910,2899,2898,94.245
12911,5901,2899,207.553
12912,2899,5901,207.553
12913,2899,2900,94.289
12914,2900,2899,94.289
12915,2900,2901,94.359
12916,2901,2900,94.359
12917,5506,2900,207.552
12918,2900,5506,207.552
12919,4701,2901,207.553
12920,2901,4701,207.553
12921,2902,2903,94.43
12922,2903,2902,94.43
12923,6162,2902,207.542
12924,2902,6162,207.542
12925,6163,2903,207.54100000000005
12926,2903,6163,207.54100000000005
12927,3985,2904,207.54
12928,2904,3985,207.54
12929,2904,2905,94.323
12930,2905,2904,94.323
12931,2905,2906,37.101
12932,2906,2905,37.101
12933,4774,2905,207.531
12934,2905,4774,207.531
12935,8942,2906,207.783
12936,2906,8942,207.783
12937,2907,6369,100.875
12938,6369,2907,100.875
12939,2907,5012,62.225
12940,5012,2907,62.225
12941,2908,2909,42.447
12942,2909,2908,42.447
12943,6479,2908,48.489
12944,2908,6479,48.489
12945,4080,2908,42.781
12946,2908,4080,42.781
12947,2908,6480,77.00200000000001
12948,6480,2908,77.00200000000001
12949,2909,4080,35.456
12950,4080,2909,35.456
12951,2909,2910,52.678
12952,2910,2909,52.678
12953,2910,5460,124.671
12954,2910,2911,72.09700000000001
12955,2911,2910,72.09700000000001
12956,2911,4179,71.877
12957,2911,8236,10.304
12958,8236,2911,10.304
12959,9457,2911,66.233
12960,2912,2913,140.245
12961,2913,2912,140.245
12962,2912,8250,49.93000000000001
12963,8250,2912,49.93000000000001
12964,5609,2912,66.813
12965,2912,5609,66.813
12966,2913,5163,23.475
12967,5163,2913,23.475
12968,6296,2913,67.704
12969,2913,6296,67.704
12970,2914,2915,94.749
12971,2915,2914,94.749
12972,2914,2938,31.718000000000004
12973,2938,2914,31.718000000000004
12974,5995,2914,81.49199999999999
12975,2914,5995,81.49199999999999
12976,3227,2915,86.648
12977,2915,3227,86.648
12978,2917,2918,138.27799999999996
12979,2917,9175,27.723
12980,6079,2917,105.937
12981,2918,5909,105.172
12982,9245,2918,146.242
12983,2919,7306,8.707
12984,7786,2919,52.445
12985,4523,2920,104.626
12986,2920,4523,104.626
12987,2921,2920,146.355
12988,2921,6080,105.216
12989,6080,2921,105.216
12990,6473,2921,104.665
12991,2921,6473,104.665
12992,2922,2921,146.612
12993,2922,5809,104.699
12994,5809,2922,104.699
12995,5808,2922,105.195
12996,2922,5808,105.195
12997,2923,2922,146.132
12998,6184,2923,104.72899999999998
12999,2923,6184,104.72899999999998
13000,2924,2923,146.417
13001,6081,2923,105.169
13002,5133,2924,104.752
13003,2924,5133,104.752
13004,2924,9193,81.559
13005,9193,2924,81.559
13006,2925,2924,144.475
13007,2925,5319,105.136
13008,5318,2925,104.785
13009,7144,2925,8.173
13010,2926,5173,103.339
13011,5173,2926,103.339
13012,5172,2926,105.605
13013,2926,5172,105.605
13014,2927,2926,147.07099999999997
13015,5145,2927,106.22
13016,2927,5145,106.22
13017,2928,2927,145.466
13018,3171,2928,106.194
13019,2928,3171,106.194
13020,2929,2928,151.732
13021,2929,6624,106.18099999999998
13022,6624,2929,106.18099999999998
13023,6082,2929,101.468
13024,2929,6082,101.468
13025,2930,2929,141.46999999999997
13026,6467,2930,106.159
13027,2930,6467,106.159
13028,2931,2930,146.17100000000002
13029,2931,5202,106.132
13030,5202,2931,106.132
13031,2932,2931,146.62400000000002
13032,2932,5689,106.121
13033,5689,2932,106.121
13034,2933,8805,10.311
13035,2933,6361,102.506
13036,6361,2933,102.506
13037,2934,6241,273.23400000000004
13038,2935,2934,38.286
13039,7561,2934,55.377
13040,2935,5466,295.139
13041,2936,2935,275.164
13042,5466,2936,100.627
13043,2936,5466,100.627
13044,2936,5467,100.888
13045,5467,2936,100.888
13046,3313,2937,59.158
13047,2937,3313,59.158
13048,9808,2937,192.748
13049,2938,7281,129.663
13050,7105,2938,17.613
13051,2939,7105,9.542
13052,3960,2939,48.30200000000001
13053,7282,2939,151.14499999999998
13054,7107,2940,10.453
13055,2940,7107,10.453
13056,2940,3955,87.014
13057,3955,2940,87.014
13058,2940,2941,81.959
13059,7108,2941,9.18
13060,2941,7108,9.18
13061,2941,2942,75.28500000000001
13062,2941,3827,85.453
13063,3827,2941,85.453
13064,7109,2942,9.25
13065,2942,7109,9.25
13066,2942,2944,185.006
13067,3954,2942,82.229
13068,6370,2943,213.08900000000003
13069,2943,6370,213.08900000000003
13070,2943,7109,77.836
13071,7110,2943,107.84199999999998
13072,7110,2944,8.15
13073,2944,7110,8.15
13074,2944,2945,231.258
13075,2944,3953,80.269
13076,3953,2944,80.269
13077,7111,2945,12.619
13078,2945,7111,12.619
13079,2945,3297,79.621
13080,3297,2945,79.621
13081,2945,2946,132.61700000000002
13082,2946,7112,16.013
13083,7112,2946,16.013
13084,2946,2947,42.532
13085,8731,2946,37.968
13086,2946,8731,37.968
13087,8731,2947,48.262
13088,7114,2948,9.404
13089,2948,7114,9.404
13090,2948,8537,126.111
13091,7115,2949,9.274
13092,2949,7115,9.274
13093,2949,2950,140.088
13094,2949,3946,155.85
13095,3946,2949,155.85
13096,2968,2949,67.342
13097,7116,2950,9.21
13098,2950,7116,9.21
13099,2950,5519,71.37100000000001
13100,5519,2950,71.37100000000001
13101,2950,2952,143.32899999999998
13102,2951,7116,101.43
13103,5298,2951,41.92
13104,7117,2951,42.911
13105,7117,2952,10.222
13106,2952,7117,10.222
13107,2952,5520,60.04
13108,5520,2952,60.04
13109,7119,2953,10.113
13110,2953,7119,10.113
13111,7427,2954,9.142
13112,2954,7427,9.142
13113,2954,5557,46.544
13114,5557,2954,46.544
13115,2954,7424,129.78
13116,2955,9576,51.228
13117,2955,8361,89.39200000000001
13118,7101,2955,51.785
13119,9087,2955,107.643
13120,2956,2957,36.15
13121,2956,7102,46.838
13122,7812,2956,34.006
13123,8361,2956,39.229
13124,2957,7625,88.546
13125,7812,2957,35.012
13126,2958,7201,15.591
13127,7201,2958,15.591
13128,2958,3870,430.597
13129,3870,2958,430.597
13130,2958,3870,98.886
13131,2963,2958,84.97900000000001
13132,2959,7179,12.769
13133,7179,2959,12.769
13134,2959,7896,62.156
13135,9196,2959,35.974
13136,2959,9196,35.974
13137,2960,3557,163.56099999999998
13138,2960,2961,414.0900000000001
13139,7185,2960,102.779
13140,7894,2961,333.319
13141,2962,5513,139.197
13142,5513,2962,139.197
13143,2962,7201,119.837
13144,6249,2962,98.302
13145,5751,2963,99.502
13146,2963,5751,99.502
13147,8605,2963,19.918
13148,3017,2964,110.02
13149,2964,3017,110.02
13150,2964,7103,79.66700000000002
13151,7104,2964,73.78299999999999
13152,2965,7898,39.566
13153,8367,2965,26.78
13154,5999,2966,192.39
13155,2966,5999,192.39
13156,2966,7110,77.693
13157,5801,2967,120.513
13158,2967,5801,120.513
13159,2967,7112,92.526
13160,7113,2967,169.21699999999998
13161,2968,3221,104.055
13162,3221,2968,104.055
13163,8537,2968,68.095
13164,2969,7802,33.718
13165,2969,7904,69.159
13166,7186,2969,79.714
13167,7516,2969,30.814
13168,2970,2971,70.321
13169,2971,2970,70.321
13170,2970,5995,136.05800000000002
13171,5995,2970,136.05800000000002
13172,2971,2972,196.829
13173,2972,2971,196.829
13174,7646,2971,85.362
13175,2972,5380,84.399
13176,5380,2972,84.399
13177,2972,2973,259.19800000000004
13178,2973,2972,259.19800000000004
13179,6543,2972,25.381
13180,2972,6543,25.381
13181,5380,2973,290.586
13182,2973,5380,290.586
13183,2973,2974,63.476
13184,2974,2973,63.476
13185,2974,9811,70.539
13186,9811,2974,70.539
13187,3230,2974,189.16
13188,2974,3230,189.16
13189,9811,2975,11.823
13190,2975,9811,11.823
13191,2975,8551,24.302
13192,2975,5109,66.169
13193,5109,2975,66.169
13194,7897,2975,20.675
13195,2976,2977,97.911
13196,2977,2976,97.911
13197,2976,4144,280.94
13198,4144,2976,280.94
13199,3672,2977,389.746
13200,2977,3672,389.746
13201,4037,2977,179.185
13202,2977,4037,179.185
13203,2978,3939,112.153
13204,3939,2978,112.153
13205,2980,5607,23.364
13206,5607,2980,23.364
13207,4468,2980,84.58699999999999
13208,2980,4468,84.58699999999999
13209,2981,8506,74.427
13210,2981,6225,171.577
13211,6225,2981,171.577
13212,8507,2981,90.398
13213,2982,8510,11.477
13214,8510,2982,11.477
13215,2982,8507,130.301
13216,2983,2982,24.859
13217,2983,8375,12.489
13218,4474,2983,78.99000000000001
13219,8372,2983,17.24
13220,2984,4319,133.886
13221,4319,2984,133.886
13222,2984,2985,135.022
13223,2985,2984,135.022
13224,8511,2984,15.566
13225,2984,8511,15.566
13226,2985,2986,79.811
13227,2986,2985,79.811
13228,2985,4319,99.906
13229,4319,2985,99.906
13230,4318,2985,79.56599999999999
13231,2985,4318,79.56599999999999
13232,2986,2987,78.561
13233,2987,2986,78.561
13234,2986,5358,157.625
13235,5358,2986,157.625
13236,2987,2988,78.939
13237,2988,2987,78.939
13238,2987,5663,106.55
13239,5663,2987,106.55
13240,2988,5664,135.39200000000002
13241,5664,2988,135.39200000000002
13242,6287,2988,61.733
13243,2988,6287,61.733
13244,2989,2990,43.307
13245,2990,2989,43.307
13246,2990,2991,90.99
13247,2991,2990,90.99
13248,2990,3429,140.043
13249,2991,2992,91.233
13250,2992,2991,91.233
13251,3430,2991,140.75
13252,2991,3430,140.75
13253,2992,2993,90.226
13254,2993,2992,90.226
13255,6600,2992,78.082
13256,2992,6600,78.082
13257,7761,2993,81.17
13258,2993,7761,81.17
13259,2994,2995,89.87
13260,2995,2994,89.87
13261,3427,2994,140.564
13262,2994,3427,140.564
13263,2994,7163,139.85399999999998
13264,7163,2994,139.85399999999998
13265,2995,2996,91.493
13266,2996,2995,91.493
13267,2995,7162,139.911
13268,7162,2995,139.911
13269,3070,2995,141.279
13270,2995,3070,141.279
13271,2996,2997,43.796
13272,2997,2996,43.796
13273,2996,7760,91.575
13274,7760,2996,91.575
13275,7161,2996,139.71200000000002
13276,2996,7161,139.71200000000002
13277,2998,4928,146.636
13278,4928,2998,146.636
13279,3472,2998,146.154
13280,2998,3472,146.154
13281,2998,2999,99.003
13282,2999,2998,99.003
13283,2998,2998,87.265
13284,3473,2999,146.226
13285,2999,3473,146.226
13286,2999,3000,98.969
13287,3000,2999,98.969
13288,2999,4929,146.414
13289,4929,2999,146.414
13290,3000,4930,146.246
13291,4930,3000,146.246
13292,3474,3000,146.292
13293,3000,3474,146.292
13294,8727,3001,47.731
13295,3001,8727,47.731
13296,3001,3002,109.28
13297,3002,3001,109.28
13298,3001,3433,91.588
13299,3433,3001,91.588
13300,3002,3003,87.588
13301,3003,3002,87.588
13302,3434,3002,91.648
13303,3002,3434,91.648
13304,3003,3004,57.438
13305,3004,3003,57.438
13306,3435,3003,91.584
13307,3003,3435,91.584
13308,4310,3004,155.69
13309,3004,4310,155.69
13310,5424,3005,150.559
13311,3005,5424,150.559
13312,3006,7340,8.522
13313,7340,3006,8.522
13314,5425,3006,157.15
13315,3007,3008,55.912
13316,3008,3007,55.912
13317,8467,3007,47.32600000000001
13318,3007,8467,47.32600000000001
13319,3007,5861,57.131
13320,5861,3007,57.131
13321,8469,3007,164.512
13322,3008,3009,54.972
13323,3009,3008,54.972
13324,3008,6556,66.116
13325,6556,3008,66.116
13326,5426,3008,155.843
13327,3008,5426,155.843
13328,3554,3009,146.562
13329,3009,3554,146.562
13330,3009,3555,75.004
13331,3555,3009,75.004
13332,4512,3010,175.289
13333,3010,4512,175.289
13334,3010,3011,55.736
13335,3011,3010,55.736
13336,3010,6578,180.916
13337,6579,3011,182.368
13338,3012,5568,91.968
13339,5568,3012,91.968
13340,8174,3013,54.47
13341,3013,8174,54.47
13342,3013,6345,88.809
13343,6345,3013,88.809
13344,3013,3014,109.307
13345,3014,3013,109.307
13346,3014,7408,53.599
13347,7408,3014,53.599
13348,7902,3014,131.843
13349,7408,3015,11.295
13350,3015,7408,11.295
13351,3015,4153,349.21500000000003
13352,3016,3615,115.75
13353,3615,3016,115.75
13354,3017,3018,193.203
13355,3018,3017,193.203
13356,3017,7104,114.153
13357,7104,3017,114.153
13358,3019,3020,358.521
13359,3020,3019,358.521
13360,5030,3019,42.839
13361,3019,5030,42.839
13362,3020,5030,28.922
13363,5030,3020,28.922
13364,6319,3020,68.27199999999999
13365,3020,6319,68.27199999999999
13366,3021,9881,9.525
13367,3021,9484,87.45
13368,9484,3021,87.45
13369,9880,3021,13.478
13370,3022,7241,7.512
13371,7241,3022,7.512
13372,9881,3022,54.801
13373,7241,3023,108.957
13374,3023,7241,108.957
13375,3026,3025,178.127
13376,3025,3026,178.127
13377,3025,8581,138.705
13378,8581,3025,138.705
13379,3027,3028,212.56700000000004
13380,3028,3027,212.56700000000004
13381,3027,3977,70.068
13382,3977,3027,70.068
13383,3027,3977,74.44000000000001
13384,3028,3978,61.247
13385,3978,3028,61.247
13386,3028,3029,144.03199999999998
13387,3029,3028,144.03199999999998
13388,3029,3979,70.493
13389,3979,3029,70.493
13390,3030,3031,74.495
13391,3031,3030,74.495
13392,3031,3032,171.964
13393,3032,3031,171.964
13394,3032,3578,118.97
13395,3578,3032,118.97
13396,3033,3034,66.515
13397,3034,3033,66.515
13398,6037,3033,146.785
13399,3033,6037,146.785
13400,9206,3033,270.232
13401,3033,9206,270.232
13402,3034,8675,313.25100000000003
13403,8675,3034,313.25100000000003
13404,6313,3034,39.516
13405,3034,6313,39.516
13406,3035,3272,18.218
13407,3272,3035,18.218
13408,3036,5792,196.112
13409,5792,3036,196.112
13410,3036,3037,89.06
13411,3037,3036,89.06
13412,6522,3037,8.146
13413,3037,6522,8.146
13414,3037,3038,8.081
13415,3038,3037,8.081
13416,3037,6390,195.505
13417,6390,3037,195.505
13418,3038,7237,18.04
13419,7237,3038,18.04
13420,3038,8278,164.579
13421,6522,3038,11.514
13422,7237,3039,156.198
13423,3039,7237,156.198
13424,3039,3040,179.44400000000002
13425,3040,3039,179.44400000000002
13426,3545,3040,197.111
13427,3040,3545,197.111
13428,3041,6392,195.954
13429,6392,3041,195.954
13430,3042,3041,88.15899999999999
13431,3041,3042,88.15899999999999
13432,3043,3042,90.04399999999998
13433,3042,3043,90.04399999999998
13434,3042,4224,195.567
13435,4224,3042,195.567
13436,3637,3042,194.43699999999995
13437,3042,3637,194.43699999999995
13438,3043,6393,193.823
13439,6393,3043,193.823
13440,3638,3043,193.401
13441,3043,3638,193.401
13442,3044,7765,60.871
13443,7765,3044,60.871
13444,3044,7766,161.191
13445,7766,3044,161.191
13446,3045,3044,88.596
13447,3044,3045,88.596
13448,3045,3062,90.672
13449,3062,3045,90.672
13450,3640,3045,193.732
13451,3045,3640,193.732
13452,4970,3045,257.04900000000004
13453,3062,3046,36.898
13454,3046,3062,36.898
13455,3047,3048,90.908
13456,3048,3047,90.908
13457,3047,6077,194.491
13458,6077,3047,194.491
13459,3642,3047,197.014
13460,3047,3642,197.014
13461,3048,3049,88.876
13462,3049,3048,88.876
13463,6394,3048,194.291
13464,3048,6394,194.291
13465,3049,5594,195.391
13466,5594,3049,195.391
13467,3049,3050,89.577
13468,3050,3049,89.577
13469,3050,6263,195.41
13470,6263,3050,195.41
13471,3050,3051,88.288
13472,3051,3050,88.288
13473,3051,8519,88.081
13474,8519,3051,88.081
13475,3051,3310,197.117
13476,3310,3051,197.117
13477,3052,3180,195.487
13478,3180,3052,195.487
13479,8519,3052,90.375
13480,3052,8519,90.375
13481,3053,3054,87.681
13482,3054,3053,87.681
13483,3053,6102,194.959
13484,6102,3053,194.959
13485,3646,3053,194.54100000000005
13486,3053,3646,194.54100000000005
13487,3054,5835,194.589
13488,5835,3054,194.589
13489,3054,3055,90.628
13490,3055,3054,90.628
13491,3647,3054,194.525
13492,3054,3647,194.525
13493,3055,4441,195.665
13494,4441,3055,195.665
13495,3648,3055,194.116
13496,3055,3648,194.116
13497,3055,3056,89.54599999999999
13498,3056,3055,89.54599999999999
13499,3056,7320,164.405
13500,7320,3056,164.405
13501,3649,3056,193.692
13502,3056,3649,193.692
13503,3057,5117,195.873
13504,5117,3057,195.873
13505,3650,3057,193.839
13506,3057,3650,193.839
13507,3058,4907,195.412
13508,4907,3058,195.412
13509,3651,3058,194.261
13510,3058,3651,194.261
13511,3058,3059,89.213
13512,3059,3058,89.213
13513,3059,3060,16.05
13514,3060,3059,16.05
13515,3060,3061,204.179
13516,3061,3060,204.179
13517,3060,4412,91.365
13518,4412,3060,91.365
13519,3061,4413,119.779
13520,4413,3061,119.779
13521,3062,4970,183.343
13522,3063,3064,95.471
13523,3064,3063,95.471
13524,3064,9689,33.121
13525,9689,3064,33.121
13526,3065,7829,11.391
13527,9689,3065,18.296
13528,3065,9689,18.296
13529,8458,3065,278.502
13530,3066,3067,140.313
13531,3067,3066,140.313
13532,4564,3066,91.541
13533,3066,4564,91.541
13534,3066,4565,91.479
13535,4565,3066,91.479
13536,4566,3067,91.449
13537,3067,4566,91.449
13538,3067,4563,91.304
13539,4563,3067,91.304
13540,3068,3069,140.124
13541,3069,3068,140.124
13542,3068,4562,91.428
13543,4562,3068,91.428
13544,4567,3068,91.425
13545,3068,4567,91.425
13546,3069,4507,91.29
13547,4507,3069,91.29
13548,4506,3069,91.461
13549,3069,4506,91.461
13550,3069,3070,139.814
13551,3070,3069,139.814
13552,3070,3428,92.679
13553,3428,3070,92.679
13554,3427,3070,90.355
13555,3070,3427,90.355
13556,3071,4561,90.172
13557,4561,3071,90.172
13558,4568,3071,90.967
13559,3071,4568,90.967
13560,3071,3072,140.969
13561,3072,3071,140.969
13562,3072,4560,89.205
13563,4560,3072,89.205
13564,4569,3072,91.537
13565,3072,4569,91.537
13566,3072,3073,141.314
13567,3073,3072,141.314
13568,3073,4559,90.502
13569,4559,3073,90.502
13570,4570,3073,90.015
13571,3073,4570,90.015
13572,3074,4558,90.877
13573,4558,3074,90.877
13574,3075,8792,63.103
13575,7329,3075,95.804
13576,3076,3077,68.153
13577,3077,3076,68.153
13578,4745,3076,64.205
13579,3076,4745,64.205
13580,3076,6461,105.508
13581,6461,3076,105.508
13582,4752,3078,64.79899999999999
13583,3078,4752,64.79899999999999
13584,3078,7662,20.458
13585,7662,3078,20.458
13586,3079,3854,108.536
13587,3080,3081,71.62299999999999
13588,3081,3080,71.62299999999999
13589,4228,3080,91.153
13590,3080,4228,91.153
13591,3081,3082,62.145
13592,3082,3081,62.145
13593,3081,9617,78.17
13594,9617,3081,78.17
13595,7768,3082,94.904
13596,3082,7768,94.904
13597,9232,3083,197.165
13598,3083,9232,197.165
13599,3083,6523,47.861
13600,3084,6619,32.585
13601,6619,3084,32.585
13602,3084,3085,52.886
13603,3085,3084,52.886
13604,3085,6553,66.623
13605,6553,3085,66.623
13606,3085,3086,18.006999999999998
13607,3086,3085,18.006999999999998
13608,3086,4444,38.251
13609,4444,3086,38.251
13610,3087,5812,33.695
13611,5812,3087,33.695
13612,3087,8274,11.228
13613,8274,3087,11.228
13614,3088,6536,28.173
13615,6536,3088,28.173
13616,3088,3089,11.088
13617,3089,3088,11.088
13618,3089,6177,34.078
13619,6177,3089,34.078
13620,3090,8636,81.71499999999999
13621,8636,3090,81.71499999999999
13622,3090,5489,91.878
13623,5489,3090,91.878
13624,8636,3091,58.144000000000005
13625,3091,8636,58.144000000000005
13626,6404,3091,60.259
13627,3091,6404,60.259
13628,7199,3092,141.59499999999997
13629,3092,7199,141.59499999999997
13630,3093,3094,104.927
13631,3094,3093,104.927
13632,4452,3093,208.349
13633,3093,4452,208.349
13634,3093,5125,104.61
13635,5072,3093,209.211
13636,3094,4044,99.516
13637,5621,3094,109.276
13638,3095,5624,104.679
13639,4045,3095,108.075
13640,3096,5610,104.425
13641,3096,8783,69.41799999999999
13642,8783,3096,69.41799999999999
13643,4046,3096,104.945
13644,3097,3098,8.456
13645,3098,3097,8.456
13646,3671,3097,104.053
13647,3097,3671,104.053
13648,8783,3097,29.002
13649,3097,8783,29.002
13650,3098,5415,49.983
13651,5415,3098,49.983
13652,3098,3099,32.021
13653,3099,3098,32.021
13654,4049,3099,104.773
13655,3099,4049,104.773
13656,3099,3100,73.084
13657,3100,3099,73.084
13658,3099,5625,104.323
13659,3100,4051,104.854
13660,4051,3100,104.854
13661,3100,7612,84.361
13662,7612,3100,84.361
13663,9265,3100,94.524
13664,3100,9265,94.524
13665,7611,3101,50.244
13666,3101,7611,50.244
13667,4843,3101,105.296
13668,3101,4843,105.296
13669,3101,3102,145.219
13670,3102,3101,145.219
13671,7613,3101,57.364
13672,3102,4390,104.897
13673,4390,3102,104.897
13674,4053,3102,104.729
13675,3102,4053,104.729
13676,3102,3103,146.6
13677,3103,3102,146.6
13678,3103,3104,146.254
13679,3104,3103,146.254
13680,7800,3103,104.653
13681,3103,7800,104.653
13682,3103,4054,105.058
13683,4054,3103,105.058
13684,4055,3104,105.125
13685,3104,4055,105.125
13686,3104,3105,68.167
13687,3105,3104,68.167
13688,3105,3885,47.958
13689,3885,3105,47.958
13690,3105,3106,78.407
13691,3106,3105,78.407
13692,3106,3107,73.311
13693,3107,3106,73.311
13694,3106,4056,105.17499999999998
13695,4056,3106,105.17499999999998
13696,6060,3107,51.949
13697,3107,6060,51.949
13698,3107,3108,72.917
13699,3108,3107,72.917
13700,3108,5712,32.870000000000005
13701,5712,3108,32.870000000000005
13702,4762,3108,31.375
13703,3108,4762,31.375
13704,3109,3218,52.673
13705,3218,3109,52.673
13706,3109,3110,31.285
13707,3110,3109,31.285
13708,3110,8143,104.763
13709,8143,3110,104.763
13710,3110,3111,146.775
13711,3111,3110,146.775
13712,3111,6746,137.075
13713,6746,3111,137.075
13714,4437,3111,104.95
13715,3111,4437,104.95
13716,3111,4058,104.737
13717,4058,3111,104.737
13718,9733,3112,10.493
13719,3112,9733,10.493
13720,3112,5630,104.832
13721,3112,3113,135.411
13722,3113,3112,135.411
13723,4059,3112,104.991
13724,3113,3114,146.248
13725,3114,3113,146.248
13726,3113,4060,104.935
13727,5631,3113,105.048
13728,4061,3114,105.04
13729,3114,4061,105.04
13730,3114,4619,105.068
13731,4619,3114,105.068
13732,3114,3115,146.33900000000003
13733,3115,3114,146.33900000000003
13734,3115,3116,146.218
13735,3116,3115,146.218
13736,3115,4062,104.951
13737,4062,3115,104.951
13738,5632,3115,105.099
13739,3115,5632,105.099
13740,3116,3743,104.974
13741,3743,3116,104.974
13742,8785,3116,105.044
13743,3116,8785,105.044
13744,3117,8788,105.106
13745,8788,3117,105.106
13746,3117,3118,146.31199999999998
13747,3118,3117,146.31199999999998
13748,4063,3117,104.901
13749,3117,4063,104.901
13750,3118,5633,105.071
13751,5633,3118,105.071
13752,3118,3119,146.215
13753,3119,3118,146.215
13754,4064,3118,104.939
13755,3118,4064,104.939
13756,4065,3119,104.981
13757,3119,4065,104.981
13758,3119,5634,105.05100000000002
13759,5634,3119,105.05100000000002
13760,3119,3120,146.353
13761,3120,3119,146.353
13762,8789,3120,105.042
13763,3120,8789,105.042
13764,3120,3121,146.58100000000002
13765,3121,3120,146.58100000000002
13766,3120,4066,104.961
13767,4066,3120,104.961
13768,3121,4067,104.96
13769,4067,3121,104.96
13770,8790,3121,105.061
13771,3121,8790,105.061
13772,3121,3122,148.39100000000002
13773,3122,3121,148.39100000000002
13774,3122,5328,105.048
13775,5328,3122,105.048
13776,4068,3122,104.968
13777,3122,4068,104.968
13778,3123,3124,130.459
13779,3124,3123,130.459
13780,8787,3123,105.05
13781,3123,8787,105.05
13782,3123,4069,104.995
13783,4069,3123,104.995
13784,7955,3124,105.125
13785,3124,7955,105.125
13786,4070,3124,105.061
13787,3124,4070,105.061
13788,3125,3126,49.232
13789,3126,3125,49.232
13790,3126,3127,89.31700000000001
13791,3127,3126,89.31700000000001
13792,3126,4572,96.273
13793,4572,3126,96.273
13794,3127,3160,51.517
13795,3160,3127,51.517
13796,3128,7569,15.829
13797,3129,3128,9.437
13798,8107,3128,34.54599999999999
13799,3129,8043,9.734
13800,7367,3129,11.204
13801,8107,3129,33.454
13802,5562,3130,117.834
13803,3130,5562,117.834
13804,8103,3130,59.983
13805,3130,8103,59.983
13806,3131,5797,220.06
13807,5797,3131,220.06
13808,5567,3131,206.938
13809,3131,5567,206.938
13810,3131,3132,89.162
13811,3132,3131,89.162
13812,8106,3131,77.401
13813,3131,8106,77.401
13814,3132,4344,29.196
13815,4344,3132,29.196
13816,4343,3132,279.12999999999994
13817,3132,4343,279.12999999999994
13818,3132,3133,85.477
13819,3133,3132,85.477
13820,3133,5670,95.329
13821,5670,3133,95.329
13822,3133,8102,56.93
13823,8102,3133,56.93
13824,6050,3133,173.464
13825,3133,6050,173.464
13826,6988,3134,11.133
13827,3134,6988,11.133
13828,8102,3134,14.778
13829,3134,8102,14.778
13830,3134,8461,15.164
13831,4824,3134,138.418
13832,3135,8108,20.296
13833,3135,8105,20.086
13834,7367,3135,49.265
13835,3136,7569,31.109
13836,3136,8043,51.478
13837,3137,8097,72.83600000000001
13838,3137,8618,54.019000000000005
13839,8659,3137,53.625
13840,3138,3141,37.013
13841,3141,3138,37.013
13842,7422,3138,11.526
13843,3138,7422,11.526
13844,6207,3138,84.286
13845,3138,6207,84.286
13846,7422,3139,74.449
13847,3139,7422,74.449
13848,3139,3141,75.572
13849,3141,3139,75.572
13850,3140,3139,28.58
13851,3139,3140,28.58
13852,3141,3975,75.768
13853,3975,3141,75.768
13854,3142,3143,49.505
13855,3143,3142,49.505
13856,3143,8601,109.151
13857,8601,3143,109.151
13858,5066,3143,73.714
13859,3143,5066,73.714
13860,3144,6504,80.905
13861,6504,3144,80.905
13862,6211,3144,112.015
13863,3144,6211,112.015
13864,3145,5065,205.282
13865,5065,3145,205.282
13866,5248,3145,57.332
13867,3145,5248,57.332
13868,3145,9589,154.41
13869,9589,3145,154.41
13870,3146,3147,289.9
13871,3147,3146,289.9
13872,3146,6159,253.459
13873,6159,3146,253.459
13874,7141,3146,57.542
13875,3146,7141,57.542
13876,3147,7736,57.113
13877,7736,3147,57.113
13878,6356,3147,56.481
13879,3147,6356,56.481
13880,3148,3149,104.714
13881,3676,3148,140.553
13882,3148,3676,140.553
13883,4397,3148,70.763
13884,3149,3150,105.546
13885,3150,3149,105.546
13886,3149,4396,72.751
13887,4836,3149,73.758
13888,3150,8138,79.981
13889,3621,3150,66.403
13890,3151,3152,129.348
13891,3152,3151,129.348
13892,3152,4827,33.716
13893,4827,3152,33.716
13894,8128,3153,79.648
13895,3153,8128,79.648
13896,3153,4232,85.091
13897,4232,3153,85.091
13898,3154,3155,285.045
13899,3155,3154,285.045
13900,3154,4169,342.66099999999994
13901,4169,3154,342.66099999999994
13902,7032,3154,72.97699999999999
13903,3154,7032,72.97699999999999
13904,3154,4686,86.339
13905,3155,4687,85.67899999999999
13906,4687,3155,85.67899999999999
13907,3155,7451,132.256
13908,7451,3155,132.256
13909,7031,3155,75.485
13910,3155,7031,75.485
13911,3156,3157,141.903
13912,3157,3156,141.903
13913,3300,3156,277.735
13914,3156,3300,277.735
13915,3156,4684,83.063
13916,4684,3156,83.063
13917,7030,3156,80.94399999999999
13918,3156,7030,80.94399999999999
13919,7029,3157,80.687
13920,3157,7029,80.687
13921,3996,3157,86.65599999999999
13922,3158,3159,97.348
13923,3159,3158,97.348
13924,3159,9684,84.209
13925,9684,3159,84.209
13926,3159,9500,142.184
13927,9500,3159,142.184
13928,7027,3159,81.43199999999999
13929,3159,7027,81.43199999999999
13930,3160,3161,46.495
13931,3161,3160,46.495
13932,3160,6088,43.392
13933,6088,3160,43.392
13934,4572,3161,116.05800000000002
13935,3161,4572,116.05800000000002
13936,3162,7327,67.46600000000001
13937,3266,3162,16.07
13938,3163,8656,82.229
13939,8656,3163,82.229
13940,8217,3163,6.982
13941,3163,8217,6.982
13942,3163,8221,265.494
13943,9432,3163,67.731
13944,9432,3163,68.059
13945,3164,4311,242.749
13946,4311,3164,242.749
13947,9152,3164,82.418
13948,3164,9152,82.418
13949,3165,3166,80.762
13950,3166,3165,80.762
13951,3165,3210,117.91
13952,3210,3165,117.91
13953,9151,3165,52.937
13954,3165,9151,52.937
13955,3166,3167,140.185
13956,3167,3166,140.185
13957,3166,5233,90.869
13958,5233,3166,90.869
13959,3210,3166,88.678
13960,3166,3210,88.678
13961,3167,6504,91.225
13962,6504,3167,91.225
13963,6503,3167,90.826
13964,3167,6503,90.826
13965,3168,3169,62.059
13966,3169,3168,62.059
13967,3168,4784,148.264
13968,4784,3168,148.264
13969,3169,3170,104.781
13970,3170,3169,104.781
13971,3169,4785,148.393
13972,4785,3169,148.393
13973,4784,3169,65.985
13974,3169,4784,65.985
13975,3170,4491,151.17799999999997
13976,4491,3170,151.17799999999997
13977,4490,3170,29.042
13978,3170,4490,29.042
13979,3170,3171,105.063
13980,3171,3170,105.063
13981,3171,9821,127.914
13982,9821,3171,127.914
13983,5145,3171,145.91799999999998
13984,3171,5145,145.91799999999998
13985,3172,6082,150.07399999999998
13986,3172,3173,107.19
13987,3173,3172,107.19
13988,5153,3172,146.36
13989,3173,3174,105.076
13990,3174,3173,105.076
13991,3173,9556,147.684
13992,9556,3173,147.684
13993,4299,3173,146.42400000000004
13994,3173,4299,146.42400000000004
13995,3174,9555,147.846
13996,9555,3174,147.846
13997,5154,3174,146.654
13998,3174,5154,146.654
13999,3175,9553,147.95100000000002
14000,9553,3175,147.95100000000002
14001,5155,3175,140.87300000000002
14002,3175,5155,140.87300000000002
14003,3176,5455,64.204
14004,5455,3176,64.204
14005,5156,3176,146.806
14006,3176,5156,146.806
14007,3177,3178,57.925
14008,3178,3177,57.925
14009,3645,3179,90.266
14010,3179,3645,90.266
14011,3179,3645,93.769
14012,8521,3180,90.281
14013,3180,8521,90.281
14014,3181,3182,314.429
14015,3182,3181,314.429
14016,3182,3183,143.938
14017,3183,3182,143.938
14018,3182,3845,85.148
14019,3845,3182,85.148
14020,3876,3182,48.645
14021,3182,3876,48.645
14022,3183,3846,87.805
14023,3846,3183,87.805
14024,3183,3184,143.21599999999998
14025,3184,3183,143.21599999999998
14026,3656,3183,82.94200000000001
14027,3183,3656,82.94200000000001
14028,3183,3656,86.723
14029,3184,3528,86.77199999999999
14030,3528,3184,86.77199999999999
14031,3527,3184,86.434
14032,3184,3527,86.434
14033,3185,3847,83.275
14034,3847,3185,83.275
14035,3657,3187,84.955
14036,3187,3657,84.955
14037,3187,3188,268.745
14038,3188,3187,268.745
14039,3187,3848,86.09800000000001
14040,3848,3187,86.09800000000001
14041,3188,3189,17.058
14042,3189,3188,17.058
14043,3188,3849,131.618
14044,3849,3188,131.618
14045,3189,3850,86.971
14046,3850,3189,86.971
14047,3658,3189,85.338
14048,3189,3658,85.338
14049,3189,3190,286.391
14050,3192,3189,286.909
14051,3190,3851,76.881
14052,3851,3190,76.881
14053,3190,3191,40.999
14054,3191,3190,40.999
14055,3191,3193,51.306
14056,3193,3191,51.306
14057,3191,3192,37.993
14058,7774,3192,55.644
14059,3192,7774,55.644
14060,3661,3193,82.382
14061,3193,3661,82.382
14062,3193,3194,204.97200000000004
14063,3194,9159,113.11400000000002
14064,9159,3194,113.11400000000002
14065,3194,3195,32.55199999999999
14066,3662,3195,128.076
14067,3195,3662,128.076
14068,3196,3197,77.784
14069,3197,3196,77.784
14070,8652,3196,55.589
14071,3196,8652,55.589
14072,3197,6221,105.956
14073,6221,3197,105.956
14074,3198,3199,49.38
14075,3199,3198,49.38
14076,3199,3200,60.979
14077,3200,3199,60.979
14078,3200,8482,105.438
14079,8482,3200,105.438
14080,3201,5092,92.731
14081,5092,3201,92.731
14082,3201,3202,272.29800000000006
14083,3202,3201,272.29800000000006
14084,3203,6259,30.654
14085,6259,3203,30.654
14086,4880,3203,120.11
14087,3203,4880,120.11
14088,3204,3205,78.524
14089,3205,3204,78.524
14090,3204,3225,196.766
14091,3225,3204,196.766
14092,3205,4747,272.251
14093,4747,3205,272.251
14094,5099,3205,260.577
14095,3205,5099,260.577
14096,3205,3206,80.262
14097,3206,3205,80.262
14098,3206,4747,198.145
14099,4747,3206,198.145
14100,3207,4152,198.029
14101,4152,3207,198.029
14102,4151,3207,185.773
14103,3207,4151,185.773
14104,3208,4281,88.38
14105,4281,3208,88.38
14106,3208,3209,133.658
14107,3209,3208,133.658
14108,3209,6405,84.33200000000001
14109,6405,3209,84.33200000000001
14110,3210,3211,55.546
14111,3211,3210,55.546
14112,4311,3211,294.707
14113,3211,4311,294.707
14114,3211,6504,121.712
14115,6504,3211,121.712
14116,5015,3212,112.781
14117,3212,5015,112.781
14118,3213,3214,66.438
14119,3214,3213,66.438
14120,3213,7202,38.708
14121,7202,3213,38.708
14122,3214,3215,92.562
14123,3215,3214,92.562
14124,3973,3214,185.678
14125,3214,3973,185.678
14126,3215,3216,28.434
14127,3216,3215,28.434
14128,3215,7203,25.246
14129,7203,3215,25.246
14130,3216,3217,73.07000000000001
14131,3217,3216,73.07000000000001
14132,6236,3216,36.855
14133,3216,6236,36.855
14134,3219,3220,54.449
14135,3220,3219,54.449
14136,6265,3219,143.848
14137,3219,6265,143.848
14138,3222,7485,93.272
14139,7485,3222,93.272
14140,6792,3222,166.973
14141,3222,6792,166.973
14142,3222,7484,390.588
14143,7484,3222,390.588
14144,3223,3224,42.115
14145,3224,3223,42.115
14146,5524,3223,91.106
14147,3223,5524,91.106
14148,3225,9074,29.146
14149,9074,3225,29.146
14150,8550,3225,81.122
14151,3225,8550,81.122
14152,3226,4669,29.147
14153,4669,3226,29.147
14154,8272,3226,50.926
14155,3226,8272,50.926
14156,5995,3227,100.062
14157,3227,5995,100.062
14158,3227,3228,225.67
14159,3228,3227,225.67
14160,3228,7646,82.688
14161,3228,3229,197.591
14162,3229,3228,197.591
14163,5380,3229,82.632
14164,3229,5380,82.632
14165,3229,3230,212.666
14166,3230,3229,212.666
14167,5064,3230,111.246
14168,3230,5064,111.246
14169,3231,9856,146.80100000000002
14170,9856,3231,146.80100000000002
14171,3231,5996,160.259
14172,5996,3231,160.259
14173,6429,3231,399.706
14174,3231,6429,399.706
14175,3232,3233,68.46
14176,3233,3232,68.46
14177,3233,3232,324.88899999999995
14178,3232,3233,324.88899999999995
14179,3233,8661,220.149
14180,8661,3233,220.149
14181,5824,3234,52.369
14182,8060,3234,139.105
14183,3235,4395,104.524
14184,3235,9587,146.292
14185,3236,3235,146.47799999999998
14186,3237,3236,146.263
14187,4973,3236,104.571
14188,3237,4974,104.624
14189,3238,3237,146.273
14190,3239,3238,146.628
14191,4975,3238,104.675
14192,3239,4976,104.738
14193,3240,3239,146.026
14194,3241,3240,146.567
14195,4977,3240,104.791
14196,4429,3241,104.728
14197,3241,4429,104.728
14198,6759,3241,137.974
14199,3242,9781,5.142
14200,3242,4978,104.41
14201,3243,3242,137.653
14202,5284,3243,104.509
14203,7635,3243,26.659
14204,3244,7635,119.603
14205,3245,3244,292.783
14206,3244,3245,292.783
14207,3737,3245,83.655
14208,3245,3737,83.655
14209,3246,3245,279.98299999999995
14210,3245,3246,279.98299999999995
14211,6776,3246,12.774
14212,3246,6776,12.774
14213,8391,3246,72.30499999999999
14214,3247,6776,146.17900000000003
14215,6776,3247,146.17900000000003
14216,3247,6787,71.94
14217,6787,3247,71.94
14218,3248,9278,146.40099999999998
14219,9278,3248,146.40099999999998
14220,3249,3248,144.593
14221,3248,3249,144.593
14222,5138,3248,83.473
14223,3248,5138,83.473
14224,7154,3249,7.779
14225,3249,7154,7.779
14226,9255,3249,48.617
14227,3251,3250,146.4
14228,3250,3251,146.4
14229,6682,3250,106.3
14230,3250,6682,106.3
14231,3252,3251,123.801
14232,3251,3252,123.801
14233,5146,3251,101.076
14234,3251,5146,101.076
14235,5288,3252,101.576
14236,3252,5288,101.576
14237,3253,7329,21.175
14238,7329,3253,21.175
14239,8584,3253,46.613
14240,3254,9503,13.709
14241,9503,3254,13.709
14242,7291,3254,79.491
14243,3254,7291,79.491
14244,8246,3255,10.975
14245,3255,8246,10.975
14246,3255,3256,82.53
14247,3256,3255,82.53
14248,3255,3315,200.397
14249,3329,3255,47.525
14250,3256,3257,62.32600000000001
14251,3257,3256,62.32600000000001
14252,3256,4991,107.105
14253,4991,3256,107.105
14254,4992,3256,200.177
14255,3256,4992,200.177
14256,3258,8084,195.029
14257,8084,3258,195.029
14258,3259,3260,169.835
14259,3260,3259,169.835
14260,3259,8658,179.281
14261,8655,3259,90.759
14262,3260,3261,188.991
14263,3261,3260,188.991
14264,3260,4690,86.0
14265,4690,3260,86.0
14266,6635,3260,106.391
14267,3260,6635,106.391
14268,3261,3261,136.58
14269,3262,3263,131.755
14270,3263,3262,131.755
14271,3262,7370,149.38200000000003
14272,7370,3262,149.38200000000003
14273,3262,3940,141.449
14274,3940,3262,141.449
14275,3263,3909,108.289
14276,3909,3263,108.289
14277,3263,3264,226.413
14278,3264,3263,226.413
14279,3265,7327,13.122
14280,3265,3266,86.608
14281,3380,3265,32.701
14282,7328,3265,21.831
14283,7456,3265,24.525
14284,3266,3267,41.747
14285,3267,3266,41.747
14286,3678,3267,191.067
14287,3267,3678,191.067
14288,3267,3268,69.229
14289,3268,3267,69.229
14290,3268,3269,68.145
14291,3269,3268,68.145
14292,3777,3268,191.53
14293,3268,3777,191.53
14294,3269,8282,183.166
14295,8282,3269,183.166
14296,3270,9389,30.578000000000003
14297,3270,9479,17.343
14298,9256,3270,33.733
14299,3270,9256,33.733
14300,7460,3270,74.51899999999999
14301,3271,6471,86.437
14302,6471,3271,86.437
14303,8812,3272,81.386
14304,3272,8812,81.386
14305,3273,3274,116.612
14306,3274,3273,116.612
14307,3274,4411,88.924
14308,4411,3274,88.924
14309,8811,3275,136.321
14310,3275,8811,136.321
14311,3275,3276,84.735
14312,3276,3275,84.735
14313,3276,4797,132.787
14314,3276,8577,69.297
14315,8577,3276,69.297
14316,3277,4398,58.247
14317,4398,3277,58.247
14318,3277,3278,63.586
14319,3278,3277,63.586
14320,7823,3277,238.33
14321,3277,7823,238.33
14322,3278,3279,55.017
14323,3279,3278,55.017
14324,3278,4398,33.347
14325,4398,3278,33.347
14326,6231,3279,302.182
14327,3279,6231,302.182
14328,3279,3280,138.514
14329,3280,3279,138.514
14330,3280,6367,72.52799999999999
14331,6367,3280,72.52799999999999
14332,5152,3280,114.287
14333,3280,5152,114.287
14334,3282,7619,35.165
14335,7619,3282,35.165
14336,3282,3283,45.70399999999999
14337,3283,3282,45.70399999999999
14338,3283,7619,37.149
14339,7619,3283,37.149
14340,9206,3283,372.633
14341,3283,9206,372.633
14342,3284,6111,94.038
14343,6111,3284,94.038
14344,3284,3285,207.766
14345,3285,3284,207.766
14346,3285,8945,207.768
14347,8945,3285,207.768
14348,3459,3285,94.171
14349,3285,3459,94.171
14350,3287,6823,207.405
14351,6823,3287,207.405
14352,7733,3287,204.151
14353,3287,7733,204.151
14354,3287,6144,94.365
14355,6144,3287,94.365
14356,3288,5867,94.125
14357,5867,3288,94.125
14358,3288,3289,207.494
14359,3289,3288,207.494
14360,3289,6638,94.23399999999998
14361,6638,3289,94.23399999999998
14362,3289,8864,202.769
14363,8864,3289,202.769
14364,8917,3290,352.333
14365,3290,8917,352.333
14366,3291,9851,41.649
14367,9851,3291,41.649
14368,3292,3293,182.119
14369,3293,3292,182.119
14370,3293,3294,32.08
14371,3294,3293,32.08
14372,3293,7624,124.024
14373,7624,3293,124.024
14374,3294,9253,16.99
14375,9253,3294,16.99
14376,3295,4155,36.177
14377,4155,3295,36.177
14378,5240,3296,81.058
14379,3296,5240,81.058
14380,3296,5481,18.431
14381,5481,3296,18.431
14382,7111,3296,167.28199999999998
14383,3297,3953,251.47600000000003
14384,3953,3297,251.47600000000003
14385,3952,3297,157.04600000000002
14386,3297,3952,157.04600000000002
14387,3298,5582,156.84199999999998
14388,5582,3298,156.84199999999998
14389,5581,3298,156.26199999999997
14390,3298,5581,156.26199999999997
14391,3298,9888,93.369
14392,9888,3298,93.369
14393,3299,5008,28.186
14394,5008,3299,28.186
14395,5009,3299,62.147
14396,3299,5009,62.147
14397,9888,3299,99.823
14398,3299,9888,99.823
14399,3300,4924,110.038
14400,4924,3300,110.038
14401,4923,3300,173.88299999999998
14402,3300,4923,173.88299999999998
14403,6982,3301,200.127
14404,3301,6982,200.127
14405,3302,4820,151.021
14406,4820,3302,151.021
14407,3302,6695,174.933
14408,6695,3302,174.933
14409,4689,3303,247.847
14410,3303,4689,247.847
14411,7564,3303,61.622
14412,3303,7564,61.622
14413,3303,6698,197.243
14414,6698,3303,197.243
14415,7414,3304,56.47999999999999
14416,3305,4634,94.605
14417,4634,3305,94.605
14418,6647,3305,48.903
14419,3305,6647,48.903
14420,3306,3305,42.633
14421,3306,5655,64.006
14422,5655,3306,64.006
14423,3307,3308,119.761
14424,3308,3307,119.761
14425,3307,4011,90.69
14426,4011,3307,90.69
14427,5003,3307,88.068
14428,3307,5003,88.068
14429,3308,7082,89.708
14430,7083,3308,87.69500000000001
14431,9404,3309,37.827
14432,3309,9404,37.827
14433,3309,3645,84.36
14434,3645,3309,84.36
14435,9403,3309,7.29
14436,6263,3310,88.465
14437,3310,6263,88.465
14438,3310,8521,88.58000000000001
14439,8521,3310,88.58000000000001
14440,3311,4015,89.33800000000001
14441,4015,3311,89.33800000000001
14442,5735,3311,101.224
14443,3311,5735,101.224
14444,3312,3313,66.556
14445,9374,3312,144.64600000000002
14446,9376,3313,143.85500000000002
14447,3313,9376,143.85500000000002
14448,3314,8500,20.51
14449,3314,7718,31.951
14450,8246,3314,40.228
14451,6703,3315,9.952
14452,3315,6703,9.952
14453,3315,4992,82.14
14454,4992,3315,82.14
14455,3315,3316,201.496
14456,6704,3316,9.318
14457,3316,6704,9.318
14458,3316,4891,81.273
14459,4891,3316,81.273
14460,3316,9112,297.42100000000005
14461,6705,3317,9.93
14462,3317,6705,9.93
14463,3317,3318,62.449
14464,9112,3317,103.237
14465,6706,3318,9.93
14466,3318,6706,9.93
14467,3318,4993,81.409
14468,4993,3318,81.409
14469,3318,3319,138.46
14470,6707,3319,10.964
14471,3319,6707,10.964
14472,3319,4994,80.72000000000001
14473,4994,3319,80.72000000000001
14474,8335,3320,8.091
14475,3320,8335,8.091
14476,3320,5209,146.296
14477,5209,3320,146.296
14478,3320,3321,76.354
14479,8336,3321,7.642
14480,3321,8336,7.642
14481,3321,6091,135.632
14482,6091,3321,135.632
14483,3321,3322,79.24700000000001
14484,7721,3322,8.76
14485,3322,7721,8.76
14486,3322,4077,128.788
14487,4077,3322,128.788
14488,3322,8316,82.07600000000001
14489,4082,3323,140.655
14490,3323,4082,140.655
14491,3323,7721,33.138
14492,7721,3323,33.138
14493,8328,3323,66.476
14494,6694,3324,10.585
14495,3324,6694,10.585
14496,3324,3325,77.338
14497,3324,6309,139.091
14498,6309,3324,139.091
14499,8317,3324,79.38
14500,6695,3325,10.159
14501,3325,6695,10.159
14502,3325,6310,139.116
14503,6310,3325,139.116
14504,6697,3326,10.235
14505,3326,6697,10.235
14506,3326,3327,75.03299999999999
14507,3326,4148,139.454
14508,4148,3326,139.454
14509,6698,3327,10.591
14510,3327,6698,10.591
14511,3327,6311,139.898
14512,6311,3327,139.898
14513,3327,8516,119.543
14514,3328,6701,13.93
14515,3328,5790,20.522
14516,6702,3328,99.552
14517,8498,3329,96.82999999999998
14518,3330,6702,149.934
14519,8314,3330,45.281
14520,8316,3330,51.695
14521,3331,6700,299.775
14522,5790,3331,28.457
14523,6701,3331,25.172999999999995
14524,3332,8327,8.16
14525,8327,3332,8.16
14526,3332,8538,111.719
14527,6699,3332,33.361
14528,9634,3332,41.852
14529,3333,9836,36.239
14530,9836,3333,36.239
14531,9075,3334,40.163
14532,3334,9075,40.163
14533,3334,3822,125.074
14534,3334,5998,104.7
14535,5998,3334,104.7
14536,9139,3334,32.096999999999994
14537,3334,9139,32.096999999999994
14538,3335,7989,34.537
14539,7989,3335,34.537
14540,3335,7987,35.158
14541,7987,3335,35.158
14542,3335,9138,28.326
14543,9138,3335,28.326
14544,7986,3335,50.596
14545,5103,3336,194.336
14546,3336,5103,194.336
14547,3336,9903,69.654
14548,9903,3336,69.654
14549,7989,3336,118.815
14550,3336,7989,118.815
14551,4917,3337,190.749
14552,3337,4917,190.749
14553,3337,3338,77.12500000000001
14554,3338,3337,77.12500000000001
14555,9905,3337,70.377
14556,3337,9905,70.377
14557,6540,3338,195.972
14558,3338,6540,195.972
14559,3338,8908,77.799
14560,8908,3338,77.799
14561,3339,8818,70.27799999999999
14562,8818,3339,70.27799999999999
14563,8908,3339,78.001
14564,3339,8908,78.001
14565,3339,6812,255.395
14566,6812,3339,255.395
14567,7990,3339,186.20500000000004
14568,3339,7990,186.20500000000004
14569,3340,6809,250.199
14570,6809,3340,250.199
14571,3340,9723,9.308
14572,9726,3340,9.171
14573,3341,6815,276.793
14574,6815,3341,276.793
14575,3341,3342,96.758
14576,3342,3341,96.758
14577,9729,3341,80.855
14578,3341,9729,80.855
14579,3342,6814,277.437
14580,6814,3342,277.437
14581,3342,3343,97.647
14582,3343,3342,97.647
14583,3343,6816,277.597
14584,6816,3343,277.597
14585,3343,3344,100.0
14586,3344,3343,100.0
14587,3344,3371,69.989
14588,3371,3344,69.989
14589,3370,3344,137.654
14590,3344,3370,137.654
14591,7034,3345,26.632
14592,3345,7034,26.632
14593,9350,3345,330.246
14594,4325,3346,127.16
14595,3346,4325,127.16
14596,3346,7034,197.448
14597,7034,3346,197.448
14598,3347,3346,180.627
14599,3346,3347,180.627
14600,3346,4326,114.413
14601,4326,3346,114.413
14602,3347,4984,192.935
14603,4984,3347,192.935
14604,3348,3347,96.083
14605,3347,3348,96.083
14606,3349,3348,138.599
14607,3348,3349,138.599
14608,3348,3492,193.81
14609,3492,3348,193.81
14610,5651,3349,39.667
14611,3349,5651,39.667
14612,3350,9376,15.341
14613,9376,3350,15.341
14614,3351,3350,269.61999999999995
14615,3350,3351,269.61999999999995
14616,5985,3350,66.35199999999999
14617,3351,4150,96.664
14618,4150,3351,96.664
14619,3353,3352,63.93
14620,3352,3353,63.93
14621,3352,6143,94.707
14622,6143,3352,94.707
14623,3354,3353,6.152
14624,3353,3354,6.152
14625,3353,9153,96.228
14626,9153,3353,96.228
14627,3355,3354,20.449
14628,3354,3355,20.449
14629,3355,6385,71.622
14630,6385,3355,71.622
14631,5308,3356,96.506
14632,3356,5308,96.506
14633,3357,3356,82.509
14634,3356,3357,82.509
14635,3356,8540,193.425
14636,8540,3356,193.425
14637,3358,9266,251.54500000000004
14638,9266,3358,251.54500000000004
14639,3359,3360,59.269
14640,3360,3359,59.269
14641,3361,3360,12.098
14642,3360,3361,12.098
14643,5029,3361,83.386
14644,3361,5029,83.386
14645,3362,3363,98.271
14646,3363,3362,98.271
14647,3362,4437,51.765
14648,4437,3362,51.765
14649,3365,3364,34.39
14650,3364,3365,34.39
14651,7623,3364,28.227
14652,3364,7623,28.227
14653,3365,7623,41.054
14654,7619,3365,174.502
14655,3365,7619,174.502
14656,3366,3367,126.413
14657,3367,3366,126.413
14658,9206,3366,480.35300000000007
14659,3366,9206,480.35300000000007
14660,9857,3366,618.79
14661,3366,9857,618.79
14662,3367,3368,102.805
14663,3368,3367,102.805
14664,4928,3367,182.083
14665,3367,4928,182.083
14666,3368,3369,95.611
14667,3369,3368,95.611
14668,3368,6194,15.497
14669,6194,3368,15.497
14670,4929,3368,193.478
14671,3368,4929,193.478
14672,4930,3369,202.088
14673,3369,4930,202.088
14674,3370,4188,98.981
14675,4188,3370,98.981
14676,3371,4189,98.669
14677,4189,3371,98.669
14678,3371,6813,207.409
14679,6813,3371,207.409
14680,3372,7505,51.935
14681,7505,3372,51.935
14682,3373,8735,54.465
14683,8735,3373,54.465
14684,7505,3373,28.633
14685,3373,7505,28.633
14686,3374,3375,41.355
14687,3375,3374,41.355
14688,3374,4191,98.468
14689,4191,3374,98.468
14690,8963,3376,70.981
14691,3376,8963,70.981
14692,3376,8645,122.756
14693,8645,3376,122.756
14694,8123,3376,87.188
14695,3376,8123,87.188
14696,3377,7197,23.872
14697,3377,3378,115.563
14698,6411,3377,21.775
14699,9791,3377,36.904
14700,9804,3377,54.452
14701,3378,3379,84.611
14702,3379,3380,150.212
14703,7734,3379,138.073
14704,3381,3382,80.165
14705,3382,3381,80.165
14706,3381,5177,188.775
14707,5177,3381,188.775
14708,5176,3381,75.19200000000001
14709,3381,5176,75.19200000000001
14710,3382,8913,77.811
14711,8913,3382,77.811
14712,6550,3382,199.772
14713,3382,6550,199.772
14714,3383,3384,159.38
14715,3384,3383,159.38
14716,8913,3383,87.294
14717,3383,8913,87.294
14718,6176,3383,178.351
14719,3383,6176,178.351
14720,3384,3385,81.74900000000001
14721,3385,3384,81.74900000000001
14722,3384,5455,216.43700000000004
14723,5455,3384,216.43700000000004
14724,6176,3385,79.591
14725,3385,6176,79.591
14726,3385,8915,52.589
14727,8914,3385,52.694
14728,3386,4183,201.03
14729,4183,3386,201.03
14730,4178,3386,73.81400000000001
14731,3386,4178,73.81400000000001
14732,3387,3388,54.553
14733,3388,3387,54.553
14734,6133,3387,102.90500000000002
14735,3387,6133,102.90500000000002
14736,3388,6552,138.78300000000002
14737,6133,3388,84.40599999999999
14738,3390,7753,53.868
14739,7753,3390,53.868
14740,3390,4074,138.703
14741,4074,3390,138.703
14742,3391,8608,102.667
14743,7595,3391,225.839
14744,3392,6735,25.011000000000003
14745,3392,3393,425.543
14746,4698,3392,53.315
14747,6738,3392,6.024
14748,3393,5919,223.3160000000001
14749,4697,3393,134.189
14750,3394,9541,13.704
14751,3394,7872,29.008000000000003
14752,5919,3394,25.456
14753,7712,3394,33.919
14754,6716,3395,10.706
14755,3395,6716,10.706
14756,3395,6116,84.52
14757,6116,3395,84.52
14758,3395,9189,202.177
14759,8924,3395,209.611
14760,9492,3396,10.229
14761,3396,9492,10.229
14762,3396,9188,6.682
14763,3396,9865,87.375
14764,9865,3396,87.375
14765,9189,3396,5.365
14766,6718,3397,10.822
14767,3397,6718,10.822
14768,3397,6280,93.03
14769,6280,3397,93.03
14770,9188,3397,201.32599999999996
14771,6720,3398,10.613
14772,3398,6720,10.613
14773,6722,3399,10.251
14774,3399,6722,10.251
14775,3399,3919,93.28
14776,3919,3399,93.28
14777,3399,3400,207.244
14778,6723,3400,10.222
14779,3400,6723,10.222
14780,3400,3401,207.949
14781,3400,4355,93.353
14782,4355,3400,93.353
14783,6724,3401,10.479
14784,3401,6724,10.479
14785,3401,6167,93.122
14786,6167,3401,93.122
14787,6727,3402,10.147
14788,3402,6727,10.147
14789,3402,6281,93.535
14790,6281,3402,93.535
14791,3402,9917,6.439
14792,9914,3402,8.021
14793,6728,3403,10.585
14794,3403,6728,10.585
14795,3403,3404,207.58
14796,3403,6055,90.394
14797,6055,3403,90.394
14798,9917,3403,201.312
14799,6729,3404,10.598
14800,3404,6729,10.598
14801,5397,3404,90.331
14802,3404,5397,90.331
14803,3405,6972,19.439
14804,3405,5977,165.63500000000002
14805,6731,3405,13.398
14806,6733,3406,12.845
14807,3406,6733,12.845
14808,3406,5468,96.138
14809,5468,3406,96.138
14810,3406,3407,156.916
14811,6972,3406,230.133
14812,6732,3407,10.988
14813,3407,6732,10.988
14814,3407,9572,62.794
14815,9572,3407,62.794
14816,3407,3408,242.66
14817,3408,7712,179.235
14818,4622,3408,196.219
14819,3409,4623,71.00099999999999
14820,4623,3409,71.00099999999999
14821,3409,6735,522.223
14822,7875,3409,92.933
14823,3410,8024,373.646
14824,6734,3410,50.458
14825,9638,3410,50.864
14826,7287,3411,67.222
14827,3411,7287,67.222
14828,3411,3412,81.375
14829,3412,3411,81.375
14830,3411,4720,68.374
14831,4720,3411,68.374
14832,3412,5906,157.992
14833,5906,3412,157.992
14834,4719,3412,76.18900000000001
14835,3412,4719,76.18900000000001
14836,3412,5851,201.193
14837,5851,3412,201.193
14838,4720,3412,62.366
14839,3412,4720,62.366
14840,3414,6837,207.272
14841,6837,3414,207.272
14842,3414,6149,94.031
14843,6149,3414,94.031
14844,5448,3414,94.357
14845,3414,5448,94.357
14846,3415,5872,94.161
14847,5872,3415,94.161
14848,5449,3415,94.223
14849,3415,5449,94.223
14850,3415,3416,207.729
14851,3416,3415,207.729
14852,3416,6283,94.208
14853,6283,3416,94.208
14854,5450,3416,94.174
14855,3416,5450,94.174
14856,3417,6979,14.01
14857,6979,3417,14.01
14858,3417,6562,283.1499999999999
14859,6566,3417,297.05
14860,3418,3419,70.83500000000001
14861,3419,3418,70.83500000000001
14862,6979,3418,87.46199999999999
14863,3418,6979,87.46199999999999
14864,3418,4605,422.174
14865,4605,3418,422.174
14866,3419,4605,338.831
14867,4605,3419,338.831
14868,3420,3421,405.8730000000001
14869,3421,3420,405.8730000000001
14870,4605,3420,152.933
14871,3420,4605,152.933
14872,7592,3421,8.515
14873,3421,7592,8.515
14874,3421,8170,110.99800000000002
14875,9252,3421,157.901
14876,3422,3423,31.298
14877,3423,3422,31.298
14878,3423,3424,21.353
14879,4932,3423,112.095
14880,3424,7401,113.64
14881,4968,3424,33.192
14882,3424,4968,33.192
14883,3425,3426,109.832
14884,3426,3425,109.832
14885,3426,5053,55.798
14886,5053,3426,55.798
14887,4506,3427,140.207
14888,3427,4506,140.207
14889,3428,4507,137.892
14890,4507,3428,137.892
14891,3429,4508,140.92
14892,3429,3430,91.534
14893,3430,3429,91.534
14894,4509,3430,139.91
14895,3430,4509,139.91
14896,3430,3431,91.033
14897,3431,3430,91.033
14898,4510,3431,139.214
14899,3431,4510,139.214
14900,4511,3431,231.567
14901,3431,4511,231.567
14902,3432,7209,69.10000000000001
14903,3433,3432,94.441
14904,9337,3432,118.309
14905,3433,5421,54.647
14906,5421,3433,54.647
14907,3434,3433,109.262
14908,5422,3434,54.798
14909,3434,5422,54.798
14910,5317,3435,55.013
14911,3435,5317,55.013
14912,3435,7374,51.098
14913,7374,3435,51.098
14914,6112,3436,200.603
14915,3436,6112,200.603
14916,3436,9485,7.138
14917,9485,3436,7.138
14918,3436,7699,94.215
14919,6116,3437,202.295
14920,3437,6116,202.295
14921,3437,3438,94.21099999999998
14922,3437,9865,5.156
14923,9865,3437,5.156
14924,9189,3437,86.86200000000001
14925,5970,3438,202.49500000000003
14926,3438,5970,202.49500000000003
14927,3438,9864,5.089
14928,9864,3438,5.089
14929,3438,3439,94.343
14930,5493,3439,202.016
14931,3439,5493,202.016
14932,3439,3440,97.126
14933,3439,9863,5.68
14934,9863,3439,5.68
14935,4681,3440,207.779
14936,3440,4681,207.779
14937,3440,4682,207.75100000000003
14938,4682,3440,207.75100000000003
14939,3440,9417,95.514
14940,9863,3440,94.389
14941,3440,9863,94.389
14942,4029,3441,207.771
14943,3441,4029,207.771
14944,3441,9411,83.81
14945,9411,3441,83.81
14946,3441,4030,207.765
14947,4030,3441,207.765
14948,9415,3441,31.441
14949,3441,9415,31.441
14950,3442,9412,8.293
14951,9412,3442,8.293
14952,3703,3442,207.963
14953,3442,3703,207.963
14954,3442,9413,5.012
14955,9413,3442,5.012
14956,4551,3443,207.779
14957,3443,4551,207.779
14958,3443,4552,207.75
14959,4552,3443,207.75
14960,9412,3443,86.01
14961,3443,9412,86.01
14962,3443,9419,37.401
14963,9419,3443,37.401
14964,3834,3444,207.785
14965,3444,3834,207.785
14966,3444,3835,207.742
14967,3835,3444,207.742
14968,9419,3444,57.203
14969,3444,9419,57.203
14970,3444,9419,61.193
14971,9419,3444,61.089000000000006
14972,4866,3445,207.776
14973,3445,4866,207.776
14974,3445,9418,26.159
14975,9418,3445,26.159
14976,3445,4867,207.76200000000003
14977,4867,3445,207.76200000000003
14978,3446,9430,49.446
14979,9430,3446,49.446
14980,9420,3446,27.937
14981,3446,9420,27.937
14982,6117,3446,207.798
14983,3446,6117,207.798
14984,3446,6464,207.741
14985,6464,3446,207.741
14986,9426,3447,7.194000000000001
14987,3447,9426,7.194000000000001
14988,3447,6955,40.289
14989,6955,3447,40.289
14990,9430,3447,44.859
14991,3447,9430,44.859
14992,6634,3447,207.743
14993,3447,6634,207.743
14994,4641,3448,207.797
14995,3448,4641,207.797
14996,9428,3448,14.123
14997,3448,9428,14.123
14998,3448,3449,94.517
14999,3449,3448,94.517
15000,3448,4642,207.751
15001,4642,3448,207.751
15002,5433,3449,207.797
15003,3449,5433,207.797
15004,3449,5434,207.741
15005,5434,3449,207.741
15006,3449,9431,22.803
15007,9431,3449,22.803
15008,5899,3450,207.798
15009,3450,5899,207.798
15010,3450,3451,94.172
15011,3451,3450,94.172
15012,3450,5900,207.741
15013,5900,3450,207.741
15014,9431,3450,71.511
15015,3450,9431,71.511
15016,3450,9431,75.32799999999999
15017,9431,3450,75.448
15018,5504,3451,207.93100000000004
15019,3451,5504,207.93100000000004
15020,3451,3452,94.509
15021,3452,3451,94.509
15022,3451,5505,207.61900000000003
15023,5505,3451,207.61900000000003
15024,3452,9424,21.096
15025,9424,3452,21.096
15026,4699,3452,207.797
15027,3452,4699,207.797
15028,3452,4700,207.743
15029,4700,3452,207.743
15030,3453,3454,94.279
15031,3454,3453,94.279
15032,9423,3453,27.945
15033,3453,9423,27.945
15034,6119,3453,207.81
15035,3453,6119,207.81
15036,3453,6189,207.742
15037,6189,3453,207.742
15038,3454,9422,26.361
15039,9422,3454,26.361
15040,3454,6515,207.741
15041,6515,3454,207.741
15042,6120,3454,207.807
15043,3454,6120,207.807
15044,9421,3455,24.899
15045,3455,9421,24.899
15046,3455,3456,94.535
15047,3456,3455,94.535
15048,3455,3982,207.743
15049,3982,3455,207.743
15050,3981,3455,207.806
15051,3455,3981,207.806
15052,3456,8937,207.743
15053,8937,3456,207.743
15054,4773,3456,207.806
15055,3456,4773,207.806
15056,3456,3457,94.138
15057,3457,3456,94.138
15058,5118,3457,207.807
15059,3457,5118,207.807
15060,3457,3862,207.548
15061,3862,3457,207.548
15062,3457,3458,21.888
15063,3458,3457,21.888
15064,3458,8938,207.924
15065,8938,3458,207.924
15066,8946,3458,207.995
15067,3458,8946,207.995
15068,6111,3459,207.76
15069,3459,6111,207.76
15070,3459,6640,207.773
15071,6640,3459,207.773
15072,3460,7645,161.37399999999997
15073,7645,3460,161.37399999999997
15074,3460,3469,33.322
15075,3461,3460,33.98
15076,3461,7804,148.481
15077,7804,3461,148.481
15078,3462,3461,66.29
15079,3462,7808,148.533
15080,7808,3462,148.533
15081,3463,3462,68.233
15082,3465,3464,35.135000000000005
15083,3466,3465,46.496
15084,7547,3465,153.051
15085,3466,6277,152.008
15086,3467,3466,35.737
15087,3468,3467,32.948
15088,3469,3468,22.139
15089,3470,7990,29.406
15090,7990,3470,29.406
15091,8907,3470,28.611
15092,3470,8907,28.611
15093,3471,3472,66.83
15094,3472,3471,66.83
15095,3472,3473,98.958
15096,3473,3472,98.958
15097,3473,3474,98.957
15098,3474,3473,98.957
15099,3475,9398,106.69
15100,9399,3475,6.815999999999999
15101,3475,9399,6.815999999999999
15102,8135,3475,81.34
15103,3476,7343,31.079
15104,7343,3476,31.079
15105,3476,5603,75.591
15106,3477,3478,101.787
15107,3478,3477,101.787
15108,3477,4815,188.075
15109,4815,3477,188.075
15110,5429,3477,54.784
15111,3477,5429,54.784
15112,3478,9069,229.425
15113,9069,3478,229.425
15114,8163,3479,26.616
15115,3479,8163,26.616
15116,3479,3480,196.765
15117,3480,3479,196.765
15118,3480,3481,236.029
15119,3481,3480,236.029
15120,3480,9202,86.123
15121,9202,3480,86.123
15122,3481,9654,89.566
15123,9654,3481,89.566
15124,9649,3481,83.249
15125,3481,9649,83.249
15126,3483,3679,277.914
15127,3483,3680,86.24099999999999
15128,3680,3483,86.24099999999999
15129,4696,3484,86.98200000000001
15130,3484,4696,86.98200000000001
15131,4986,3484,278.138
15132,3484,4986,278.138
15133,3485,3484,65.977
15134,3484,3485,65.977
15135,3485,3765,277.674
15136,8140,3485,57.852
15137,3485,8140,57.852
15138,3485,3766,88.46900000000001
15139,3487,3486,58.015
15140,3486,3487,58.015
15141,3486,5619,57.988
15142,5619,3486,57.988
15143,4987,3486,279.398
15144,3487,8063,100.052
15145,8063,3487,100.052
15146,3488,3487,66.891
15147,3487,3488,66.891
15148,3489,3488,193.589
15149,3488,3489,193.589
15150,9187,3488,58.123000000000005
15151,9187,3488,61.136
15152,3489,3596,66.505
15153,3596,3489,66.505
15154,3489,3490,124.813
15155,3490,3489,124.813
15156,9286,3489,67.199
15157,3489,9286,67.199
15158,3491,5652,140.498
15159,5652,3491,140.498
15160,3492,9347,108.626
15161,9347,3492,108.626
15162,4984,3492,98.346
15163,3492,4984,98.346
15164,3493,3494,143.00999999999996
15165,3494,3493,143.00999999999996
15166,8147,3493,171.74400000000003
15167,3493,8147,171.74400000000003
15168,4584,3493,103.587
15169,6457,3494,104.598
15170,3494,6457,104.598
15171,3494,3495,145.983
15172,3495,3494,145.983
15173,4845,3495,103.825
15174,3495,4845,103.825
15175,3495,3496,146.072
15176,3496,3495,146.072
15177,4387,3496,104.205
15178,3496,4387,104.205
15179,3496,9874,146.303
15180,9874,3496,146.303
15181,3497,6459,103.522
15182,6459,3497,103.522
15183,3497,3498,146.56300000000002
15184,3498,3497,146.56300000000002
15185,9874,3497,146.152
15186,3497,9874,146.152
15187,3498,3499,146.631
15188,3499,3498,146.631
15189,6376,3498,102.416
15190,3498,6376,102.416
15191,3499,3500,146.184
15192,3500,3499,146.184
15193,3499,6306,104.028
15194,6306,3499,104.028
15195,3500,3501,24.999
15196,3501,3500,24.999
15197,3500,8146,57.040000000000006
15198,8146,3500,57.040000000000006
15199,9102,3500,104.572
15200,3500,9102,104.572
15201,3502,7227,139.35
15202,7227,3502,139.35
15203,6442,3502,124.826
15204,3502,6442,124.826
15205,4439,3502,104.249
15206,3502,4439,104.249
15207,7305,3503,103.751
15208,3503,7305,103.751
15209,3503,3504,146.16400000000002
15210,3504,3503,146.16400000000002
15211,7232,3503,139.907
15212,3503,7232,139.907
15213,3504,4621,103.843
15214,4621,3504,103.843
15215,3504,3505,146.557
15216,3505,3504,146.557
15217,5959,3505,103.867
15218,3505,5959,103.867
15219,3505,3506,146.066
15220,3506,3505,146.066
15221,3506,8786,146.424
15222,8786,3506,146.424
15223,3507,3508,146.372
15224,3508,3507,146.372
15225,8786,3507,146.388
15226,3507,8786,146.388
15227,3508,9568,182.328
15228,3508,6460,104.021
15229,6460,3508,104.021
15230,3508,9558,17.544
15231,9558,3508,17.544
15232,9559,3508,44.237
15233,3509,5802,104.058
15234,5802,3509,104.058
15235,3509,3510,143.63799999999998
15236,3510,3509,143.63799999999998
15237,8762,3509,52.584
15238,3509,8762,52.584
15239,3510,3511,71.682
15240,3511,3510,71.682
15241,3510,8771,69.715
15242,8771,3510,69.715
15243,6181,3510,104.547
15244,3510,6181,104.547
15245,3511,6041,111.134
15246,6041,3511,111.134
15247,3511,3512,77.29700000000001
15248,3512,3511,77.29700000000001
15249,5141,3512,104.149
15250,3512,5141,104.149
15251,3512,3513,148.427
15252,3513,3512,148.427
15253,3513,7278,104.18
15254,7278,3513,104.18
15255,3514,5152,103.812
15256,5152,3514,103.812
15257,7275,3514,139.738
15258,3514,7275,139.738
15259,9737,3514,99.751
15260,3514,9737,99.751
15261,3515,3516,94.859
15262,3516,3515,94.859
15263,3516,5659,55.409
15264,5659,3516,55.409
15265,5332,3517,79.706
15266,3517,5332,79.706
15267,3518,6973,16.637
15268,6973,3518,16.637
15269,3518,7737,66.92
15270,5977,3518,201.06200000000004
15271,3519,9001,102.919
15272,9001,3519,102.919
15273,9000,3519,80.883
15274,3519,9000,80.883
15275,8997,3520,95.612
15276,3520,8997,95.612
15277,7996,3521,12.86
15278,3521,7996,12.86
15279,3521,6322,74.125
15280,3521,3522,211.835
15281,3522,3521,211.835
15282,3522,4624,43.699
15283,4624,3522,43.699
15284,3522,3523,167.808
15285,3523,3522,167.808
15286,3523,8994,211.416
15287,8994,3523,211.416
15288,3524,3525,85.113
15289,3525,3524,85.113
15290,8379,3524,101.646
15291,3524,8379,101.646
15292,5637,3526,144.42499999999998
15293,3526,5637,144.42499999999998
15294,3656,3527,144.002
15295,3527,3656,144.002
15296,3846,3528,144.075
15297,3528,3846,144.075
15298,3529,3530,86.559
15299,3530,3529,86.559
15300,4541,3529,145.171
15301,3529,4541,145.171
15302,3530,5349,144.797
15303,5640,3531,144.77100000000002
15304,3531,5640,144.77100000000002
15305,3532,3533,83.907
15306,3533,3532,83.907
15307,4595,3532,145.121
15308,3532,4595,145.121
15309,4735,3533,144.642
15310,3533,4735,144.642
15311,3533,3534,63.373000000000005
15312,3534,3533,63.373000000000005
15313,3534,8201,136.168
15314,8201,3534,136.168
15315,9097,3534,98.835
15316,3534,9097,98.835
15317,3535,3536,94.834
15318,3536,3535,94.834
15319,3535,3581,112.779
15320,3581,3535,112.779
15321,3582,3535,177.658
15322,3535,3582,177.658
15323,3536,4216,178.078
15324,4216,3536,178.078
15325,5641,3536,181.283
15326,3536,5641,181.283
15327,3536,3537,96.934
15328,3537,3536,96.934
15329,3537,3538,101.806
15330,3538,3537,101.806
15331,3537,4217,178.517
15332,4217,3537,178.517
15333,4981,3537,180.836
15334,3537,4981,180.836
15335,3538,4218,179.45
15336,4218,3538,179.45
15337,8194,3538,182.799
15338,3538,8194,182.799
15339,3538,3539,90.446
15340,3539,3538,90.446
15341,3539,5642,180.03199999999998
15342,5642,3539,180.03199999999998
15343,5129,3539,80.94900000000001
15344,3539,5129,80.94900000000001
15345,3540,3541,79.272
15346,3541,3540,79.272
15347,3540,9833,178.834
15348,9850,3540,8.254999999999999
15349,3540,9850,8.254999999999999
15350,9853,3540,179.85
15351,3541,3542,34.574
15352,3542,3541,34.574
15353,3542,7076,72.206
15354,7076,3542,72.206
15355,9836,3542,111.857
15356,7076,3543,8.593
15357,3543,7076,8.593
15358,3543,7397,89.859
15359,3543,7050,190.677
15360,7050,3543,190.677
15361,7396,3543,181.029
15362,4663,3544,92.948
15363,3544,4663,92.948
15364,3544,3545,119.86
15365,3545,3544,119.86
15366,3636,3545,77.33699999999999
15367,3545,3636,77.33699999999999
15368,3546,3547,72.271
15369,3547,3546,72.271
15370,5613,3546,179.013
15371,3547,8471,97.034
15372,8471,3547,97.034
15373,7763,3547,167.198
15374,3547,7763,167.198
15375,3547,6392,89.252
15376,6392,3547,89.252
15377,3548,5379,38.222
15378,5379,3548,38.222
15379,3549,4097,164.303
15380,4097,3549,164.303
15381,3550,3551,128.727
15382,3551,3550,128.727
15383,3550,5687,89.13900000000001
15384,5687,3550,89.13900000000001
15385,3551,4913,89.981
15386,4913,3551,89.981
15387,3551,3552,121.615
15388,3552,3551,121.615
15389,3552,3970,226.458
15390,3970,3552,226.458
15391,3553,3554,131.701
15392,3554,3553,131.701
15393,3553,9260,24.452
15394,9260,3553,24.452
15395,6559,3553,55.537
15396,3553,6559,55.537
15397,5426,3554,53.519
15398,3554,5426,53.519
15399,3555,6556,53.305
15400,6556,3555,53.305
15401,3555,3556,138.761
15402,3556,3555,138.761
15403,5550,3556,55.094
15404,3556,5550,55.094
15405,5943,3557,54.982
15406,3557,5943,54.982
15407,3559,3558,139.95499999999998
15408,3558,3559,139.95499999999998
15409,3558,4989,70.921
15410,3558,7962,107.45799999999998
15411,7962,3558,107.45799999999998
15412,4988,3558,62.936
15413,3560,3597,195.967
15414,3560,9187,82.24
15415,9200,3560,71.38499999999999
15416,3561,4604,72.37700000000001
15417,4604,3561,72.37700000000001
15418,3561,9127,165.66199999999998
15419,3562,3561,98.687
15420,3562,5983,72.675
15421,3563,3562,276.713
15422,5982,3562,63.661
15423,4252,3563,63.745000000000005
15424,3563,4252,63.745000000000005
15425,3563,4253,71.643
15426,4253,3563,71.643
15427,3564,3563,129.29399999999998
15428,3564,6068,71.127
15429,6068,3564,71.127
15430,3565,7742,11.301
15431,3566,3565,36.264
15432,3567,3566,36.309
15433,3601,3566,192.992
15434,3568,3567,36.148
15435,3568,5818,67.72
15436,3603,3569,193.074
15437,3571,3570,65.39
15438,3571,4290,93.767
15439,4290,3571,93.767
15440,3572,3571,73.46600000000001
15441,3572,6451,67.451
15442,3573,3572,191.87
15443,6271,3572,67.05099999999999
15444,3573,5305,67.292
15445,3574,3573,75.52199999999999
15446,5306,3573,67.215
15447,3574,5865,79.346
15448,5865,3574,79.346
15449,3575,3574,74.404
15450,3575,9742,6.366
15451,9741,3575,57.656
15452,3609,3576,193.408
15453,3576,3609,193.408
15454,3577,3576,65.89699999999999
15455,3576,3577,65.89699999999999
15456,3576,8056,75.413
15457,3578,3577,71.216
15458,3577,3578,71.216
15459,9591,3577,149.151
15460,8053,3578,149.876
15461,3578,8053,149.876
15462,3580,3579,179.48399999999998
15463,3579,3580,179.48399999999998
15464,3579,6495,95.99900000000002
15465,6495,3579,95.99900000000002
15466,9155,3579,193.04900000000004
15467,3579,9155,193.04900000000004
15468,3581,3580,68.371
15469,3580,3581,68.371
15470,3580,5641,95.178
15471,5641,3580,95.178
15472,3581,5853,54.154
15473,5853,3581,54.154
15474,3582,4216,94.852
15475,4216,3582,94.852
15476,3583,8182,97.001
15477,8182,3583,97.001
15478,6350,3583,95.462
15479,3583,6350,95.462
15480,3585,3584,178.87599999999998
15481,3584,3585,178.87599999999998
15482,3584,6496,96.787
15483,6496,3584,96.787
15484,3586,3585,178.07899999999998
15485,3585,3586,178.07899999999998
15486,3585,6260,96.004
15487,6260,3585,96.004
15488,3586,4005,95.781
15489,4005,3586,95.781
15490,3587,8183,49.702
15491,8183,3587,49.702
15492,7292,3587,54.052
15493,3587,7292,54.052
15494,4505,3587,49.688
15495,3587,4505,49.688
15496,3588,8190,10.689
15497,8190,3588,10.689
15498,3589,3588,116.392
15499,3588,3589,116.392
15500,3588,3618,191.293
15501,5829,3588,110.949
15502,3589,8184,115.226
15503,3590,3589,44.135
15504,3589,3590,44.135
15505,3619,3589,191.021
15506,3591,3590,181.354
15507,3590,3591,181.354
15508,3592,3591,110.229
15509,3591,3592,110.229
15510,3592,4745,256.316
15511,4745,3592,256.316
15512,8637,3592,336.50699999999995
15513,3592,8637,336.50699999999995
15514,3593,8304,58.005
15515,3682,3593,80.197
15516,3594,5363,33.378
15517,5363,3594,33.378
15518,3594,7353,59.079
15519,7353,3594,59.079
15520,9800,3594,181.974
15521,3594,9800,181.974
15522,4743,3594,88.169
15523,3594,4743,88.169
15524,3595,7960,192.955
15525,7960,3595,192.955
15526,3596,5091,67.15700000000001
15527,5091,3596,67.15700000000001
15528,3596,3597,73.076
15529,3597,3596,73.076
15530,4927,3598,67.935
15531,3598,4927,67.935
15532,3599,5993,150.97
15533,5993,3599,150.97
15534,3600,3601,34.522
15535,6136,3600,82.195
15536,7741,3600,13.935
15537,3601,3602,71.787
15538,5818,3602,125.23300000000002
15539,3604,7378,12.003
15540,9380,3604,69.073
15541,3605,3606,48.478
15542,3767,3605,93.59
15543,3605,3767,93.59
15544,7378,3605,131.799
15545,3606,5307,75.964
15546,3606,3607,75.163
15547,3607,3608,74.441
15548,3608,3609,148.12300000000002
15549,3609,3608,148.12300000000002
15550,5980,3608,76.142
15551,3609,3610,80.72000000000001
15552,3610,3609,80.72000000000001
15553,3609,8794,123.483
15554,8794,3609,123.483
15555,3610,9099,18.975
15556,9099,3610,18.975
15557,3611,8791,29.033
15558,8791,3611,29.033
15559,3611,9183,222.321
15560,9125,3611,11.835
15561,3611,9125,11.835
15562,8792,3611,33.625
15563,3612,9098,82.298
15564,9098,3612,82.298
15565,9155,3612,37.09
15566,3612,9155,37.09
15567,8203,3612,39.388000000000005
15568,3612,8203,39.388000000000005
15569,8201,3613,72.303
15570,3613,8201,72.303
15571,3613,3614,68.817
15572,3614,3613,68.817
15573,4241,3614,62.637
15574,3614,4241,62.637
15575,3615,4736,82.17000000000002
15576,4736,3615,82.17000000000002
15577,8182,3615,95.995
15578,3615,8182,95.995
15579,3616,8189,178.363
15580,8189,3616,178.363
15581,4737,3616,82.766
15582,3616,4737,82.766
15583,8189,3617,178.188
15584,3617,8189,178.188
15585,4004,3617,80.53
15586,3617,4004,80.53
15587,6796,3618,10.471
15588,3618,6796,10.471
15589,3618,3619,106.673
15590,3619,3618,106.673
15591,3618,4740,82.35199999999999
15592,4741,3619,79.93599999999999
15593,3620,6580,97.409
15594,3620,8141,138.36100000000002
15595,8138,3620,146.457
15596,8619,3620,105.345
15597,3621,4396,104.804
15598,4395,3621,105.28
15599,8139,3621,146.602
15600,3622,4975,104.674
15601,3622,8142,146.209
15602,3623,3622,146.537
15603,4937,3622,105.33899999999998
15604,3623,4938,105.379
15605,3624,3623,146.264
15606,4976,3623,104.637
15607,3624,4977,104.602
15608,3625,3624,146.485
15609,4939,3624,105.403
15610,3625,4429,104.681
15611,4429,3625,104.681
15612,4428,3625,105.45
15613,3625,4428,105.45
15614,6760,3625,137.001
15615,3626,9756,10.291
15616,3626,4940,105.581
15617,6555,3626,52.3
15618,3627,6775,12.809
15619,6775,3627,12.809
15620,4934,3627,165.667
15621,3627,4934,165.667
15622,3627,6782,103.172
15623,4530,3627,105.231
15624,3628,9220,146.565
15625,9220,3628,146.565
15626,3628,5289,102.913
15627,5289,3628,102.913
15628,6475,3628,209.0
15629,3628,6475,209.0
15630,9281,3629,247.128
15631,3629,9281,247.128
15632,3629,6766,107.312
15633,6766,3629,107.312
15634,4943,3629,105.284
15635,3629,4943,105.284
15636,3630,7153,8.535
15637,7153,3630,8.535
15638,3630,6948,88.509
15639,4944,3630,105.458
15640,3631,6675,93.381
15641,6675,3631,93.381
15642,3631,8911,202.964
15643,8915,3631,160.941
15644,9370,3632,99.452
15645,3632,9370,99.452
15646,3632,6471,74.394
15647,6471,3632,74.394
15648,4519,3632,71.54899999999999
15649,3632,4519,71.54899999999999
15650,3633,7235,20.131
15651,7235,3633,20.131
15652,3633,9397,7.095
15653,9391,3633,8.917
15654,3634,3635,182.014
15655,3635,3634,182.014
15656,3634,9395,5.214
15657,9395,3634,5.214
15658,7235,3634,141.129
15659,3634,7235,141.129
15660,9394,3634,6.052
15661,3634,9394,6.052
15662,3635,9257,68.363
15663,9393,3635,6.053
15664,3635,9393,6.053
15665,9395,3635,184.046
15666,9257,3636,33.719
15667,3636,9257,33.719
15668,4663,3636,120.798
15669,8403,3637,86.876
15670,3637,8403,86.876
15671,8403,3637,88.675
15672,3637,3638,88.083
15673,3638,3637,88.083
15674,3639,7767,178.465
15675,7767,3639,178.465
15676,3639,3640,90.315
15677,3640,3639,90.315
15678,3640,3641,88.06
15679,3641,3640,88.06
15680,3641,4970,20.244
15681,4970,3641,20.244
15682,3642,3643,87.839
15683,3643,3642,87.839
15684,3643,3644,178.34099999999998
15685,3644,3643,178.34099999999998
15686,3644,9404,56.116
15687,9404,3644,56.116
15688,3645,8520,98.701
15689,8520,3645,98.701
15690,9403,3645,87.27900000000001
15691,3646,3647,87.90200000000002
15692,3647,3646,87.90200000000002
15693,3647,3648,89.712
15694,3648,3647,89.712
15695,3648,3649,89.55
15696,3649,3648,89.55
15697,3651,9402,59.455000000000005
15698,9402,3651,59.455000000000005
15699,3651,9402,63.382
15700,5813,3652,62.761
15701,3652,5813,62.761
15702,9402,3652,27.848
15703,3652,9402,27.848
15704,3652,3653,29.25
15705,3653,3652,29.25
15706,3653,3654,263.42900000000003
15707,3654,3653,263.42900000000003
15708,7672,3654,90.167
15709,3654,7672,90.167
15710,3656,3655,53.92999999999999
15711,3655,3656,53.92999999999999
15712,3655,3876,94.063
15713,3876,3655,94.063
15714,5639,3655,63.903
15715,3655,5639,63.903
15716,5639,3656,58.652
15717,3656,5639,58.652
15718,3657,3658,286.32
15719,3658,3657,286.32
15720,6596,3658,51.954
15721,3658,6596,51.954
15722,3658,3659,162.671
15723,3659,3658,162.671
15724,3659,3660,117.435
15725,3660,3659,117.435
15726,3660,3661,106.252
15727,3661,3660,106.252
15728,3661,3662,7.738
15729,3662,3661,7.738
15730,3663,5684,179.83800000000002
15731,5684,3663,179.83800000000002
15732,3663,3664,29.618
15733,3664,3663,29.618
15734,6103,3664,170.523
15735,3664,6103,170.523
15736,3664,5684,134.168
15737,5684,3664,134.168
15738,6645,3665,72.488
15739,3665,6645,72.488
15740,7206,3665,126.066
15741,3665,7206,126.066
15742,3666,3667,104.361
15743,3667,3666,104.361
15744,3666,6439,39.569
15745,6439,3666,39.569
15746,4715,3666,65.106
15747,3666,4715,65.106
15748,3667,4715,113.333
15749,4715,3667,113.333
15750,4714,3667,77.56899999999999
15751,3667,4714,77.56899999999999
15752,3668,3669,201.914
15753,3669,3668,201.914
15754,3668,6202,84.857
15755,6202,3668,84.857
15756,3910,3668,85.384
15757,3668,3910,85.384
15758,3669,7020,161.694
15759,7020,3669,161.694
15760,3669,5741,84.401
15761,5741,3669,84.401
15762,3911,3669,85.48400000000001
15763,3669,3911,85.48400000000001
15764,4265,3670,285.624
15765,3670,4265,285.624
15766,3670,6029,85.572
15767,6029,3670,85.572
15768,8046,3670,76.656
15769,3671,5625,41.724
15770,5625,3671,41.724
15771,4582,3671,27.674
15772,3671,4582,27.674
15773,3672,4037,62.964
15774,4037,3672,62.964
15775,5968,3672,83.992
15776,3672,5968,83.992
15777,3673,3674,53.108
15778,3674,3673,51.553
15779,3676,4249,124.356
15780,4249,3676,124.356
15781,3678,3777,70.31899999999999
15782,3777,3678,70.43299999999999
15783,3679,4986,126.912
15784,3798,3679,122.911
15785,3682,7734,7.726
15786,7734,3682,7.726
15787,3682,8293,56.766000000000005
15788,7734,3683,29.882
15789,3683,7734,29.882
15790,3684,3685,407.161
15791,3685,3684,407.161
15792,3684,5160,44.792
15793,5160,3684,44.792
15794,4458,3684,83.473
15795,3684,4458,83.473
15796,9083,3684,180.135
15797,3684,9083,180.135
15798,3685,8208,199.228
15799,8208,3685,199.228
15800,3685,4259,85.533
15801,4259,3685,85.533
15802,4258,3685,83.28299999999999
15803,3685,4258,83.28299999999999
15804,3686,3901,85.609
15805,3901,3686,85.609
15806,3900,3686,86.03
15807,3686,3900,86.03
15808,3687,3688,140.153
15809,3688,3687,140.153
15810,5113,3687,91.107
15811,3687,5113,91.107
15812,3688,3689,140.405
15813,3689,3688,140.405
15814,3688,5114,91.051
15815,5114,3688,91.051
15816,5115,3689,90.919
15817,3689,5115,90.919
15818,3690,3691,90.81900000000002
15819,3691,3690,90.81900000000002
15820,3690,5800,99.554
15821,5800,3690,99.554
15822,6152,3690,138.038
15823,3690,6152,138.038
15824,8156,3691,179.563
15825,3691,8156,179.563
15826,3692,3693,25.829
15827,3693,3692,25.829
15828,6242,3692,232.017
15829,6239,3693,232.694
15830,3695,3694,202.366
15831,3694,3695,202.366
15832,3696,3695,78.006
15833,3695,3696,78.006
15834,3695,4756,85.101
15835,4756,3695,85.101
15836,3697,3696,132.584
15837,3696,3697,132.584
15838,8694,3697,494.14
15839,3697,8694,494.14
15840,3698,3697,52.819
15841,3697,3698,52.819
15842,3697,5656,45.952
15843,5656,3697,45.952
15844,3698,8693,558.6590000000001
15845,3698,3698,401.22
15846,3698,3698,401.22
15847,3698,4633,244.22200000000004
15848,3699,8903,59.86900000000001
15849,8903,3699,59.86900000000001
15850,3700,4548,94.243
15851,4548,3700,94.243
15852,3700,6839,207.106
15853,6839,3700,207.106
15854,3701,3702,207.942
15855,3702,3701,207.942
15856,3701,4549,94.364
15857,4549,3701,94.364
15858,3702,8878,207.885
15859,8878,3702,207.885
15860,3702,4550,94.402
15861,4550,3702,94.402
15862,6907,3703,204.534
15863,3703,6907,204.534
15864,3703,4551,94.363
15865,4551,3703,94.363
15866,9413,3704,202.549
15867,3704,9413,202.549
15868,3704,4552,94.35
15869,4552,3704,94.35
15870,3705,4202,94.347
15871,4202,3705,94.347
15872,3706,3707,207.283
15873,3707,3706,207.283
15874,3706,3923,94.334
15875,3923,3706,94.334
15876,3707,4362,94.327
15877,4362,3707,94.327
15878,3707,3708,207.763
15879,3708,3707,207.763
15880,3708,4553,94.329
15881,4553,3708,94.329
15882,3709,4554,94.309
15883,4554,3709,94.309
15884,3709,3710,207.807
15885,3710,3709,207.807
15886,3710,4555,94.305
15887,4555,3710,94.305
15888,3710,3711,207.172
15889,3711,3710,207.172
15890,4556,3711,94.304
15891,3711,4556,94.304
15892,7077,3712,8.333
15893,3712,7077,8.333
15894,3712,4223,104.685
15895,4223,3712,104.685
15896,7397,3712,88.53899999999999
15897,7079,3713,8.332
15898,3713,7079,8.332
15899,3713,7463,89.566
15900,3713,7055,191.305
15901,7055,3713,191.305
15902,7462,3713,88.89
15903,9826,3714,184.932
15904,3714,9826,184.932
15905,3714,7079,89.591
15906,7080,3714,88.571
15907,9824,3715,186.133
15908,3715,9824,186.133
15909,3715,7080,89.69999999999999
15910,7081,3715,89.04599999999999
15911,7081,3716,7.521
15912,3716,7081,7.521
15913,3716,3718,178.475
15914,3716,6228,95.206
15915,6228,3716,95.206
15916,5002,3717,139.713
15917,3717,5002,139.713
15918,3717,7081,88.92999999999999
15919,7082,3717,89.601
15920,7082,3718,7.534
15921,3718,7082,7.534
15922,3718,3719,177.461
15923,3718,6229,95.359
15924,6229,3718,95.359
15925,7083,3719,8.156
15926,3719,7083,8.156
15927,3719,4012,94.115
15928,4012,3719,94.115
15929,7085,3720,8.818
15930,3720,7085,8.818
15931,3720,6101,92.986
15932,6101,3720,92.986
15933,3720,8845,77.17099999999999
15934,7087,3721,10.3
15935,3721,7087,10.3
15936,3721,7065,192.73
15937,7065,3721,192.73
15938,3721,7464,89.552
15939,7404,3721,85.17099999999999
15940,3722,7464,9.086
15941,7464,3722,9.086
15942,5019,3722,46.937
15943,3722,5019,46.937
15944,3722,7087,89.624
15945,3723,7086,16.348
15946,3723,9141,188.063
15947,7087,3723,84.848
15948,7404,3723,9.879
15949,4798,3724,142.61999999999998
15950,3724,4798,142.61999999999998
15951,3724,3725,105.767
15952,3725,3724,105.767
15953,8801,3724,104.658
15954,3724,8801,104.658
15955,3725,3726,52.527
15956,3726,3725,52.527
15957,4481,3725,142.334
15958,3725,4481,142.334
15959,3726,3727,52.308
15960,3727,3726,52.308
15961,5049,3726,142.511
15962,5961,3727,142.866
15963,3728,8544,194.941
15964,3728,3729,52.585
15965,3729,3728,52.585
15966,8543,3729,145.97599999999997
15967,3729,8543,145.97599999999997
15968,3729,3730,52.425
15969,3730,3729,52.425
15970,3730,3731,52.49999999999999
15971,3731,3730,52.49999999999999
15972,4166,3730,146.04899999999998
15973,3731,5962,146.047
15974,5962,3731,146.047
15975,3731,3732,52.492
15976,3732,3731,52.492
15977,3732,5963,146.266
15978,3733,8472,105.034
15979,8472,3733,105.034
15980,3733,4527,279.72399999999993
15981,4527,3733,279.72399999999993
15982,4612,3733,292.489
15983,3733,4612,292.489
15984,3734,3735,50.323
15985,3735,3734,50.323
15986,7333,3734,54.383
15987,3734,7333,54.383
15988,3735,4942,110.072
15989,4942,3735,110.072
15990,4614,3735,292.651
15991,3735,4614,292.651
15992,3735,3736,105.235
15993,3736,3735,105.235
15994,3736,5291,241.062
15995,5291,3736,241.062
15996,3736,6767,108.005
15997,6767,3736,108.005
15998,6767,3737,17.928
15999,3737,6767,17.928
16000,3737,5290,170.66199999999998
16001,3738,3739,104.967
16002,3739,3738,104.967
16003,3738,3814,146.289
16004,5960,3739,146.295
16005,8515,3740,146.488
16006,3740,8515,146.488
16007,3740,3741,99.07
16008,3741,3740,99.07
16009,6661,3740,98.974
16010,3740,6661,98.974
16011,3741,3742,104.175
16012,3742,3741,104.175
16013,5958,3741,146.35600000000002
16014,3741,5958,146.35600000000002
16015,4954,3742,146.335
16016,3742,4954,146.335
16017,4062,3743,146.212
16018,3743,4062,146.212
16019,3743,3744,105.093
16020,3744,3743,105.093
16021,3744,5083,146.106
16022,5083,3744,146.106
16023,3744,7266,94.877
16024,7266,3744,94.877
16025,7266,3745,10.574
16026,3745,7266,10.574
16027,5959,3745,146.04899999999998
16028,7744,3746,84.184
16029,3746,7744,84.184
16030,3747,3748,362.7459999999999
16031,3748,3747,362.7459999999999
16032,4110,3747,102.754
16033,3747,4110,102.754
16034,3748,3749,100.683
16035,3749,3748,100.683
16036,3748,4110,306.297
16037,4110,3748,306.297
16038,8447,3748,104.581
16039,3748,8447,104.581
16040,3749,4724,122.215
16041,4724,3749,122.215
16042,8445,3749,261.68100000000004
16043,3749,8445,261.68100000000004
16044,3750,7588,125.975
16045,7588,3750,125.975
16046,3751,3750,425.225
16047,3750,3751,425.225
16048,5479,3750,74.07300000000001
16049,3750,5479,74.07300000000001
16050,3750,6965,45.483
16051,6965,3750,45.483
16052,5479,3751,330.333
16053,3751,5479,330.333
16054,3752,3751,75.39
16055,3751,3752,75.39
16056,6950,3752,15.752
16057,3752,6950,15.752
16058,3753,3752,192.139
16059,3752,3753,192.139
16060,3752,6384,123.012
16061,6384,3752,123.012
16062,3754,3753,228.698
16063,3753,3754,228.698
16064,6383,3753,74.90599999999999
16065,3753,6383,74.90599999999999
16066,6951,3754,16.722
16067,3754,6951,16.722
16068,3754,5821,125.337
16069,5821,3754,125.337
16070,4499,3755,80.765
16071,3755,4499,80.765
16072,3755,4265,42.493
16073,4265,3755,42.493
16074,3757,3756,276.023
16075,5981,3756,64.77
16076,3757,9581,77.255
16077,4249,3757,66.461
16078,3757,4249,66.461
16079,3757,4250,59.29600000000001
16080,4250,3757,59.29600000000001
16081,3758,4268,57.41
16082,4268,3758,57.41
16083,3759,6046,67.796
16084,3759,6047,27.134
16085,6047,3759,27.134
16086,3759,3760,94.256
16087,3760,4269,57.23
16088,3760,3761,191.535
16089,6420,3760,68.383
16090,3761,5303,67.796
16091,4270,3761,56.906
16092,3762,4272,57.7
16093,3762,3763,149.86400000000003
16094,5979,3762,66.92
16095,4248,3763,57.842
16096,3763,4248,57.842
16097,3763,3764,114.827
16098,3763,4247,66.535
16099,4247,3763,66.535
16100,3764,4273,59.874
16101,6421,3764,62.868
16102,4986,3765,66.934
16103,3766,4276,59.747
16104,4696,3766,65.416
16105,3768,4032,37.552
16106,4032,3768,37.552
16107,6423,3768,63.926
16108,3768,6423,63.926
16109,3769,3768,109.205
16110,3769,5839,22.613
16111,5839,3769,22.613
16112,4033,3769,37.955
16113,3769,4033,37.955
16114,3770,3771,52.532
16115,3771,3770,52.532
16116,3771,4969,79.56
16117,4969,3771,79.56
16118,3771,6097,74.93299999999999
16119,6097,3771,74.93299999999999
16120,6305,3771,72.00800000000001
16121,3771,6305,72.00800000000001
16122,3772,3773,60.957
16123,3772,8077,160.68
16124,3773,8070,198.264
16125,8075,3773,160.768
16126,4010,3774,97.827
16127,3774,4010,97.827
16128,3774,4011,82.008
16129,4011,3774,82.008
16130,3775,3774,177.502
16131,3774,3775,177.502
16132,5661,3775,98.02299999999998
16133,3775,5661,98.02299999999998
16134,3775,9828,179.555
16135,3775,5003,61.409
16136,5003,3775,61.409
16137,9823,3775,179.811
16138,3776,9853,182.871
16139,3776,4754,107.068
16140,6663,3776,102.289
16141,3776,6663,102.289
16142,6551,3776,88.994
16143,9851,3776,93.454
16144,8292,3777,89.56400000000001
16145,3777,8292,89.56400000000001
16146,8226,3778,10.528
16147,3778,8226,10.528
16148,3778,3779,226.347
16149,3779,3778,226.347
16150,4373,3779,85.868
16151,3779,4373,85.868
16152,3779,4371,50.444
16153,4371,3779,50.444
16154,3780,3781,688.4570000000001
16155,3780,8205,134.07399999999998
16156,8205,3780,134.07399999999998
16157,7940,3780,125.94700000000002
16158,3780,7940,125.94700000000002
16159,7132,3780,689.01
16160,3781,7132,11.686
16161,7132,3781,11.686
16162,3781,7938,335.261
16163,4146,3782,29.008
16164,3783,8569,69.122
16165,8569,3783,69.122
16166,4158,3783,159.864
16167,3783,4158,159.864
16168,8973,3783,133.606
16169,3783,8973,133.606
16170,3784,4353,92.954
16171,4353,3784,92.954
16172,3784,3785,207.905
16173,3785,3784,207.905
16174,8943,3784,207.226
16175,3784,8943,207.226
16176,4352,3784,98.694
16177,3784,4352,98.694
16178,5342,3785,97.497
16179,3785,5342,97.497
16180,3785,4652,93.047
16181,4652,3785,93.047
16182,3786,9907,80.783
16183,9907,3786,80.783
16184,3786,8409,141.28300000000002
16185,8408,3786,136.71499999999995
16186,3787,9919,6.245
16187,9919,3787,6.245
16188,9907,3787,4.197
16189,3787,9907,4.197
16190,3787,4653,93.2
16191,4653,3787,93.2
16192,6570,3787,98.929
16193,3787,6570,98.929
16194,9919,3788,201.477
16195,3788,9919,201.477
16196,3788,4654,93.038
16197,4654,3788,93.038
16198,3788,3789,207.853
16199,3789,3788,207.853
16200,6054,3788,99.462
16201,3788,6054,99.462
16202,3789,4655,93.348
16203,4655,3789,93.348
16204,3789,8974,207.308
16205,8974,3789,207.308
16206,5395,3789,100.237
16207,3789,5395,100.237
16208,3790,7703,200.656
16209,7703,3790,200.656
16210,6115,3790,98.712
16211,3790,6115,98.712
16212,3790,4650,94.24
16213,4650,3790,94.24
16214,6946,3790,204.51
16215,3790,6946,204.51
16216,3792,6829,207.32700000000003
16217,6829,3792,207.32700000000003
16218,3792,4657,94.164
16219,4657,3792,94.164
16220,6148,3792,99.008
16221,3792,6148,99.008
16222,3793,4658,94.195
16223,4658,3793,94.195
16224,5871,3793,98.96800000000002
16225,3793,5871,98.96800000000002
16226,3793,3794,207.672
16227,3794,3793,207.672
16228,3794,4659,94.20900000000002
16229,4659,3794,94.20900000000002
16230,6632,3794,98.952
16231,3794,6632,98.952
16232,3794,8883,208.004
16233,8883,3794,208.004
16234,3796,3795,97.811
16235,5129,3795,66.02799999999999
16236,4219,3796,65.837
16237,3796,4219,65.837
16238,6351,3797,67.572
16239,3797,6351,67.572
16240,5120,3798,104.549
16241,9545,3798,48.849
16242,9545,3798,51.038
16243,3799,6012,105.155
16244,6012,3799,105.155
16245,3799,9545,54.86
16246,3800,6013,105.378
16247,3801,3800,137.075
16248,3801,4575,105.185
16249,3802,3801,135.747
16250,3802,6014,105.624
16251,6014,3802,105.624
16252,9357,3802,145.69000000000003
16253,3803,4837,104.817
16254,4837,3803,104.817
16255,3803,9357,3.96
16256,9352,3803,4.264
16257,3804,9352,142.372
16258,3805,3804,146.527
16259,4394,3804,104.785
16260,3805,5572,104.739
16261,3806,3805,146.243
16262,3807,3806,146.32199999999995
16263,6015,3806,104.702
16264,3807,6016,104.821
16265,3808,3807,146.719
16266,3809,3808,146.002
16267,6017,3808,104.964
16268,3809,6018,104.904
16269,3810,3809,146.464
16270,5056,3809,52.463
16271,4430,3810,52.437000000000005
16272,3810,4430,52.437000000000005
16273,3810,4431,104.964
16274,4431,3810,104.964
16275,6757,3810,136.382
16276,3811,9760,10.17
16277,3811,5054,52.564
16278,3812,3811,136.36
16279,6019,3811,104.992
16280,3812,5916,104.957
16281,3813,3812,146.27
16282,5055,3812,52.372
16283,3813,4615,52.336
16284,3814,3813,146.565
16285,4616,3813,104.966
16286,3814,5960,104.96399999999998
16287,5960,3814,104.96399999999998
16288,8800,3814,104.976
16289,3814,8800,104.976
16290,3815,6777,104.856
16291,4531,3815,104.955
16292,3815,4531,104.955
16293,3815,7707,15.63
16294,3816,3815,146.425
16295,7634,3815,49.304
16296,6020,3816,104.97400000000002
16297,3816,6020,104.97400000000002
16298,3817,3816,146.30700000000002
16299,5804,3817,104.862
16300,3817,5804,104.862
16301,3818,3817,146.272
16302,3818,6021,104.852
16303,6021,3818,104.852
16304,3819,3818,146.37099999999998
16305,3819,5139,104.835
16306,5139,3819,104.835
16307,3820,3819,144.45399999999998
16308,3820,7157,104.847
16309,7156,3820,7.975
16310,3821,5165,104.61
16311,5165,3821,104.61
16312,3822,3821,146.417
16313,3822,5147,104.454
16314,5147,3822,104.454
16315,5686,3823,94.453
16316,3823,5686,94.453
16317,3823,4881,93.165
16318,4881,3823,93.165
16319,3824,3823,128.278
16320,3824,4882,93.079
16321,4882,3824,93.079
16322,4912,3824,94.611
16323,3824,4912,94.611
16324,3824,3825,121.138
16325,3825,3824,121.138
16326,3825,4883,93.005
16327,4883,3825,93.005
16328,5968,3825,94.506
16329,3825,5968,94.506
16330,3826,7108,212.57800000000003
16331,7108,3826,212.57800000000003
16332,3826,4764,70.345
16333,4764,3826,70.345
16334,3826,4733,71.814
16335,4733,3826,71.814
16336,6357,3826,82.385
16337,3826,6357,82.385
16338,3827,3828,173.47500000000002
16339,3827,3955,79.759
16340,3955,3827,79.759
16341,3954,3827,85.238
16342,3827,3954,85.238
16343,3828,7423,10.434
16344,3828,9889,82.48499999999999
16345,7841,3828,80.32
16346,3829,6585,31.621
16347,6585,3829,31.621
16348,8899,3829,94.865
16349,3829,8899,94.865
16350,3830,6848,207.081
16351,6848,3830,207.081
16352,4548,3830,94.437
16353,3830,4548,94.437
16354,6848,3831,14.356
16355,3831,6848,14.356
16356,3831,6881,94.449
16357,6893,3831,94.284
16358,3832,3833,207.983
16359,3833,3832,207.983
16360,4549,3832,94.452
16361,3832,4549,94.452
16362,3833,8873,207.905
16363,8873,3833,207.905
16364,4550,3833,94.464
16365,3833,4550,94.464
16366,6930,3834,204.535
16367,3834,6930,204.535
16368,4551,3834,94.566
16369,3834,4551,94.566
16370,4552,3835,94.527
16371,3835,4552,94.527
16372,4202,3836,94.487
16373,3836,4202,94.487
16374,3837,3838,207.285
16375,3838,3837,207.285
16376,3923,3837,94.447
16377,3837,3923,94.447
16378,4362,3838,94.433
16379,3838,4362,94.433
16380,3838,3839,207.753
16381,3839,3838,207.753
16382,4553,3839,94.408
16383,3839,4553,94.408
16384,4554,3840,94.355
16385,3840,4554,94.355
16386,3840,3841,207.831
16387,3841,3840,207.831
16388,4555,3841,94.331
16389,3841,4555,94.331
16390,3841,8995,207.437
16391,8995,3841,207.437
16392,8995,3842,126.531
16393,3842,8995,126.531
16394,4557,3842,79.054
16395,3843,3844,117.376
16396,3844,3843,117.376
16397,3844,8199,30.738
16398,8199,3844,30.738
16399,3845,3846,143.374
16400,3846,3845,143.374
16401,8199,3845,142.393
16402,3845,8199,142.393
16403,3848,3849,175.922
16404,3849,3848,175.922
16405,3849,3850,109.224
16406,3850,3849,109.224
16407,3850,3851,283.269
16408,3851,3850,283.269
16409,3851,3852,144.132
16410,3852,3851,144.132
16411,3852,3853,28.343
16412,3853,3852,28.343
16413,5684,3854,36.667
16414,3854,5684,36.667
16415,3855,9498,12.798
16416,9498,3855,12.798
16417,9497,3855,16.965
16418,3856,3857,207.647
16419,3857,3856,207.647
16420,3987,3856,97.801
16421,3856,3987,97.801
16422,8927,3856,51.018
16423,3856,8927,51.018
16424,3857,8939,103.936
16425,8939,3857,103.936
16426,9894,3857,89.473
16427,3857,9894,89.473
16428,3988,3858,76.697
16429,3859,8685,34.661
16430,3859,7493,150.555
16431,8682,3859,154.69899999999998
16432,8686,3859,33.925000000000004
16433,3860,7167,11.286
16434,7167,3860,11.286
16435,3860,7359,156.10600000000002
16436,7676,3860,37.728
16437,3860,7676,37.728
16438,7540,3860,221.969
16439,3861,9049,4.067
16440,3861,6672,79.718
16441,3866,3861,63.876000000000005
16442,9046,3861,6.065
16443,3862,8938,13.352
16444,8938,3862,13.352
16445,8937,3862,93.803
16446,3862,8937,93.803
16447,8936,3862,87.315
16448,4213,3863,88.219
16449,3863,4213,88.219
16450,8944,3863,207.718
16451,3863,8944,207.718
16452,3864,3865,207.599
16453,3865,3864,207.599
16454,3935,3864,68.015
16455,3864,3935,68.015
16456,4370,3865,57.749
16457,3865,4370,57.749
16458,3865,8942,208.293
16459,8942,3865,208.293
16460,3866,6672,121.84
16461,7226,3866,1205.3930000000005
16462,3867,3868,88.85799999999999
16463,3868,3867,88.85799999999999
16464,9578,3867,248.807
16465,3867,9578,248.807
16466,9579,3867,133.40200000000002
16467,3867,9579,133.40200000000002
16468,8493,3868,46.992
16469,3868,8493,46.992
16470,3868,4019,14.466
16471,4019,3868,14.466
16472,5854,3869,294.773
16473,3869,5854,294.773
16474,3870,3871,56.625
16475,3871,3870,56.625
16476,3870,6049,49.818000000000005
16477,6049,3870,49.818000000000005
16478,6249,3871,160.641
16479,3873,5817,37.857
16480,5817,3873,37.857
16481,3873,3874,82.38499999999999
16482,3874,3873,82.38499999999999
16483,8276,3873,17.787
16484,3873,8276,17.787
16485,3873,5050,77.647
16486,5050,3873,77.647
16487,3875,7916,144.702
16488,3877,3878,54.074000000000005
16489,3878,3877,54.074000000000005
16490,3877,5923,271.33399999999995
16491,5923,3877,271.33399999999995
16492,5922,3877,82.913
16493,3877,5922,82.913
16494,3878,3879,18.178
16495,3879,3878,18.178
16496,4345,3878,77.78899999999999
16497,3878,4345,77.78899999999999
16498,3880,7137,10.33
16499,7137,3880,10.33
16500,3880,3881,77.663
16501,4086,3880,113.393
16502,3880,4086,113.393
16503,7882,3880,106.053
16504,3881,7138,10.109
16505,7138,3881,10.109
16506,3881,7884,71.103
16507,7890,3881,128.51600000000002
16508,3881,7890,128.51600000000002
16509,5070,3882,45.21
16510,3882,5070,45.21
16511,3882,5017,61.88
16512,5017,3882,61.88
16513,8503,3882,307.997
16514,3882,8503,307.997
16515,3883,8503,15.322
16516,8503,3883,15.322
16517,3883,7432,29.611
16518,7432,3883,29.611
16519,3883,4464,71.604
16520,4464,3883,71.604
16521,7137,3884,106.855
16522,7882,3884,10.43
16523,3886,3887,182.695
16524,3887,3886,182.695
16525,8325,3886,76.85799999999999
16526,3886,8325,76.85799999999999
16527,3886,3980,113.358
16528,3980,3886,113.358
16529,3979,3887,73.208
16530,3887,3979,73.208
16531,3888,6353,49.982
16532,6353,3888,49.982
16533,7980,3888,36.819
16534,3888,7980,36.819
16535,3889,3890,94.452
16536,3890,3889,94.452
16537,3889,5647,77.472
16538,5647,3889,77.472
16539,3891,7314,34.39
16540,7314,3891,34.39
16541,3891,9249,52.706
16542,4612,3891,52.696
16543,3892,3893,146.32
16544,3892,4063,52.533
16545,4063,3892,52.533
16546,4537,3892,52.576
16547,3892,4537,52.576
16548,3893,4064,52.543
16549,4064,3893,52.543
16550,5084,3893,52.565
16551,3893,5084,52.565
16552,3894,3893,146.313
16553,3894,4065,52.537
16554,4065,3894,52.537
16555,5085,3894,52.559000000000005
16556,3894,5085,52.559000000000005
16557,3895,3896,65.382
16558,3896,3895,65.382
16559,3896,3897,85.30799999999999
16560,3897,3896,85.30799999999999
16561,3897,3898,85.81200000000001
16562,3898,3897,85.81200000000001
16563,5533,3897,211.185
16564,3897,5533,211.185
16565,5211,3898,81.394
16566,3898,5211,81.394
16567,3898,3899,84.673
16568,3899,3898,84.673
16569,3898,5212,145.55700000000002
16570,5212,3898,145.55700000000002
16571,3899,5536,275.723
16572,5536,3899,275.723
16573,3901,3902,85.275
16574,3902,3901,85.275
16575,3902,3903,84.992
16576,3903,3902,84.992
16577,3904,3905,85.279
16578,3905,3904,85.279
16579,5539,3904,201.498
16580,3904,5539,201.498
16581,5540,3905,202.525
16582,3905,5540,202.525
16583,3906,5541,202.95200000000003
16584,5541,3906,202.95200000000003
16585,3906,3907,85.367
16586,3907,3906,85.367
16587,3907,4140,115.037
16588,4140,3907,115.037
16589,3907,3908,85.563
16590,3908,3907,85.563
16591,5542,3907,203.483
16592,3907,5542,203.483
16593,3908,4141,112.629
16594,4141,3908,112.629
16595,5543,3908,202.62
16596,3908,5543,202.62
16597,3909,6071,153.633
16598,6071,3909,153.633
16599,7372,3909,120.816
16600,3909,7372,120.816
16601,5545,3910,85.854
16602,3910,5545,85.854
16603,3910,3911,202.092
16604,3911,3910,202.092
16605,5546,3911,85.49300000000001
16606,3911,5546,85.49300000000001
16607,3911,7021,186.85
16608,7021,3911,186.85
16609,8966,3913,91.767
16610,3913,8966,91.767
16611,3913,4347,125.601
16612,4347,3913,125.601
16613,3913,8385,31.074
16614,8385,3913,31.074
16615,3914,8522,242.703
16616,3914,8383,23.092
16617,8383,3914,23.092
16618,3915,3914,234.528
16619,8522,3915,6.595
16620,3915,8522,6.595
16621,3915,9137,258.944
16622,9137,3915,258.944
16623,3916,4352,207.883
16624,4352,3916,207.883
16625,3916,8943,98.735
16626,8943,3916,98.735
16627,8943,3917,94.536
16628,3917,8943,94.536
16629,3917,4353,207.252
16630,4353,3917,207.252
16631,3917,3918,94.192
16632,3918,3917,94.192
16633,3918,4354,207.238
16634,4354,3918,207.238
16635,3918,6722,85.233
16636,6722,3918,85.233
16637,3919,3920,94.28
16638,3920,3919,94.28
16639,3919,4355,207.238
16640,4355,3919,207.238
16641,3920,3921,94.289
16642,3921,3920,94.289
16643,3920,4356,207.249
16644,4356,3920,207.249
16645,3921,4357,207.249
16646,4357,3921,207.249
16647,3921,3922,94.29
16648,3922,3921,94.29
16649,3922,4358,207.24
16650,4358,3922,207.24
16651,3923,4362,207.273
16652,4362,3923,207.273
16653,3924,4363,207.295
16654,4363,3924,207.295
16655,3925,3926,94.325
16656,3926,3925,94.325
16657,3925,4364,207.297
16658,4364,3925,207.297
16659,3926,6960,40.365
16660,6960,3926,40.365
16661,4365,3926,207.296
16662,3926,4365,207.296
16663,3927,3928,94.404
16664,3928,3927,94.404
16665,3928,3929,94.272
16666,3929,3928,94.272
16667,3929,3930,94.247
16668,3930,3929,94.247
16669,3930,3931,94.413
16670,3931,3930,94.413
16671,3930,4366,207.32
16672,4366,3930,207.32
16673,3931,4367,207.331
16674,4367,3931,207.331
16675,3932,3933,94.379
16676,3933,3932,94.379
16677,3932,4368,207.33
16678,4368,3932,207.33
16679,3933,4369,207.329
16680,4369,3933,207.329
16681,3934,3935,94.396
16682,3935,3934,94.396
16683,3934,3984,207.353
16684,3984,3934,207.353
16685,3935,4370,207.354
16686,4370,3935,207.354
16687,3936,6505,14.771
16688,6505,3936,14.771
16689,5699,3936,361.506
16690,3936,5699,361.506
16691,3937,3938,52.867
16692,3938,3937,52.867
16693,3938,5628,32.983000000000004
16694,5628,3938,32.983000000000004
16695,3939,9091,55.755
16696,9091,3939,55.755
16697,8580,3939,75.268
16698,3939,8580,75.268
16699,3940,7972,48.639
16700,7972,3940,48.639
16701,3940,5845,363.648
16702,5845,3940,363.648
16703,3941,7280,1655.7859999999991
16704,7280,3941,1655.7859999999991
16705,7850,3942,15.895
16706,3942,7850,15.895
16707,6977,3942,274.99299999999994
16708,3943,3944,70.57
16709,3944,3943,70.57
16710,3943,5521,83.83
16711,5521,3943,83.83
16712,5520,3943,139.47899999999998
16713,3943,5520,139.47899999999998
16714,3944,6401,51.254
16715,6401,3944,51.254
16716,5520,3944,73.094
16717,3944,5520,73.094
16718,3944,3945,140.879
16719,3945,3944,140.879
16720,5519,3945,80.247
16721,3945,5519,80.247
16722,3945,6337,99.371
16723,6337,3945,99.371
16724,3946,5608,141.50799999999998
16725,5608,3946,141.50799999999998
16726,3946,3947,70.388
16727,3947,3946,70.388
16728,3947,6400,164.75199999999998
16729,6400,3947,164.75199999999998
16730,3947,7571,66.425
16731,7571,3947,66.425
16732,3948,4887,206.202
16733,4887,3948,206.202
16734,3948,3949,58.803
16735,3949,3948,58.803
16736,7571,3948,74.098
16737,3948,7571,74.098
16738,3949,6399,253.54399999999995
16739,6399,3949,253.54399999999995
16740,3949,3950,100.307
16741,3950,3949,100.307
16742,3950,4592,176.363
16743,4592,3950,176.363
16744,6565,3951,69.966
16745,3951,6565,69.966
16746,6685,3952,24.325000000000003
16747,3952,6685,24.325000000000003
16748,6684,3952,28.208
16749,3953,3954,192.13
16750,3954,3953,192.13
16751,7841,3954,233.07700000000003
16752,3955,9889,125.013
16753,9889,3955,125.013
16754,3955,3956,57.102
16755,3956,3955,57.102
16756,3956,3957,35.034
16757,3957,3956,35.034
16758,3956,4379,91.895
16759,4379,3956,91.895
16760,3957,3958,75.032
16761,3958,3957,75.032
16762,3957,4379,169.49400000000003
16763,4379,3957,169.49400000000003
16764,3958,3959,77.097
16765,3959,3958,77.097
16766,3959,3958,255.915
16767,3958,3959,255.915
16768,3959,3960,76.365
16769,3960,3959,76.365
16770,3961,9103,75.752
16771,9103,3961,75.752
16772,7282,3961,44.516
16773,9103,3962,11.51
16774,3962,9103,11.51
16775,3963,4697,90.638
16776,4697,3963,90.638
16777,3963,3964,354.50499999999994
16778,6244,3963,83.77000000000001
16779,3963,6244,83.77000000000001
16780,3964,4698,79.17
16781,3964,6736,6.306
16782,6245,3964,92.655
16783,3965,3966,157.725
16784,6736,3965,153.668
16785,3966,3967,28.691
16786,6245,3966,316.166
16787,3966,6245,316.166
16788,3967,6248,54.657
16789,7097,3967,343.577
16790,3969,3970,206.015
16791,3970,3969,206.015
16792,9659,3969,92.029
16793,3969,9659,92.029
16794,4913,3969,184.67300000000003
16795,3969,4913,184.67300000000003
16796,3970,3971,40.003
16797,3971,3970,40.003
16798,4249,3972,84.587
16799,3972,4249,84.587
16800,6379,3974,181.62600000000003
16801,3974,6379,181.62600000000003
16802,3975,6207,201.937
16803,6207,3975,201.937
16804,6668,3975,118.998
16805,3975,6668,118.998
16806,3976,9387,65.049
16807,9387,3976,65.049
16808,3977,4373,254.88700000000009
16809,4373,3977,254.88700000000009
16810,3977,3978,177.35899999999998
16811,3978,3977,177.35899999999998
16812,3977,8226,71.196
16813,8226,3977,71.196
16814,8226,3977,75.171
16815,3978,5826,33.842
16816,5826,3978,33.842
16817,3978,3979,178.43499999999997
16818,3979,3978,178.43499999999997
16819,3979,3980,105.873
16820,3980,3979,105.873
16821,3980,8320,93.597
16822,8320,3980,93.597
16823,6933,3981,204.551
16824,3981,6933,204.551
16825,4773,3981,94.558
16826,3981,4773,94.558
16827,3982,8937,94.502
16828,8937,3982,94.502
16829,3983,4213,94.453
16830,4213,3983,94.453
16831,3984,4370,94.372
16832,4370,3984,94.372
16833,3984,3985,208.031
16834,3985,3984,208.031
16835,3985,4774,94.349
16836,4774,3985,94.349
16837,3986,3987,207.96
16838,3987,3986,207.96
16839,8933,3986,86.21600000000001
16840,3986,8933,86.21600000000001
16841,3987,9894,207.486
16842,9894,3987,207.486
16843,3988,8215,17.097
16844,8215,3988,17.097
16845,8893,3989,94.883
16846,3989,8893,94.883
16847,3989,4775,94.091
16848,4775,3989,94.091
16849,3990,3991,102.644
16850,3991,3990,102.644
16851,3990,4776,92.878
16852,4776,3990,92.878
16853,3991,3992,207.69
16854,3992,3991,207.69
16855,3991,8829,94.36
16856,8829,3991,94.36
16857,3992,8834,208.136
16858,8834,3992,208.136
16859,3992,4777,94.351
16860,4777,3992,94.351
16861,3993,3994,164.446
16862,3994,3993,164.446
16863,3994,3995,85.01700000000001
16864,3995,3994,85.01700000000001
16865,4834,3995,142.54500000000002
16866,3995,4834,142.54500000000002
16867,4684,3996,137.406
16868,3996,4684,137.406
16869,4544,3997,143.40999999999997
16870,3997,4544,143.40999999999997
16871,5353,3999,143.952
16872,3999,5353,143.952
16873,5679,4000,143.65800000000002
16874,4000,5679,143.65800000000002
16875,7294,4001,80.337
16876,4001,7294,80.337
16877,4001,4002,78.65799999999999
16878,4002,4001,78.65799999999999
16879,6256,4001,178.803
16880,4001,6256,178.803
16881,4810,4002,178.70199999999997
16882,4002,4810,178.70199999999997
16883,4598,4003,178.63799999999998
16884,4003,4598,178.63799999999998
16885,4003,4004,78.75
16886,4004,4003,78.75
16887,4738,4004,178.226
16888,4004,4738,178.226
16889,4005,4006,96.381
16890,4006,4005,96.381
16891,6260,4005,178.043
16892,4005,6260,178.043
16893,4006,4007,96.294
16894,4007,4006,96.294
16895,4983,4006,178.67300000000003
16896,4006,4983,178.67300000000003
16897,4007,4008,96.062
16898,4008,4007,96.062
16899,6261,4007,178.691
16900,4007,6261,178.691
16901,4008,6262,178.458
16902,6262,4008,178.458
16903,4008,4009,50.24
16904,4009,4008,50.24
16905,4009,4010,46.116
16906,4010,4009,46.116
16907,4010,5661,177.316
16908,4011,7083,109.219
16909,7083,4011,109.219
16910,6229,4012,177.235
16911,4012,6229,177.235
16912,4012,7060,97.06
16913,7060,4012,97.06
16914,4014,4015,96.912
16915,4015,4014,96.912
16916,4017,4018,33.14
16917,4018,4017,33.14
16918,8497,4017,50.614
16919,4017,8497,50.614
16920,4017,5059,200.146
16921,5059,4017,200.146
16922,7758,4017,413.04100000000005
16923,4017,7758,413.04100000000005
16924,4018,6172,192.281
16925,6172,4018,192.281
16926,4020,4021,79.535
16927,4021,4020,79.535
16928,8477,4020,94.226
16929,4020,8477,94.226
16930,8478,4021,94.093
16931,4021,8478,94.093
16932,4022,6842,207.158
16933,6842,4022,207.158
16934,4023,4024,207.883
16935,4024,4023,207.883
16936,4024,8868,207.88300000000004
16937,8868,4024,207.88300000000004
16938,4025,9024,141.236
16939,9024,4025,141.236
16940,9031,4025,214.345
16941,4025,9031,214.345
16942,4026,8958,93.968
16943,8958,4026,93.968
16944,8959,4026,94.047
16945,4026,8959,94.047
16946,4027,4028,207.773
16947,4028,4027,207.773
16948,4028,7973,207.339
16949,7973,4028,207.339
16950,6925,4029,204.526
16951,4029,6925,204.526
16952,4032,4033,109.186
16953,4033,4032,109.186
16954,4032,8486,116.578
16955,8486,4032,116.578
16956,4033,4034,57.304
16957,4034,4033,57.304
16958,8716,4033,91.96
16959,4033,8716,91.96
16960,4034,4035,31.118
16961,4035,4034,31.118
16962,6462,4034,172.551
16963,4034,6462,172.551
16964,4035,5316,60.73
16965,5316,4035,60.73
16966,4035,8364,60.036
16967,8364,4035,60.036
16968,5315,4035,172.679
16969,4035,5315,172.679
16970,4036,9596,135.963
16971,9596,4036,135.963
16972,5128,4036,146.315
16973,4036,5128,146.315
16974,4036,4037,104.92199999999998
16975,4037,4036,104.92199999999998
16976,9648,4036,104.743
16977,4036,9648,104.743
16978,4037,5969,140.276
16979,5969,4037,140.276
16980,8045,4038,25.409
16981,4038,8045,25.409
16982,4038,4039,57.346
16983,4039,4038,57.346
16984,4038,6227,66.901
16985,6227,4038,66.901
16986,5330,4038,136.722
16987,4038,5330,136.722
16988,4039,4040,80.772
16989,4040,4039,80.772
16990,4875,4039,164.894
16991,4039,4875,164.894
16992,6129,4040,165.945
16993,4040,6129,165.945
16994,4040,4041,83.491
16995,4041,4040,83.491
16996,5300,4041,73.322
16997,4041,5300,73.322
16998,4041,4042,90.779
16999,4042,4041,90.779
17000,4043,4072,339.73
17001,4072,4043,339.73
17002,4043,8268,53.62599999999999
17003,8268,4043,53.62599999999999
17004,8268,4043,59.21699999999999
17005,8266,4043,87.96699999999998
17006,4043,8266,87.96699999999998
17007,8266,4043,90.604
17008,4044,7797,32.335
17009,7797,4044,32.335
17010,4044,5073,105.366
17011,4046,4047,69.75999999999999
17012,4047,4046,69.75999999999999
17013,4047,4048,31.856
17014,4048,4047,31.856
17015,4047,4583,104.925
17016,8783,4047,104.695
17017,4048,4049,37.407
17018,4049,4048,37.407
17019,4050,4048,173.52700000000002
17020,4048,4050,173.52700000000002
17021,4049,4050,33.503
17022,4050,4049,33.503
17023,4050,4051,39.523
17024,4051,4050,39.523
17025,4051,5074,104.312
17026,5074,4051,104.312
17027,4051,4052,146.098
17028,4052,4051,146.098
17029,4052,4844,103.712
17030,4844,4052,103.712
17031,4052,7615,26.363
17032,7615,4052,26.363
17033,7614,4052,29.896
17034,4092,4053,52.948
17035,4053,4092,52.948
17036,4053,4054,146.546
17037,4054,4053,146.546
17038,9090,4053,107.958
17039,4053,9090,107.958
17040,4054,4055,146.178
17041,4055,4054,146.178
17042,4054,4093,52.497
17043,4093,4054,52.497
17044,4094,4055,52.307
17045,4055,4094,52.307
17046,4055,4056,146.536
17047,4056,4055,146.536
17048,4056,5078,105.636
17049,5078,4056,105.636
17050,9883,4056,102.493
17051,5079,4057,104.561
17052,4057,5079,104.561
17053,4057,8143,146.284
17054,8143,4057,146.284
17055,4057,4762,73.871
17056,4762,4057,73.871
17057,4057,9883,44.095000000000006
17058,9883,4057,44.095000000000006
17059,4058,4438,104.34
17060,4438,4058,104.34
17061,8143,4058,146.90800000000002
17062,4058,8143,146.90800000000002
17063,4058,6745,137.952
17064,6745,4058,137.952
17065,9772,4059,5.771
17066,4059,9772,5.771
17067,4059,4060,137.183
17068,4060,4059,137.183
17069,5081,4059,105.148
17070,4060,4061,145.972
17071,4061,4060,145.972
17072,4060,5082,105.127
17073,4061,4062,146.57100000000003
17074,4062,4061,146.57100000000003
17075,4620,4061,105.095
17076,4061,4620,105.095
17077,4062,5083,105.11
17078,5083,4062,105.11
17079,4063,4064,146.33100000000002
17080,4064,4063,146.33100000000002
17081,4064,4065,146.278
17082,4065,4064,146.278
17083,4065,4066,146.221
17084,4066,4065,146.221
17085,4066,4067,146.572
17086,4067,4066,146.572
17087,4066,5086,105.133
17088,5086,4066,105.133
17089,4067,5087,105.126
17090,5087,4067,105.126
17091,4067,4068,148.441
17092,4068,4067,148.441
17093,5088,4068,105.127
17094,4068,5088,105.127
17095,4069,4070,126.543
17096,4070,4069,126.543
17097,4069,4378,52.451
17098,4378,4069,52.451
17099,5090,4070,105.206
17100,4070,5090,105.206
17101,4071,7724,35.386
17102,5014,4071,43.941
17103,4072,4073,92.727
17104,4073,4072,92.727
17105,4073,8330,92.15
17106,8330,4073,92.15
17107,4075,5527,89.891
17108,5527,4075,89.891
17109,4075,4076,201.72000000000003
17110,4076,4075,201.72000000000003
17111,5526,4075,89.80499999999999
17112,4075,5526,89.80499999999999
17113,4076,6388,89.889
17114,6388,4076,89.889
17115,6312,4076,89.977
17116,4076,6312,89.977
17117,4076,8253,226.006
17118,8253,4076,226.006
17119,6091,4077,77.48700000000001
17120,4077,6091,77.48700000000001
17121,4077,4078,98.695
17122,4078,4077,98.695
17123,4078,4626,125.063
17124,4626,4078,125.063
17125,6513,4078,128.45600000000002
17126,4078,6513,128.45600000000002
17127,4078,8314,158.709
17128,8314,4078,158.709
17129,8253,4079,36.838
17130,4079,8253,36.838
17131,4079,4080,165.894
17132,4080,4079,165.894
17133,4079,5459,56.57899999999999
17134,5459,4079,56.57899999999999
17135,5354,4081,73.29599999999999
17136,4081,5354,73.29599999999999
17137,4081,6592,105.08400000000002
17138,6592,4081,105.08400000000002
17139,4081,4082,113.516
17140,4082,4081,113.516
17141,6090,4082,70.071
17142,4082,6090,70.071
17143,4082,6592,32.843
17144,6592,4082,32.843
17145,6991,4083,11.853
17146,4083,6991,11.853
17147,4083,6051,104.506
17148,6051,4083,104.506
17149,4083,8657,101.33
17150,4330,4083,134.012
17151,4084,4419,112.171
17152,4419,4084,112.171
17153,5205,4085,158.63299999999998
17154,4085,5205,158.63299999999998
17155,4085,5205,158.801
17156,5205,4085,158.801
17157,5947,4085,69.054
17158,4085,5947,69.054
17159,4086,7891,71.767
17160,7891,4086,71.767
17161,7431,4086,158.799
17162,4086,7431,158.799
17163,4087,5343,666.3189999999998
17164,5343,4087,666.3189999999998
17165,4088,4087,1061.8870000000004
17166,4087,4088,1061.8870000000004
17167,4088,4590,47.902
17168,6904,4088,35.259
17169,4088,6904,35.259
17170,8625,4089,34.603
17171,4089,8625,34.603
17172,4089,7870,46.543
17173,7870,4089,46.543
17174,4090,8001,192.77100000000007
17175,4091,4090,235.492
17176,7732,4090,527.0269999999999
17177,4092,4093,146.205
17178,4093,4092,146.205
17179,4389,4092,51.07899999999999
17180,4092,4389,51.07899999999999
17181,4093,5075,52.495
17182,5075,4093,52.495
17183,5076,4094,157.92399999999998
17184,4094,5076,157.92399999999998
17185,5077,4094,52.706
17186,4094,5077,52.706
17187,4095,4835,84.97900000000001
17188,4835,4095,84.97900000000001
17189,9387,4095,255.953
17190,4095,9387,255.953
17191,4095,4096,142.89700000000002
17192,4096,4095,142.89700000000002
17193,4335,4096,74.66
17194,4096,4335,74.66
17195,4096,8627,83.94500000000001
17196,8627,4096,83.94500000000001
17197,4097,5199,276.982
17198,5199,4097,276.982
17199,5587,4097,86.07400000000001
17200,4097,5587,86.07400000000001
17201,4098,4099,109.742
17202,5941,4098,54.497
17203,4098,5941,54.497
17204,5884,4099,55.447
17205,4099,5884,55.447
17206,8620,4099,43.926
17207,4099,8620,43.926
17208,4100,7368,62.681
17209,4100,4101,96.00499999999998
17210,4101,4100,96.00499999999998
17211,6986,4100,116.094
17212,4101,8449,113.677
17213,8449,4101,113.677
17214,8449,4102,86.644
17215,4102,8449,86.644
17216,4102,5487,368.331
17217,5487,4102,368.331
17218,4102,4103,30.154000000000003
17219,4103,4102,30.154000000000003
17220,4103,8450,18.353
17221,8450,4103,18.353
17222,6128,4103,26.569
17223,4104,6403,88.908
17224,6403,4104,88.908
17225,4104,4105,170.733
17226,4105,4104,170.733
17227,7253,4105,79.133
17228,4105,7253,79.133
17229,4105,9574,44.597
17230,9574,4105,44.597
17231,4105,5907,79.084
17232,5907,4105,79.084
17233,4106,4107,24.914
17234,4107,4106,24.914
17235,7254,4107,71.691
17236,4107,7254,71.691
17237,4107,4108,69.144
17238,4108,4107,69.144
17239,4108,8439,94.41
17240,8439,4108,94.41
17241,4109,4277,382.1860000000001
17242,4277,4109,382.1860000000001
17243,4109,4110,191.442
17244,4110,4109,191.442
17245,8990,4109,41.21
17246,4109,8990,41.21
17247,4111,8443,240.82699999999997
17248,8443,4111,240.82699999999997
17249,8443,4112,48.969
17250,4112,8443,48.969
17251,8394,4112,45.892
17252,4112,8394,45.892
17253,4112,8447,76.77
17254,8447,4112,76.77
17255,4114,4115,212.417
17256,4115,4114,212.417
17257,4115,4116,175.40600000000003
17258,4116,4115,175.40600000000003
17259,4116,6220,7.381
17260,6220,4116,7.381
17261,9566,4116,85.797
17262,4117,4118,168.009
17263,4118,4117,168.009
17264,4117,5965,85.45100000000001
17265,5965,4117,85.45100000000001
17266,4119,6201,85.39500000000001
17267,6201,4119,85.39500000000001
17268,4119,4120,202.812
17269,4120,4119,202.812
17270,4120,5740,85.42099999999999
17271,5740,4120,85.42099999999999
17272,4120,4121,203.809
17273,4121,4120,203.809
17274,4121,7014,138.833
17275,7014,4121,138.833
17276,4121,6031,84.12100000000001
17277,6031,4121,84.12100000000001
17278,9211,4122,243.011
17279,4122,9211,243.011
17280,4122,5544,53.226
17281,5544,4122,53.226
17282,4123,4124,79.07600000000001
17283,4124,4123,79.07600000000001
17284,4123,5752,202.146
17285,5752,4123,202.146
17286,4124,4125,81.81099999999999
17287,4125,4124,81.81099999999999
17288,4124,4769,201.362
17289,4769,4124,201.362
17290,4768,4124,202.451
17291,4124,4768,202.451
17292,4125,4126,82.787
17293,4126,4125,82.787
17294,5382,4125,202.598
17295,4125,5382,202.598
17296,5753,4125,200.908
17297,4126,4127,82.167
17298,4127,4126,82.167
17299,4126,5754,201.429
17300,5754,4126,201.429
17301,5383,4126,201.919
17302,4126,5383,201.919
17303,4127,4128,82.366
17304,4128,4127,82.366
17305,4127,4732,201.332
17306,4732,4127,201.332
17307,4731,4127,202.257
17308,4127,4731,202.257
17309,4128,4129,82.114
17310,4129,4128,82.114
17311,4128,5755,201.177
17312,5755,4128,201.177
17313,5384,4128,202.20200000000003
17314,4128,5384,202.20200000000003
17315,4129,4130,82.518
17316,4130,4129,82.518
17317,4129,5726,201.406
17318,5726,4129,201.406
17319,5385,4129,201.854
17320,4129,5385,201.854
17321,4130,4131,81.818
17322,4131,4130,81.818
17323,4130,5756,201.406
17324,5756,4130,201.406
17325,5386,4130,202.026
17326,4130,5386,202.026
17327,4316,4131,201.58
17328,4131,4316,201.58
17329,4131,4132,83.081
17330,4132,4131,83.081
17331,4131,4317,200.618
17332,4317,4131,200.618
17333,4132,5757,200.611
17334,5757,4132,200.611
17335,5387,4132,201.688
17336,4132,5387,201.688
17337,4132,4133,47.191
17338,4133,4132,47.191
17339,4136,4137,125.726
17340,4137,4136,125.726
17341,4136,7735,354.991
17342,7735,4136,354.991
17343,8033,4136,53.248000000000005
17344,4136,8033,53.248000000000005
17345,4137,4138,71.218
17346,4138,4137,71.218
17347,4445,4137,117.62999999999998
17348,4137,4445,117.62999999999998
17349,4138,7530,92.501
17350,7530,4138,92.501
17351,4138,5377,66.074
17352,5377,4138,66.074
17353,8031,4138,43.996
17354,4138,8031,43.996
17355,6301,4139,149.737
17356,4139,6301,149.737
17357,4876,4139,193.099
17358,4139,4876,193.099
17359,4140,4141,84.525
17360,4141,4140,84.525
17361,4141,9805,88.851
17362,9805,4141,88.851
17363,4142,7190,81.742
17364,7190,4142,81.742
17365,6187,4142,62.188
17366,4142,6187,62.188
17367,6656,4145,31.848
17368,4145,6656,31.848
17369,4148,4149,259.986
17370,4149,4148,259.986
17371,4148,6311,78.952
17372,6311,4148,78.952
17373,5463,4149,56.518
17374,4149,5463,56.518
17375,4149,8069,17.235
17376,8069,4149,17.235
17377,4150,4255,95.766
17378,4255,4150,95.766
17379,7923,4151,214.928
17380,4151,7923,214.928
17381,4153,9618,11.27
17382,9618,4153,11.27
17383,4153,5600,70.902
17384,9165,4154,51.642
17385,4154,9165,51.642
17386,4155,5814,76.193
17387,5814,4155,76.193
17388,4156,4155,63.719
17389,4991,4157,72.964
17390,4157,4991,72.964
17391,4157,7720,29.644
17392,7183,4157,145.47
17393,9687,4157,44.69
17394,4321,4158,94.889
17395,4158,4321,94.889
17396,8101,4159,21.208
17397,4159,8101,21.208
17398,4159,4360,100.751
17399,4360,4159,100.751
17400,4159,8098,84.02000000000001
17401,8098,4159,84.02000000000001
17402,5199,4160,199.516
17403,4160,5199,199.516
17404,4161,4162,143.378
17405,4162,4161,143.378
17406,5854,4161,244.836
17407,4161,5854,244.836
17408,4163,4164,137.584
17409,4163,4292,51.561
17410,9140,4163,58.031000000000006
17411,4164,6741,56.291
17412,6742,4164,52.749
17413,4165,9247,146.446
17414,4165,5911,52.506
17415,4294,4165,52.856
17416,5962,4166,52.444
17417,4166,5962,52.444
17418,4166,8543,52.548
17419,8543,4166,52.548
17420,9247,4166,146.68099999999998
17421,4167,7633,30.609
17422,4295,4167,52.334
17423,4167,4295,52.334
17424,6768,4167,52.688
17425,8817,4167,13.114
17426,4168,4233,88.39
17427,4233,4168,88.39
17428,4169,6300,86.632
17429,6300,4169,86.632
17430,4169,4170,285.6140000000001
17431,4170,4169,285.6140000000001
17432,4170,4171,284.085
17433,4171,4170,284.085
17434,4170,6301,85.904
17435,6301,4170,85.904
17436,4173,4172,70.126
17437,7513,4172,131.188
17438,4173,8177,10.26
17439,7513,4173,93.235
17440,7631,4173,11.403
17441,5882,4174,317.0
17442,4174,5882,317.0
17443,4175,7494,57.679
17444,7494,4175,57.679
17445,4175,7900,224.061
17446,7900,4175,224.061
17447,7180,4175,108.013
17448,4175,7180,108.013
17449,4176,4177,196.049
17450,4177,4176,196.049
17451,4176,5031,19.359
17452,5031,4176,19.359
17453,4177,5267,37.649
17454,5267,4177,37.649
17455,5266,4177,70.998
17456,4177,5266,70.998
17457,9457,4178,19.163
17458,4178,9457,19.163
17459,5460,4178,81.331
17460,4178,5460,81.331
17461,5460,4178,85.215
17462,4179,8239,196.028
17463,4179,6480,93.532
17464,6480,4179,93.532
17465,8243,4179,10.344
17466,4179,8243,10.344
17467,4180,4181,72.722
17468,8242,4180,10.29
17469,4180,8242,10.29
17470,6526,4180,67.705
17471,4180,6526,67.705
17472,8232,4180,195.316
17473,4181,8233,10.298
17474,8233,4181,10.298
17475,4181,8328,78.505
17476,6592,4181,135.22400000000002
17477,4181,6592,135.22400000000002
17478,4182,8237,14.418
17479,8232,4182,10.573
17480,8242,4182,195.827
17481,6388,4183,90.596
17482,4183,6388,90.596
17483,4183,4184,201.944
17484,4184,4183,201.944
17485,4184,8229,199.723
17486,8229,4184,199.723
17487,5527,4184,90.447
17488,4184,5527,90.447
17489,4185,7632,10.725
17490,4185,7580,100.442
17491,4186,4185,98.234
17492,5183,4185,104.753
17493,4186,7471,11.119
17494,4186,6594,105.317
17495,6628,4186,10.397
17496,7818,4186,27.865
17497,4188,4189,207.694
17498,4189,4188,207.694
17499,4189,6820,207.393
17500,6820,4189,207.393
17501,8735,4190,49.014
17502,4190,8735,49.014
17503,4190,4191,207.516
17504,4191,4190,207.516
17505,4191,8858,154.245
17506,8858,4191,154.245
17507,4192,7985,304.219
17508,7985,4192,304.219
17509,4194,8965,94.424
17510,8965,4194,94.424
17511,4195,8523,167.721
17512,8576,4195,23.205
17513,4195,8576,23.205
17514,8567,4195,59.720000000000006
17515,4196,4197,94.24
17516,4197,4196,94.24
17517,4196,8570,73.455
17518,7134,4196,207.872
17519,4196,7134,207.872
17520,8569,4196,73.166
17521,4197,6720,85.087
17522,6720,4197,85.087
17523,4198,4199,94.274
17524,4199,4198,94.274
17525,8947,4198,48.919
17526,4198,8947,48.919
17527,4198,7418,99.282
17528,7418,4198,99.282
17529,7417,4198,73.268
17530,4198,7417,73.268
17531,4199,4200,94.293
17532,4200,4199,94.293
17533,4200,4201,94.354
17534,4201,4200,94.354
17535,4204,4205,94.321
17536,4205,4204,94.321
17537,4205,6967,40.336
17538,6967,4205,40.336
17539,4206,4207,94.461
17540,4207,4206,94.461
17541,4207,4208,94.285
17542,4208,4207,94.285
17543,4208,4209,94.215
17544,4209,4208,94.215
17545,4209,4210,94.462
17546,4210,4209,94.462
17547,4211,4212,94.338
17548,4212,4211,94.338
17549,4215,7780,210.769
17550,7780,4215,210.769
17551,5948,4215,69.89500000000001
17552,4215,5948,69.89500000000001
17553,4216,4217,96.739
17554,4217,4216,96.739
17555,4217,4218,96.576
17556,4218,4217,96.576
17557,4218,4219,96.082
17558,4219,4218,96.082
17559,4219,5129,97.148
17560,5129,4219,97.148
17561,4220,4221,32.022
17562,4221,4220,32.022
17563,9833,4220,68.42099999999999
17564,4220,9833,68.42099999999999
17565,4221,9836,68.89
17566,4221,4222,15.204
17567,4222,4221,15.204
17568,4222,7077,69.489
17569,7077,4222,69.489
17570,4223,7052,87.404
17571,7052,4223,87.404
17572,6392,4224,88.841
17573,4224,6392,88.841
17574,4224,6393,90.075
17575,6393,4224,90.075
17576,4224,4225,97.117
17577,4225,4224,97.117
17578,8471,4225,178.016
17579,4225,8471,178.016
17580,4226,7855,134.52599999999998
17581,7855,4226,134.52599999999998
17582,4227,7769,38.049
17583,7769,4227,38.049
17584,4228,7768,166.511
17585,7768,4228,166.511
17586,4229,4230,25.813
17587,7768,4229,101.148
17588,4229,7768,101.148
17589,8211,4229,53.668000000000006
17590,4230,9521,55.914
17591,4230,7244,130.407
17592,8211,4230,33.119
17593,4231,8129,75.95
17594,8129,4231,75.95
17595,4233,4234,83.552
17596,4234,4233,83.552
17597,4236,4237,85.708
17598,4237,4236,85.708
17599,4238,4239,85.369
17600,4239,4238,85.369
17601,4240,4241,84.72
17602,4241,4240,84.72
17603,4241,8202,142.77700000000002
17604,8202,4241,142.77700000000002
17605,4242,9154,74.561
17606,9154,4242,74.561
17607,4242,4243,86.744
17608,4243,4242,86.744
17609,4243,4244,182.502
17610,4244,4243,182.502
17611,5266,4243,365.373
17612,4243,5266,365.373
17613,4243,9154,162.045
17614,9154,4243,162.045
17615,4244,4245,110.946
17616,4245,4244,110.946
17617,4244,5311,206.229
17618,5311,4244,206.229
17619,5266,4244,181.70800000000003
17620,4244,5266,181.70800000000003
17621,4245,4246,90.226
17622,4246,4245,90.226
17623,4245,5267,181.456
17624,5267,4245,181.456
17625,5313,4245,207.218
17626,4245,5313,207.218
17627,4247,6411,180.248
17628,5979,4247,149.583
17629,4247,5979,149.583
17630,8289,4247,192.574
17631,4247,8289,192.574
17632,6421,4247,124.39
17633,4248,4272,149.813
17634,4273,4248,106.457
17635,9581,4249,25.62
17636,4249,9581,25.62
17637,4250,9721,59.74699999999999
17638,9721,4250,59.74699999999999
17639,4251,4252,58.749
17640,4252,4251,58.749
17641,5614,4251,135.529
17642,4252,5615,134.974
17643,4253,4254,56.654
17644,4254,4253,56.654
17645,4253,6068,129.17000000000002
17646,5983,4253,276.261
17647,4254,5984,275.35900000000004
17648,4255,4985,269.882
17649,4985,4255,269.882
17650,7459,4256,360.81700000000006
17651,4256,7459,360.81700000000006
17652,6109,4256,72.72699999999999
17653,4256,6109,72.72699999999999
17654,4256,7845,268.441
17655,7845,4256,268.441
17656,4257,7174,268.588
17657,7174,4257,268.588
17658,8209,4257,131.142
17659,4257,8209,131.142
17660,4257,7175,177.778
17661,7175,4257,177.778
17662,7132,4257,175.499
17663,4257,7132,175.499
17664,7175,4258,12.985
17665,4258,7175,12.985
17666,4258,9077,98.037
17667,4457,4258,199.249
17668,4259,5538,201.802
17669,5538,4259,201.802
17670,4259,4260,85.00200000000001
17671,4260,4259,85.00200000000001
17672,4260,4261,85.238
17673,4261,4260,85.238
17674,4260,5259,204.101
17675,5259,4260,204.101
17676,5258,4260,261.56
17677,4260,5258,261.56
17678,4261,4261,347.733
17679,5062,4261,203.167
17680,4261,5062,203.167
17681,4262,7007,157.196
17682,7007,4262,157.196
17683,4262,4263,87.156
17684,4263,4262,87.156
17685,4263,7008,126.056
17686,7008,4263,126.056
17687,4263,6294,153.153
17688,8561,4263,152.602
17689,4264,5930,201.286
17690,5930,4264,201.286
17691,7010,4264,62.83299999999999
17692,4264,7010,62.83299999999999
17693,4265,4500,37.683
17694,4500,4265,37.683
17695,4266,4267,86.90899999999999
17696,4267,4266,86.90899999999999
17697,4266,6026,142.084
17698,4270,4269,191.261
17699,4271,8198,29.186
17700,4979,4271,66.303
17701,4274,4273,48.785
17702,4273,4274,48.785
17703,4275,9306,6.106
17704,9308,4275,88.14899999999999
17705,4276,8140,88.55
17706,4276,9190,91.20400000000002
17707,9190,4276,91.20400000000002
17708,4278,6993,18.547
17709,6993,4278,18.547
17710,5595,4278,95.421
17711,4279,5029,106.508
17712,5029,4279,106.508
17713,4279,4280,80.303
17714,4280,4279,80.303
17715,6993,4279,102.04
17716,4279,6993,102.04
17717,4281,6405,132.409
17718,6405,4281,132.409
17719,4281,4282,106.639
17720,4282,4281,106.639
17721,4282,4283,62.073
17722,4283,4282,62.073
17723,4283,6188,130.304
17724,6188,4283,130.304
17725,4283,4284,86.813
17726,4284,4283,86.813
17727,4284,4285,48.272
17728,4285,4284,48.272
17729,4284,4725,128.787
17730,4725,4284,128.787
17731,4286,4287,86.929
17732,4287,4286,86.929
17733,4286,6267,126.43
17734,6267,4286,126.43
17735,4287,5816,125.525
17736,5816,4287,125.525
17737,4289,7136,95.614
17738,7136,4289,95.614
17739,4291,7416,47.613
17740,4291,6093,104.368
17741,9005,4291,23.554
17742,9007,4291,30.292
17743,4292,6742,137.594
17744,4292,9179,126.262
17745,7416,4292,98.827
17746,4293,6079,104.427
17747,4293,4294,136.73899999999998
17748,4294,4293,136.73899999999998
17749,6153,4293,106.227
17750,9789,4293,5.612
17751,4294,9246,146.418
17752,9246,4294,146.418
17753,5910,4294,52.115
17754,4525,4295,52.541
17755,4295,4525,52.541
17756,4295,4296,146.27200000000002
17757,4296,4295,146.27200000000002
17758,4296,7298,146.637
17759,7298,4296,146.637
17760,4296,6154,105.08
17761,6154,4296,105.08
17762,6080,4296,104.85399999999998
17763,4296,6080,104.85399999999998
17764,7146,4297,8.19
17765,4297,7146,8.19
17766,4297,5320,104.986
17767,4297,7297,144.339
17768,7297,4297,144.339
17769,5319,4297,104.897
17770,4298,4299,146.472
17771,4299,4298,146.472
17772,4298,5174,105.095
17773,5174,4298,105.095
17774,5173,4298,105.914
17775,4298,5173,105.914
17776,5153,4299,107.214
17777,4299,5153,107.214
17778,4299,5154,105.073
17779,5154,4299,105.073
17780,9556,4300,7.089
17781,4300,9556,7.089
17782,4300,6082,107.827
17783,4300,4301,138.15800000000002
17784,4301,4300,138.15800000000002
17785,6155,4300,104.856
17786,6156,4301,105.097
17787,4301,6156,105.097
17788,4301,4302,146.28799999999998
17789,4302,4301,146.28799999999998
17790,4301,6083,106.149
17791,6083,4301,106.149
17792,4302,5198,105.395
17793,5198,4302,105.395
17794,5197,4302,105.156
17795,4302,5197,105.156
17796,4302,4303,146.6
17797,4303,4302,146.6
17798,4303,5691,106.411
17799,5691,4303,106.411
17800,5690,4303,105.205
17801,4303,5690,105.205
17802,4303,4304,146.367
17803,4304,4303,146.367
17804,4914,4304,105.25
17805,4304,4914,105.25
17806,4304,4305,147.71099999999998
17807,4305,4304,147.71099999999998
17808,4305,6084,103.039
17809,6084,4305,103.039
17810,4306,4917,75.688
17811,4917,4306,75.688
17812,8906,4306,20.119
17813,4306,8906,20.119
17814,4306,8905,36.621
17815,8905,4306,36.621
17816,4307,6854,13.618
17817,6854,4307,13.618
17818,9904,4307,254.314
17819,4307,9904,254.314
17820,4307,6810,91.256
17821,6683,4307,49.255
17822,4308,6236,32.894
17823,6236,4308,32.894
17824,7204,4308,23.943
17825,4308,7204,23.943
17826,4309,8364,172.39
17827,8364,4309,172.39
17828,8364,4310,107.369
17829,4310,8364,107.369
17830,6445,4311,82.79
17831,4311,6445,82.79
17832,6446,4312,85.688
17833,4312,6446,85.688
17834,4312,4313,201.797
17835,4313,4312,201.797
17836,4312,6211,81.281
17837,6211,4312,81.281
17838,4313,6212,81.999
17839,6212,4313,81.999
17840,8405,4313,76.57
17841,4313,8405,76.57
17842,4313,4314,201.934
17843,4314,4313,201.934
17844,4314,4315,200.965
17845,4315,4314,200.965
17846,4314,5246,82.46399999999998
17847,5246,4314,82.46399999999998
17848,5245,4314,82.501
17849,4314,5245,82.501
17850,4315,4316,202.354
17851,4316,4315,202.354
17852,6213,4315,82.372
17853,4315,6213,82.372
17854,4315,6447,81.988
17855,6447,4315,81.988
17856,4316,5387,82.91300000000001
17857,5387,4316,82.91300000000001
17858,5386,4316,82.144
17859,4316,5386,82.144
17860,4317,5757,82.309
17861,5757,4317,82.309
17862,5756,4317,83.12
17863,4317,5756,83.12
17864,7130,4318,8.187
17865,4318,7130,8.187
17866,4318,4476,83.17200000000001
17867,4475,4318,83.714
17868,4319,5358,80.468
17869,5358,4319,80.468
17870,4319,4320,149.661
17871,4320,4319,149.661
17872,4320,5727,60.755
17873,5727,4320,60.755
17874,8375,4320,141.075
17875,4320,8375,141.075
17876,8665,4321,78.36200000000001
17877,4321,8665,78.36200000000001
17878,8523,4321,20.43
17879,4321,8523,20.43
17880,4322,8968,126.285
17881,8968,4322,126.285
17882,4322,8665,155.26399999999995
17883,8665,4322,155.26399999999995
17884,4323,8641,178.878
17885,5271,4323,42.949000000000005
17886,7694,4323,61.448
17887,7654,4324,133.95000000000002
17888,4325,5043,92.18
17889,5043,4325,92.18
17890,4325,7654,46.96
17891,7654,4325,46.96
17892,4327,4328,71.787
17893,4328,4327,71.787
17894,4328,5299,89.146
17895,5299,4328,89.146
17896,4329,4330,119.243
17897,4329,6051,195.34500000000003
17898,6051,4329,195.34500000000003
17899,5682,4329,80.365
17900,4329,5682,80.365
17901,4329,4331,167.23800000000003
17902,4331,4329,167.23800000000003
17903,8463,4329,111.018
17904,8463,4330,15.054
17905,4331,5683,76.444
17906,5683,4331,76.444
17907,6051,4331,127.395
17908,4331,6051,127.395
17909,4332,7925,47.577
17910,4332,7924,30.325
17911,5597,4332,99.723
17912,6995,4332,17.951
17913,4333,5597,76.742
17914,5597,4333,76.742
17915,4333,4860,80.375
17916,4860,4333,80.375
17917,4333,4334,110.435
17918,4334,4333,110.435
17919,7924,4333,80.107
17920,4333,7924,80.107
17921,4334,4861,70.685
17922,4861,4334,70.685
17923,4336,7211,262.967
17924,7211,4336,262.967
17925,4336,4463,157.068
17926,4463,4336,157.068
17927,4462,4336,145.56699999999998
17928,4336,4462,145.56699999999998
17929,9369,4337,301.399
17930,4337,9369,301.399
17931,4337,7380,91.363
17932,7380,4337,91.363
17933,7629,4337,138.353
17934,4337,7629,138.353
17935,5790,4340,350.355
17936,4340,5790,350.355
17937,4340,6700,78.683
17938,6700,4340,78.683
17939,4404,4340,400.5590000000001
17940,4340,4404,400.5590000000001
17941,4341,4342,211.824
17942,4342,4341,211.824
17943,4341,6160,242.74
17944,6160,4341,242.74
17945,8554,4341,44.128
17946,4341,8554,44.128
17947,4343,5565,47.79
17948,5567,4343,76.764
17949,4344,9242,208.199
17950,9240,4344,206.44200000000004
17951,4345,4346,91.626
17952,4346,4345,91.626
17953,6298,4345,86.875
17954,4345,6298,86.875
17955,4346,8508,15.54
17956,8508,4346,15.54
17957,6298,4346,78.114
17958,4346,6298,78.114
17959,4347,4348,131.458
17960,4348,4347,131.458
17961,8966,4348,207.873
17962,4348,8966,207.873
17963,4348,6165,207.607
17964,6165,4348,207.607
17965,4349,4350,52.68
17966,4350,4349,52.68
17967,6641,4349,138.856
17968,8652,4351,77.21000000000001
17969,4351,8652,77.21000000000001
17970,9137,4352,240.045
17971,4352,9137,240.045
17972,4352,5342,207.97
17973,5342,4352,207.97
17974,4353,4652,207.789
17975,4652,4353,207.789
17976,4353,4354,95.752
17977,4354,4353,95.752
17978,4354,5444,208.234
17979,5444,4354,208.234
17980,4354,6723,85.193
17981,6723,4354,85.193
17982,4355,4356,94.292
17983,4356,4355,94.292
17984,4355,6167,207.862
17985,6167,4355,207.862
17986,4356,4357,94.291
17987,4357,4356,94.291
17988,4356,5972,207.85
17989,5972,4356,207.85
17990,4357,4358,94.256
17991,4358,4357,94.256
17992,4357,5495,207.839
17993,5495,4357,207.839
17994,4358,8956,207.841
17995,8956,4358,207.841
17996,4359,4360,99.806
17997,4360,4359,99.806
17998,4359,5272,78.24499999999999
17999,5272,4359,78.59
18000,4359,5842,217.558
18001,4360,5272,95.40399999999998
18002,5272,4360,95.40399999999998
18003,4360,8098,98.91899999999998
18004,8098,4360,98.91899999999998
18005,9321,4360,240.978
18006,4360,9321,240.978
18007,4360,7367,261.364
18008,7367,4360,261.364
18009,5783,4361,148.17600000000002
18010,4361,5783,148.17600000000002
18011,4361,5784,154.19400000000005
18012,5784,4361,214.837
18013,4362,4553,207.763
18014,4553,4362,207.763
18015,4363,4868,207.729
18016,4868,4363,207.729
18017,4364,6168,207.709
18018,6168,4364,207.709
18019,4364,4365,94.328
18020,4365,4364,94.328
18021,4365,6964,40.384
18022,6964,4365,40.384
18023,6169,4365,207.697
18024,4365,6169,207.697
18025,4366,4367,94.398
18026,4367,4366,94.398
18027,4366,5506,208.022
18028,5506,4366,208.022
18029,4367,4701,208.021
18030,4701,4367,208.021
18031,4368,4369,94.39
18032,4369,4368,94.39
18033,4368,6162,208.031
18034,6162,4368,208.031
18035,4369,6163,208.031
18036,6163,4369,208.031
18037,4370,4774,208.032
18038,4774,4370,208.032
18039,4371,4372,111.574
18040,4372,4371,88.11800000000001
18041,4372,4374,66.933
18042,4374,4372,66.933
18043,8347,4373,74.26400000000001
18044,4373,8347,74.26400000000001
18045,4373,6593,143.338
18046,6593,4373,143.338
18047,5463,4374,110.277
18048,4374,5463,110.277
18049,4374,4375,259.283
18050,4375,4374,259.283
18051,4375,4376,24.761000000000003
18052,4376,4375,24.761000000000003
18053,6026,4375,98.405
18054,4376,8740,49.478
18055,6027,4376,98.514
18056,4377,4378,57.971
18057,4378,4377,57.971
18058,4378,5089,52.667
18059,5089,4378,52.667
18060,4379,7831,11.761
18061,7831,4379,11.761
18062,4380,7842,48.378
18063,4381,4382,96.189
18064,4382,4381,96.189
18065,4382,5303,74.208
18066,5303,4382,74.208
18067,6420,4382,117.665
18068,4382,6420,117.665
18069,4383,4384,66.603
18070,4384,4383,66.603
18071,4447,4383,135.283
18072,4383,4447,135.283
18073,4383,6316,197.145
18074,6316,4383,197.145
18075,4384,6317,196.889
18076,6317,4384,196.889
18077,4448,4384,142.345
18078,4384,4448,142.345
18079,4385,5577,144.165
18080,5577,4385,144.165
18081,8381,4385,147.019
18082,4385,8381,147.019
18083,4846,4386,146.127
18084,4386,4846,146.127
18085,4386,4897,146.43099999999998
18086,4897,4386,146.43099999999998
18087,4387,6458,60.906
18088,6458,4387,60.906
18089,4845,4387,144.67700000000002
18090,4387,4845,144.67700000000002
18091,4388,4389,32.925999999999995
18092,4389,4388,32.925999999999995
18093,4388,6458,95.271
18094,6458,4388,95.271
18095,4388,7617,39.991
18096,7616,4388,46.819
18097,4389,7617,22.382
18098,4389,5075,146.855
18099,5075,4389,146.855
18100,4390,7800,146.29200000000003
18101,7800,4390,146.29200000000003
18102,4843,4390,145.673
18103,4390,4843,145.673
18104,4391,4841,145.65500000000003
18105,4841,4391,145.65500000000003
18106,7399,4391,80.16199999999999
18107,4391,7399,80.16199999999999
18108,4391,9607,99.861
18109,9607,4391,99.861
18110,4391,5574,146.31600000000003
18111,5574,4391,146.31600000000003
18112,4392,4839,146.254
18113,9607,4392,99.491
18114,4392,9607,99.491
18115,4393,4392,98.651
18116,5573,4392,145.974
18117,4393,4838,146.873
18118,5027,4393,82.226
18119,4394,5572,146.66400000000002
18120,9353,4394,141.957
18121,4395,4973,146.54000000000002
18122,7746,4395,146.36300000000003
18123,4396,4935,146.51000000000002
18124,4396,4397,104.67
18125,4397,5570,251.213
18126,5571,4397,146.43200000000002
18127,4397,5571,146.43200000000002
18128,4398,4399,216.146
18129,4399,4398,216.146
18130,4399,4400,15.449
18131,4400,4399,15.449
18132,4399,6548,22.521
18133,6548,4399,22.521
18134,6649,4400,55.216
18135,4400,6649,55.216
18136,4400,4401,269.056
18137,4401,4400,269.056
18138,4401,6429,120.315
18139,6429,4401,120.315
18140,4402,6977,12.506
18141,6977,4402,12.506
18142,4402,4825,170.064
18143,7850,4402,273.81600000000003
18144,4404,4694,35.719
18145,4694,4404,35.719
18146,4723,4404,202.973
18147,4404,4723,202.973
18148,4405,4406,57.667
18149,4406,4405,57.667
18150,4405,5530,70.03399999999999
18151,5530,4405,70.03399999999999
18152,4416,4405,48.604
18153,4405,4416,48.604
18154,4406,4407,242.037
18155,4407,4406,242.037
18156,4407,4408,91.134
18157,4408,4407,91.134
18158,4407,5204,59.25399999999999
18159,5204,4407,59.25399999999999
18160,8438,4407,274.793
18161,4407,8438,274.793
18162,4408,4409,572.8169999999999
18163,4409,4408,572.8169999999999
18164,4408,4409,516.4379999999999
18165,4409,4408,516.4379999999999
18166,4411,8810,102.331
18167,8810,4411,102.331
18168,4411,7981,73.142
18169,7981,4411,73.142
18170,4412,4413,126.778
18171,4413,4412,126.778
18172,4412,6395,87.672
18173,6395,4412,87.672
18174,4413,4414,75.984
18175,4414,4413,75.984
18176,4416,4415,117.948
18177,4415,4416,117.948
18178,5530,4415,164.93300000000002
18179,4415,5530,164.93300000000002
18180,4415,8437,31.614000000000004
18181,6989,4415,50.837
18182,5362,4416,264.623
18183,4416,5362,264.623
18184,4417,4418,40.674
18185,4418,4417,40.674
18186,4417,7351,16.255
18187,7351,4417,16.255
18188,4813,4417,117.286
18189,4417,4813,117.286
18190,4419,4420,68.144
18191,4420,4419,68.144
18192,4763,4419,132.227
18193,4419,4763,132.227
18194,4420,4421,55.823
18195,4421,4420,55.823
18196,4420,4763,92.994
18197,4763,4420,92.994
18198,4421,4422,17.536
18199,4422,4421,17.536
18200,4421,5558,97.665
18201,5558,4421,97.665
18202,4423,4422,122.16199999999998
18203,4422,4423,122.16199999999998
18204,4422,7349,68.491
18205,7349,4422,68.491
18206,5558,4423,116.523
18207,4423,5558,116.523
18208,8466,4423,52.308
18209,4423,8466,52.308
18210,4424,4425,57.107
18211,4425,4424,57.107
18212,4424,9140,200.638
18213,9140,4424,200.638
18214,4424,6007,138.35699999999997
18215,6007,4424,138.35699999999997
18216,6006,4424,145.153
18217,4424,6006,145.153
18218,4425,9680,106.699
18219,9680,4425,106.699
18220,4426,4427,104.959
18221,4427,4426,104.959
18222,4426,6765,137.498
18223,6094,4426,146.45200000000003
18224,4427,6095,146.317
18225,6095,4427,146.317
18226,4427,4428,104.776
18227,4428,4427,104.776
18228,6762,4427,136.441
18229,4427,6762,136.441
18230,4939,4428,146.486
18231,4428,4939,146.486
18232,4428,6763,135.91500000000002
18233,4429,6761,136.23
18234,4977,4429,146.40900000000002
18235,4430,5056,146.488
18236,5057,4430,136.147
18237,4431,6756,136.951
18238,6018,4431,146.41699999999997
18239,4432,5194,146.40400000000002
18240,4432,4433,98.984
18241,4433,4432,98.984
18242,6753,4432,137.784
18243,4433,4434,98.409
18244,4434,4433,98.409
18245,4433,6096,146.473
18246,6752,4433,136.627
18247,4434,4435,99.442
18248,4435,4434,99.442
18249,4434,6751,137.28
18250,5227,4434,146.53799999999998
18251,4435,4436,104.306
18252,4436,4435,104.306
18253,6097,4435,146.725
18254,4435,6097,146.725
18255,4435,6750,135.805
18256,6750,4435,135.805
18257,6749,4436,136.798
18258,4436,6749,136.798
18259,4436,7400,147.76399999999998
18260,4956,4436,147.219
18261,4437,6747,136.596
18262,6747,4437,136.596
18263,5629,4437,146.696
18264,4437,5629,146.696
18265,4438,4439,106.054
18266,4439,4438,106.054
18267,4438,6744,139.35
18268,6744,4438,139.35
18269,5080,4438,146.729
18270,4438,5080,146.729
18271,9102,4439,146.80299999999997
18272,4439,9102,146.80299999999997
18273,4439,7233,138.97899999999998
18274,7233,4439,138.97899999999998
18275,4440,7230,137.612
18276,7230,4440,137.612
18277,4902,4440,144.59900000000002
18278,4440,4902,144.59900000000002
18279,4441,7584,13.334
18280,7584,4441,13.334
18281,5835,4441,90.854
18282,4441,5835,90.854
18283,8481,4442,87.808
18284,4442,8481,87.808
18285,4442,8720,3.382
18286,8720,4442,3.382
18287,4442,4443,106.948
18288,4443,4442,106.948
18289,4447,4448,64.594
18290,4448,4447,64.594
18291,6353,4447,202.373
18292,4447,6353,202.373
18293,6354,4448,202.372
18294,4448,6354,202.372
18295,4449,4450,97.318
18296,4450,4449,97.318
18297,4449,4593,103.061
18298,4593,4449,103.061
18299,5123,4449,105.784
18300,4450,4451,104.655
18301,4451,4450,104.655
18302,4450,5124,106.155
18303,4958,4451,103.033
18304,4451,4958,103.033
18305,4451,4959,106.374
18306,4959,4451,106.374
18307,7039,4452,93.545
18308,4452,7039,93.545
18309,4452,5125,104.962
18310,5125,4452,104.962
18311,4453,5120,104.592
18312,6419,4453,283.067
18313,9312,4453,104.911
18314,4454,5183,103.907
18315,5121,4454,103.871
18316,4455,7692,82.291
18317,7692,4455,82.291
18318,4459,4456,13.117
18319,7174,4456,140.688
18320,7174,4457,12.858
18321,4457,7174,12.858
18322,4457,8208,83.20099999999998
18323,8208,4457,83.20099999999998
18324,4459,4457,136.464
18325,7176,4458,13.265
18326,4458,7176,13.265
18327,8736,4458,235.845
18328,7002,4459,86.18499999999999
18329,4460,7941,227.43
18330,7941,4460,227.43
18331,4625,4460,86.26700000000001
18332,4460,4625,86.26700000000001
18333,4460,4461,203.06000000000003
18334,4461,4460,203.06000000000003
18335,4461,4799,169.481
18336,4799,4461,169.481
18337,4461,4462,202.33
18338,4462,4461,202.33
18339,4462,5705,167.181
18340,5705,4462,167.181
18341,7212,4462,183.628
18342,4462,7212,183.628
18343,4546,4463,423.47
18344,4463,4546,423.47
18345,4463,5832,87.946
18346,5832,4463,87.946
18347,4464,7465,71.715
18348,7465,4464,71.715
18349,4464,4465,119.601
18350,4465,4464,119.601
18351,4465,5098,93.029
18352,4465,5938,92.194
18353,5938,4465,92.194
18354,4465,4466,263.085
18355,4466,4465,263.085
18356,5939,4466,79.07
18357,4466,5939,79.07
18358,7121,4467,9.351
18359,4467,7121,9.351
18360,4467,7570,63.98700000000001
18361,7570,4467,63.98700000000001
18362,4467,4468,102.058
18363,8535,4467,10.36
18364,7122,4468,9.656
18365,4468,7122,9.656
18366,4468,4469,83.569
18367,7123,4469,7.999
18368,4469,7123,7.999
18369,4469,4470,82.08699999999999
18370,7124,4470,8.004
18371,4470,7124,8.004
18372,4470,4471,81.571
18373,4470,8506,79.193
18374,8506,4470,79.193
18375,7125,4471,7.922
18376,4471,7125,7.922
18377,4471,4472,83.253
18378,7126,4472,8.023
18379,4472,7126,8.023
18380,4472,8507,79.321
18381,8507,4472,79.321
18382,4472,4473,82.051
18383,7127,4473,9.875
18384,4473,7127,9.875
18385,4473,4474,75.138
18386,4474,8373,14.024
18387,7128,4474,13.082999999999998
18388,7129,4475,9.129
18389,4475,7129,9.129
18390,8373,4475,76.071
18391,7131,4476,8.401
18392,4476,7131,8.401
18393,4477,6400,71.324
18394,6400,4477,71.324
18395,4887,4477,63.038
18396,4477,4887,63.038
18397,4477,7571,181.429
18398,7571,4477,181.429
18399,4478,4477,146.94299999999998
18400,4477,4478,146.94299999999998
18401,4478,9468,7.712999999999999
18402,4478,9470,88.69000000000001
18403,9470,4478,88.69000000000001
18404,9471,4478,31.403
18405,4478,9471,31.403
18406,9469,4478,8.716000000000001
18407,4479,7627,8.423
18408,4479,6692,96.682
18409,4479,6693,166.92100000000002
18410,8252,4479,81.338
18411,4480,8528,54.907
18412,5456,4480,181.089
18413,6693,4480,19.064
18414,7308,4481,8.794
18415,4481,7308,8.794
18416,4481,4798,104.899
18417,5049,4481,52.690000000000005
18418,4522,4482,53.67
18419,4482,4522,53.67
18420,4482,4523,104.931
18421,4523,4482,104.931
18422,4482,4483,146.332
18423,4483,4482,146.332
18424,6472,4483,53.181
18425,4483,6472,53.181
18426,4483,6473,105.282
18427,6473,4483,105.282
18428,4483,4484,146.72
18429,4484,4483,146.72
18430,4484,5810,53.94800000000001
18431,5810,4484,53.94800000000001
18432,5809,4484,104.948
18433,4484,5809,104.948
18434,4484,4485,146.175
18435,4485,4484,146.175
18436,4795,4485,105.237
18437,4485,4795,105.237
18438,4485,6184,105.047
18439,6184,4485,105.047
18440,4485,4486,146.42899999999997
18441,4486,4485,146.42899999999997
18442,4486,4487,144.328
18443,4487,4486,144.328
18444,4486,5133,104.954
18445,5133,4486,104.954
18446,7981,4486,105.347
18447,4486,7981,105.347
18448,4487,7142,8.253
18449,7142,4487,8.253
18450,4487,5318,104.97
18451,8530,4487,105.369
18452,4488,5172,105.117
18453,5172,4488,105.117
18454,4488,8577,281.882
18455,8577,4488,281.882
18456,4488,4489,147.86100000000002
18457,4489,4488,147.86100000000002
18458,4489,5145,105.028
18459,5145,4489,105.028
18460,4489,4490,117.168
18461,4490,4489,117.168
18462,4784,4490,103.539
18463,4490,4784,103.539
18464,4491,4785,105.122
18465,4785,4491,105.122
18466,4491,4492,141.729
18467,4492,4491,141.729
18468,6624,4491,105.098
18469,4491,6624,105.098
18470,4492,4493,146.223
18471,4493,4492,146.223
18472,4786,4492,104.676
18473,4492,4786,104.676
18474,4492,6467,105.09799999999998
18475,6467,4492,105.09799999999998
18476,5202,4493,105.253
18477,4493,5202,105.253
18478,4493,4788,104.692
18479,4788,4493,104.692
18480,5689,4494,105.392
18481,4494,5689,105.392
18482,4494,4495,43.997
18483,4495,4494,43.997
18484,4495,4789,104.593
18485,4789,4495,104.593
18486,4495,4496,102.631
18487,4496,4495,102.631
18488,4909,4496,105.30100000000002
18489,4496,4909,105.30100000000002
18490,4496,4790,104.777
18491,4790,4496,104.777
18492,4496,4497,148.85199999999998
18493,4497,4496,148.85199999999998
18494,4497,4791,103.027
18495,4791,4497,103.027
18496,6361,4497,105.086
18497,4497,6361,105.086
18498,8218,4498,26.874
18499,4498,8218,26.874
18500,8216,4498,322.837
18501,4500,4501,90.377
18502,4501,4500,90.377
18503,4501,4502,68.406
18504,4502,4501,68.406
18505,4772,4501,116.143
18506,4501,4772,116.143
18507,4502,4503,16.475
18508,4503,4502,16.475
18509,4503,5532,72.119
18510,5532,4503,72.119
18511,4503,4504,63.672
18512,4504,4503,63.672
18513,4504,7685,158.892
18514,7685,4504,158.892
18515,4567,4506,140.72
18516,4506,4567,140.72
18517,4507,4562,140.462
18518,4562,4507,140.462
18519,4508,4509,90.922
18520,4509,4508,90.922
18521,6314,4508,140.147
18522,4508,6314,140.147
18523,4509,4510,90.837
18524,4510,4509,90.837
18525,4510,4511,91.669
18526,4511,4510,91.669
18527,6324,4511,140.449
18528,4511,6324,140.449
18529,4512,4513,109.276
18530,4513,4512,109.276
18531,4603,4513,94.83
18532,4513,4603,94.83
18533,4514,4515,396.1479999999999
18534,4515,4514,396.1479999999999
18535,8637,4514,31.777
18536,4514,8637,31.777
18537,4514,6363,37.065
18538,6363,4514,37.065
18539,4515,5860,99.501
18540,4515,7535,64.47200000000001
18541,7535,4515,64.47200000000001
18542,4516,8772,146.311
18543,8772,4516,146.311
18544,4517,7862,47.072
18545,7862,4517,47.072
18546,4517,6478,146.551
18547,6478,4517,146.551
18548,4518,4519,91.856
18549,4519,4518,91.856
18550,4519,4520,52.949
18551,4520,4519,52.949
18552,4520,5897,146.17499999999998
18553,5897,4520,146.17499999999998
18554,4520,4521,52.151
18555,4521,4520,52.151
18556,4521,4792,146.409
18557,4792,4521,146.409
18558,4521,4522,51.655
18559,4522,4521,51.655
18560,4523,6473,146.405
18561,6473,4523,146.405
18562,9807,4523,17.022000000000002
18563,4524,4525,52.309
18564,4525,4524,52.309
18565,4524,6080,146.392
18566,6768,4526,12.944
18567,4526,6768,12.944
18568,7633,4526,25.564
18569,4527,6770,12.909
18570,6770,4527,12.909
18571,4528,6772,12.863
18572,4528,4529,105.052
18573,7336,4528,279.834
18574,6773,4529,12.846
18575,4529,6773,12.846
18576,4529,4530,104.636
18577,4530,6774,12.826
18578,6774,4530,12.826
18579,4934,4530,60.857
18580,4530,4934,60.857
18581,4531,5921,73.436
18582,4533,4532,98.652
18583,4532,4533,98.652
18584,4532,5179,145.942
18585,5179,4532,145.942
18586,4533,6476,146.131
18587,6476,4533,146.131
18588,4534,4533,98.841
18589,4533,4534,98.841
18590,4535,4534,99.19
18591,4534,4535,99.19
18592,4534,5230,146.43800000000002
18593,5230,4534,146.43800000000002
18594,4535,6477,146.519
18595,6477,4535,146.519
18596,4536,4535,104.101
18597,4535,4536,104.101
18598,4536,4953,146.285
18599,4953,4536,146.285
18600,4537,5084,146.321
18601,5084,4537,146.321
18602,4538,4537,52.698
18603,4537,4538,52.698
18604,4538,8607,52.708
18605,8607,4538,52.708
18606,7268,4538,42.093
18607,4538,7268,42.093
18608,4539,7268,10.585
18609,7268,4539,10.585
18610,4539,6460,146.32600000000002
18611,4541,4540,144.86
18612,4540,4541,144.86
18613,4540,5348,84.732
18614,5348,4540,84.732
18615,4541,5349,85.245
18616,5349,4541,85.245
18617,4542,5350,84.685
18618,5350,4542,84.685
18619,4542,7303,238.5
18620,7303,4542,238.5
18621,4543,4544,281.742
18622,4544,4543,281.742
18623,5352,4543,144.483
18624,4543,5352,144.483
18625,4544,5353,86.964
18626,5353,4544,86.964
18627,6797,4545,161.34500000000003
18628,4545,6797,161.34500000000003
18629,4546,6797,72.67599999999999
18630,5831,4546,40.089
18631,4547,8903,42.36000000000001
18632,4547,8902,134.526
18633,8902,4547,134.526
18634,6104,4547,167.024
18635,4548,6838,207.092
18636,6838,4548,207.092
18637,4549,4550,207.962
18638,4550,4549,207.962
18639,6921,4551,204.534
18640,4551,6921,204.534
18641,4554,4555,207.818
18642,4555,4554,207.818
18643,4555,4556,207.117
18644,4556,4555,207.117
18645,8995,4556,92.635
18646,4556,8995,92.635
18647,4556,4557,135.32200000000003
18648,4557,4556,135.32200000000003
18649,4559,4560,141.494
18650,4560,4559,141.494
18651,4559,4880,116.972
18652,4880,4559,116.972
18653,4560,4561,140.334
18654,4561,4560,140.334
18655,4560,4879,44.888
18656,4879,4560,44.888
18657,4563,4564,140.685
18658,4564,4563,140.685
18659,9619,4564,90.683
18660,4564,9619,90.683
18661,4565,4566,139.81199999999998
18662,4566,4565,139.81199999999998
18663,4568,4569,140.87
18664,4569,4568,140.87
18665,4569,4570,140.22299999999998
18666,4570,4569,140.22299999999998
18667,4571,4643,113.741
18668,4643,4571,113.741
18669,8840,4571,94.538
18670,4571,8840,94.538
18671,6023,4572,44.973
18672,4572,6023,44.973
18673,4573,8619,136.53799999999998
18674,4573,4574,52.766
18675,4574,4573,52.766
18676,4972,4573,138.78500000000005
18677,8141,4573,105.253
18678,4574,8060,52.518
18679,8060,4574,52.518
18680,5824,4574,138.952
18681,9586,4574,128.945
18682,4575,6014,142.28300000000002
18683,6013,4575,135.921
18684,4576,4577,49.384
18685,6141,4576,135.77100000000002
18686,4577,4578,99.272
18687,4577,5187,55.914
18688,5188,4577,46.59
18689,4578,6175,46.721
18690,4578,4579,99.137
18691,5255,4578,55.349
18692,4579,4580,99.07
18693,4579,5222,135.749
18694,5223,4579,142.097
18695,4580,6582,142.132
18696,4580,4581,103.067
18697,6602,4580,116.267
18698,4581,7609,25.893
18699,7609,4581,25.893
18700,4964,4581,142.197
18701,4581,4964,142.197
18702,5610,4582,69.58
18703,4582,5610,69.58
18704,4582,8783,104.14
18705,8991,4583,47.142
18706,4583,8991,47.142
18707,4583,5074,143.184
18708,5074,4583,143.184
18709,4583,4584,105.65900000000002
18710,8148,4584,183.146
18711,4584,8148,183.146
18712,4584,6457,142.8
18713,6457,4584,142.8
18714,4586,7041,106.93
18715,4586,4896,142.48
18716,4896,4586,142.48
18717,7040,4586,133.403
18718,4586,7040,133.403
18719,4587,4591,31.963
18720,4587,6714,832.3000000000002
18721,4590,4587,565.5539999999999
18722,4588,8919,555.575
18723,4589,4588,230.00900000000004
18724,4591,4588,31.358
18725,4589,8916,10.525
18726,8916,4589,10.525
18727,8679,4589,225.69800000000004
18728,4589,8679,225.69800000000004
18729,6904,4590,28.762
18730,4591,8916,212.261
18731,4593,4594,81.84100000000001
18732,4594,4593,81.84100000000001
18733,4593,4958,201.62500000000003
18734,4958,4593,201.62500000000003
18735,4593,7818,177.00400000000002
18736,7818,4593,177.00400000000002
18737,4595,4735,81.563
18738,4735,4595,81.563
18739,4736,4596,72.136
18740,4596,4736,72.136
18741,4597,4598,178.248
18742,4598,4597,178.248
18743,4597,4737,78.801
18744,4737,4597,78.801
18745,4598,4738,79.054
18746,4738,4598,79.054
18747,4599,4739,79.174
18748,4739,4599,79.174
18749,4599,6795,129.6
18750,6795,4599,129.6
18751,4600,4601,83.427
18752,4601,4600,83.427
18753,4740,4600,79.29100000000001
18754,4601,5042,48.885
18755,5042,4601,48.885
18756,4601,4602,107.32
18757,4602,4601,107.32
18758,7351,4602,27.178
18759,4602,7351,27.178
18760,4602,7352,33.349000000000004
18761,4604,4927,115.761
18762,4927,4604,115.761
18763,4604,4927,225.47000000000003
18764,4927,4604,225.47000000000003
18765,4606,5907,133.804
18766,5907,4606,133.804
18767,4607,4606,75.63199999999999
18768,4607,5823,86.812
18769,5823,4607,86.812
18770,5822,4607,221.795
18771,4607,5822,221.795
18772,4608,9218,43.367
18773,4609,4608,52.866
18774,7443,4608,123.848
18775,8302,4608,96.482
18776,5908,4609,145.96
18777,4609,5908,145.96
18778,4609,7976,123.654
18779,7976,4609,123.654
18780,4610,5909,146.384
18781,5909,4610,146.384
18782,4610,7441,122.927
18783,4610,9245,105.331
18784,4611,4610,52.175
18785,4611,5910,146.402
18786,7441,4611,175.3
18787,9246,4611,52.636
18788,5912,4612,147.017
18789,4612,5912,147.017
18790,9250,4612,104.701
18791,4613,7982,10.514
18792,7982,4613,10.514
18793,4613,7334,52.693
18794,4614,4613,52.066
18795,4941,4614,146.594
18796,7313,4614,210.91100000000003
18797,5055,4615,146.299
18798,4616,5960,146.554
18799,5916,4616,146.25
18800,4617,8515,146.946
18801,8515,4617,146.946
18802,4617,9229,99.752
18803,9229,4617,99.752
18804,9533,4617,97.946
18805,4617,9533,97.946
18806,5229,4617,145.39999999999998
18807,4618,4954,146.34300000000002
18808,4954,4618,146.34300000000002
18809,9537,4618,146.15499999999997
18810,4618,9537,146.15499999999997
18811,4618,9533,104.117
18812,9533,4618,104.117
18813,4619,5632,146.29099999999997
18814,5632,4619,146.29099999999997
18815,5631,4619,146.261
18816,4619,5631,146.261
18817,4620,5083,146.594
18818,5083,4620,146.594
18819,5082,4620,146.04399999999998
18820,4620,5082,146.04399999999998
18821,7264,4620,94.92600000000002
18822,4620,7264,94.92600000000002
18823,4621,7264,10.607
18824,7264,4621,10.607
18825,4621,5959,146.62499999999997
18826,7305,4621,146.14499999999998
18827,4622,7876,10.079
18828,4622,7873,351.00700000000006
18829,7873,4622,351.00700000000006
18830,7877,4622,8.934
18831,8514,4622,426.342
18832,7255,4623,164.126
18833,4623,7255,164.126
18834,4623,8514,667.1219999999995
18835,8514,4623,667.1219999999995
18836,4624,9017,72.29
18837,9017,4624,72.29
18838,4624,8998,240.721
18839,8998,4624,240.721
18840,4625,7164,161.029
18841,7164,4625,161.029
18842,5698,4625,85.411
18843,4625,5698,85.411
18844,4626,6702,179.85399999999998
18845,6702,4626,179.85399999999998
18846,4626,5788,88.269
18847,5788,4626,88.269
18848,4627,6715,209.528
18849,4628,6252,61.499
18850,6252,4628,61.499
18851,4628,4629,163.995
18852,4629,4628,163.995
18853,4630,4628,69.547
18854,4628,4630,69.547
18855,4629,4630,127.546
18856,4630,4629,127.546
18857,5533,4629,69.059
18858,4629,5533,69.059
18859,5532,4630,213.675
18860,4630,5532,213.675
18861,4632,4633,120.451
18862,4633,4632,120.451
18863,4632,8638,207.512
18864,8638,4632,207.512
18865,4633,4634,53.457
18866,4634,4633,53.457
18867,4634,8638,171.721
18868,8638,4634,171.721
18869,4635,6329,44.912
18870,6329,4635,44.912
18871,4636,4635,117.43200000000002
18872,4635,4636,117.43200000000002
18873,5889,4635,35.922
18874,4636,6275,92.256
18875,4636,6276,48.38699999999999
18876,6276,4636,48.38699999999999
18877,4636,6574,708.994
18878,6574,4636,708.994
18879,7139,4637,8.161
18880,4637,7139,8.161
18881,4637,6218,62.959
18882,4637,9163,36.878
18883,9163,4637,36.878
18884,9164,4637,32.298
18885,4638,7900,99.529
18886,7900,4638,99.529
18887,5592,4639,83.37199999999999
18888,4639,5592,83.37199999999999
18889,4639,9657,126.157
18890,9657,4639,126.157
18891,7900,4639,33.883
18892,4639,7900,33.883
18893,9264,4640,289.81600000000003
18894,4640,9264,289.81600000000003
18895,4640,8041,88.403
18896,8041,4640,88.403
18897,5433,4641,94.54
18898,4641,5433,94.54
18899,6939,4641,204.532
18900,4641,6939,204.532
18901,4642,5434,94.5
18902,5434,4642,94.5
18903,4643,6899,12.006
18904,6899,4643,12.006
18905,4643,6807,94.204
18906,6808,4643,94.561
18907,4644,4645,207.933
18908,4645,4644,207.933
18909,4644,5436,94.288
18910,5436,4644,94.288
18911,4645,8839,207.978
18912,8839,4645,207.978
18913,4645,5437,94.315
18914,5437,4645,94.315
18915,4646,4647,207.897
18916,4647,4646,207.897
18917,4646,9443,18.493
18918,9443,4646,18.493
18919,5438,4646,94.293
18920,4646,5438,94.293
18921,4647,5439,94.287
18922,5439,4647,94.287
18923,4647,4648,207.506
18924,4648,4647,207.506
18925,4648,5402,94.271
18926,5402,4648,94.271
18927,4649,5440,94.222
18928,5440,4649,94.222
18929,4650,7704,200.677
18930,7704,4650,200.677
18931,6916,4650,204.509
18932,4650,6916,204.509
18933,4650,5442,94.32
18934,5442,4650,94.32
18935,4651,5443,94.209
18936,5443,4651,94.209
18937,8971,4651,94.297
18938,4651,8971,94.297
18939,7095,4651,200.923
18940,4651,7095,200.923
18941,4651,7134,207.582
18942,7134,4651,207.582
18943,4652,5444,94.6
18944,5444,4652,94.6
18945,4653,9877,7.454
18946,9877,4653,7.454
18947,9876,4653,4.208
18948,4653,9876,4.208
18949,4653,5445,95.34799999999998
18950,5445,4653,95.34799999999998
18951,4654,5446,95.549
18952,5446,4654,95.549
18953,4654,4655,207.693
18954,4655,4654,207.693
18955,9877,4654,200.35100000000003
18956,4654,9877,200.35100000000003
18957,4655,5396,93.844
18958,5396,4655,93.844
18959,4657,6830,207.304
18960,6830,4657,207.304
18961,8592,4657,208.073
18962,4657,8592,208.073
18963,4657,5448,94.374
18964,5448,4657,94.374
18965,4658,5449,94.434
18966,5449,4658,94.434
18967,4658,4659,207.704
18968,4659,4658,207.704
18969,4659,5450,94.455
18970,5450,4659,94.455
18971,4659,8884,208.016
18972,8884,4659,208.016
18973,4660,4661,170.863
18974,6416,4660,33.501
18975,4660,6416,33.501
18976,4661,4662,11.913
18977,4662,9462,51.169
18978,4664,5939,167.244
18979,5939,4664,167.244
18980,5938,4664,49.076
18981,4664,5938,49.076
18982,7191,4665,94.312
18983,4665,7191,94.312
18984,5010,4667,29.443
18985,4667,5010,29.443
18986,4667,4668,126.329
18987,4668,4667,126.329
18988,4667,5009,64.544
18989,5009,4667,64.544
18990,4670,4671,160.88899999999998
18991,4671,4670,160.88899999999998
18992,4670,5258,253.653
18993,5258,4670,253.653
18994,5160,4670,34.136
18995,4670,5160,34.136
18996,6815,4672,13.777
18997,4672,6815,13.777
18998,6860,4672,67.518
18999,4673,4674,163.184
19000,4674,4673,163.184
19001,4673,9656,62.3
19002,4673,7561,88.06899999999999
19003,6598,4673,77.20400000000001
19004,4674,5391,166.90500000000003
19005,5391,4674,166.90500000000003
19006,6598,4674,96.552
19007,4674,6598,96.552
19008,4675,8857,124.007
19009,8857,4675,124.007
19010,4676,6846,207.207
19011,6846,4676,207.207
19012,5500,4676,94.383
19013,4676,5500,94.383
19014,5501,4677,94.197
19015,4677,5501,94.197
19016,4677,4678,207.819
19017,4678,4677,207.819
19018,5502,4678,94.138
19019,4678,5502,94.138
19020,4678,9276,13.548
19021,9276,4678,13.548
19022,5497,4679,94.462
19023,4679,5497,94.462
19024,4679,4680,207.485
19025,4680,4679,207.485
19026,8953,4679,207.765
19027,4679,8953,207.765
19028,4680,7995,206.784
19029,7995,4680,206.784
19030,4680,5399,94.409
19031,5399,4680,94.409
19032,5493,4681,94.496
19033,4681,5493,94.496
19034,6934,4681,204.522
19035,4681,6934,204.522
19036,5494,4682,94.473
19037,4682,5494,94.473
19038,4683,9034,156.871
19039,9034,4683,156.871
19040,6973,4683,214.524
19041,4683,6973,214.524
19042,9022,4683,77.446
19043,4683,9022,77.446
19044,4924,4684,83.959
19045,4684,4924,83.959
19046,4685,7630,13.816
19047,7630,4685,13.816
19048,9684,4685,142.288
19049,4685,9684,142.288
19050,4685,4926,86.445
19051,9500,4685,83.626
19052,4686,4687,289.848
19053,4687,4686,289.848
19054,4686,4922,82.976
19055,4687,4923,82.616
19056,4923,4687,82.616
19057,4687,4688,49.216
19058,4688,4687,49.216
19059,4689,4690,115.705
19060,4690,4689,115.705
19061,8655,4689,90.405
19062,4689,8655,90.405
19063,4691,4692,89.934
19064,4692,4691,89.934
19065,4694,4691,76.28699999999999
19066,4691,4694,76.28699999999999
19067,4692,8423,23.428
19068,8423,4692,23.428
19069,4694,4692,55.731
19070,4692,4694,55.731
19071,4693,9634,253.933
19072,9634,4693,253.933
19073,4695,4771,94.683
19074,4771,4695,94.683
19075,4695,4696,38.994
19076,5512,4696,94.234
19077,4696,5512,94.234
19078,4698,4697,317.36400000000003
19079,6737,4698,5.651
19080,6941,4699,204.536
19081,4699,6941,204.536
19082,4699,5504,94.514
19083,5504,4699,94.514
19084,5505,4700,94.483
19085,4700,5505,94.483
19086,5506,4701,94.383
19087,4701,5506,94.383
19088,9869,4702,59.527
19089,4702,9869,59.527
19090,4702,9870,7.006
19091,9870,4702,7.006
19092,4702,9871,61.30800000000001
19093,9871,4702,61.30800000000001
19094,9868,4702,7.952999999999999
19095,4702,9868,7.952999999999999
19096,5508,4703,94.304
19097,4703,5508,94.304
19098,4703,4704,207.498
19099,4704,4703,207.498
19100,9870,4703,200.98
19101,4703,9870,200.98
19102,5404,4704,94.297
19103,4704,5404,94.297
19104,6482,4705,99.184
19105,4706,8886,169.72300000000004
19106,8886,4706,169.72300000000004
19107,5509,4706,94.019
19108,4706,5509,94.019
19109,4706,8830,94.812
19110,8830,4706,94.812
19111,5510,4707,94.368
19112,4707,5510,94.368
19113,4707,4708,207.881
19114,4708,4707,207.881
19115,5511,4708,94.474
19116,4708,5511,94.474
19117,4708,8837,208.014
19118,8837,4708,208.014
19119,6710,4709,12.412
19120,4709,6710,12.412
19121,4709,9639,138.585
19122,4709,6147,40.815
19123,6147,4709,40.815
19124,6712,4710,12.403
19125,4710,6712,12.403
19126,4710,4711,207.636
19127,4710,5870,40.93599999999999
19128,5870,4710,40.93599999999999
19129,6713,4711,12.396
19130,4711,6713,12.396
19131,4711,6469,40.937
19132,6469,4711,40.937
19133,4874,4712,70.273
19134,4712,4874,70.273
19135,4713,4712,165.576
19136,5298,4713,69.60300000000001
19137,4713,5298,69.60300000000001
19138,6439,4714,140.96
19139,4714,6439,140.96
19140,4714,6621,82.923
19141,6621,4714,82.923
19142,4716,5848,203.744
19143,5848,4716,203.744
19144,8157,4716,274.505
19145,4716,8157,274.505
19146,4716,4717,79.533
19147,4717,4716,79.533
19148,7474,4716,68.378
19149,4716,7474,68.378
19150,4717,5849,203.999
19151,5849,4717,203.999
19152,6235,4717,149.369
19153,4717,6235,149.369
19154,4718,4848,204.07800000000003
19155,4848,4718,204.07800000000003
19156,4847,4718,149.07600000000002
19157,4718,4847,149.07600000000002
19158,4719,5850,204.424
19159,5850,4719,204.424
19160,7696,4719,147.162
19161,4719,7696,147.162
19162,4720,6048,98.388
19163,6048,4720,98.388
19164,5852,4720,287.225
19165,4721,8425,133.941
19166,4721,4722,231.796
19167,4722,4721,231.796
19168,8424,4721,102.709
19169,4722,4723,115.41
19170,4723,4722,115.41
19171,6408,4722,110.782
19172,4722,6408,110.782
19173,4722,5945,117.575
19174,5945,4722,117.575
19175,4723,5946,122.113
19176,5946,4723,122.113
19177,8420,4723,260.076
19178,4723,8420,260.076
19179,6188,4725,86.82900000000001
19180,4725,6188,86.82900000000001
19181,4726,5925,83.201
19182,5925,4726,83.201
19183,4726,4727,201.885
19184,4727,4726,201.885
19185,6032,4726,80.444
19186,4726,6032,80.444
19187,4727,4728,201.092
19188,4728,4727,201.092
19189,4727,5926,82.15100000000001
19190,5926,4727,82.15100000000001
19191,6033,4727,80.984
19192,4727,6033,80.984
19193,4728,4729,201.705
19194,4729,4728,201.705
19195,4728,5927,82.45199999999998
19196,5927,4728,82.45199999999998
19197,6035,4728,82.23499999999999
19198,4728,6035,82.23499999999999
19199,4729,4730,201.144
19200,4730,4729,201.144
19201,4729,5243,82.811
19202,5243,4729,82.811
19203,5242,4729,81.679
19204,4729,5242,81.679
19205,4730,4731,201.225
19206,4731,4730,201.225
19207,4730,6036,81.83099999999999
19208,6036,4730,81.83099999999999
19209,5928,4730,82.093
19210,4730,5928,82.093
19211,4731,5384,82.51100000000001
19212,5384,4731,82.51100000000001
19213,5383,4731,81.799
19214,4731,5383,81.799
19215,4732,5755,81.802
19216,5755,4732,81.802
19217,5754,4732,82.787
19218,4732,5754,82.787
19219,4733,6370,75.828
19220,6370,4733,75.828
19221,4733,7109,206.11
19222,7109,4733,206.11
19223,4734,8203,22.709
19224,8203,4734,22.709
19225,4734,4735,144.294
19226,4735,4734,144.294
19227,8181,4736,144.038
19228,4736,8181,144.038
19229,4737,4738,178.63
19230,4738,4737,178.63
19231,4738,8189,82.641
19232,8189,4738,82.641
19233,4739,8191,82.47999999999999
19234,8191,4739,82.47999999999999
19235,4739,6798,124.941
19236,6798,4739,124.941
19237,6798,4740,10.45
19238,4740,6798,10.45
19239,4740,4741,102.605
19240,4741,4740,102.605
19241,4741,8639,26.835
19242,8639,4741,26.835
19243,5042,4741,45.59
19244,4742,9799,20.919
19245,9799,4742,21.208
19246,8639,4742,21.469
19247,4742,8639,21.469
19248,9800,4742,87.45400000000001
19249,4743,4744,42.354
19250,4744,4743,42.354
19251,4744,4745,66.097
19252,4745,4744,66.097
19253,4763,4744,164.39600000000002
19254,4744,4763,164.39600000000002
19255,4745,5558,149.819
19256,5558,4745,149.819
19257,4748,6188,84.308
19258,6188,4748,84.308
19259,6405,4748,84.399
19260,4748,6405,84.399
19261,4750,4751,93.371
19262,4751,4750,93.371
19263,4751,6326,84.312
19264,6326,4751,84.312
19265,7660,4751,152.88
19266,4751,7660,152.88
19267,5815,4752,158.409
19268,4752,5815,158.409
19269,4753,4755,23.501
19270,4755,4753,23.501
19271,9853,4753,79.629
19272,4753,9853,79.629
19273,4754,4755,181.758
19274,4754,7074,82.438
19275,4755,7075,82.164
19276,7075,4755,82.164
19277,4757,8028,8.114
19278,8028,4757,8.114
19279,4757,8023,115.89
19280,4758,4757,47.771
19281,4758,8029,10.215
19282,8029,4758,10.215
19283,4759,4758,122.821
19284,4761,4759,10.122
19285,4759,4761,10.122
19286,7042,4759,141.198
19287,8014,4760,174.97899999999998
19288,4760,8014,174.97899999999998
19289,5108,4761,139.166
19290,4761,5108,139.166
19291,4764,4765,185.762
19292,4765,4764,185.762
19293,4764,5760,82.55799999999999
19294,5760,4764,82.55799999999999
19295,4765,4766,201.856
19296,4766,4765,201.856
19297,6338,4765,79.042
19298,4765,6338,79.042
19299,4765,5761,81.951
19300,5761,4765,81.951
19301,4766,4767,200.82
19302,4767,4766,200.82
19303,4766,5241,81.907
19304,5241,4766,81.907
19305,5240,4766,80.99199999999999
19306,4766,5240,80.99199999999999
19307,4767,4768,201.655
19308,4768,4767,201.655
19309,4767,6412,79.28500000000001
19310,6412,4767,79.28500000000001
19311,5762,4767,82.571
19312,4767,5762,82.571
19313,4768,5382,82.44
19314,5382,4768,82.44
19315,5381,4768,78.946
19316,4768,5381,78.946
19317,4769,5753,84.97399999999999
19318,5753,4769,84.97399999999999
19319,5752,4769,75.86099999999999
19320,4769,5752,75.86099999999999
19321,4770,4786,73.32300000000001
19322,4786,4770,73.32300000000001
19323,4785,4770,71.086
19324,4770,4785,71.086
19325,4771,5512,38.347
19326,6923,4773,205.774
19327,4773,6923,205.774
19328,5118,4773,94.153
19329,4773,5118,94.153
19330,4774,8942,47.536
19331,8942,4774,47.536
19332,8688,4775,99.118
19333,4775,8688,99.118
19334,4777,8831,208.169
19335,8831,4777,208.169
19336,8829,4777,207.657
19337,4777,8829,207.657
19338,4777,5119,93.473
19339,5119,4777,93.473
19340,4778,7173,647.4169999999999
19341,4779,7894,131.961
19342,4780,4781,72.311
19343,4781,4780,72.311
19344,4780,8242,68.343
19345,8242,4780,68.343
19346,8233,4781,134.49900000000002
19347,4781,8233,134.49900000000002
19348,4782,4783,109.6
19349,4783,4782,109.6
19350,4782,9109,127.272
19351,9109,4782,127.272
19352,4782,5531,47.575
19353,8428,4782,47.742
19354,4783,8427,91.282
19355,8427,4783,91.282
19356,4783,8429,245.72400000000005
19357,8429,4783,245.72400000000005
19358,4783,8429,288.64200000000005
19359,8429,4783,288.64200000000005
19360,4787,4786,72.974
19361,4786,4787,72.974
19362,4788,4787,73.27900000000001
19363,4787,4788,73.27900000000001
19364,4789,5685,104.921
19365,5685,4789,104.921
19366,4790,4789,102.751
19367,4789,4790,102.751
19368,4791,4790,148.91199999999998
19369,4790,4791,148.91199999999998
19370,4790,4910,104.877
19371,4910,4790,104.877
19372,4791,6362,106.843
19373,6362,4791,106.843
19374,4792,4793,146.679
19375,4793,4792,146.679
19376,4792,6472,51.795
19377,6472,4792,51.795
19378,5897,4792,52.233
19379,4792,5897,52.233
19380,4793,4794,73.068
19381,4794,4793,73.068
19382,5810,4793,51.382000000000005
19383,4793,5810,51.382000000000005
19384,4793,5811,52.298
19385,5811,4793,52.298
19386,6040,4794,106.999
19387,4794,6040,106.999
19388,4794,4795,73.129
19389,4795,4794,73.129
19390,9243,4795,105.871
19391,4795,9243,105.871
19392,4795,4796,76.47800000000001
19393,4796,4795,76.47800000000001
19394,4796,5058,96.729
19395,5058,4796,96.729
19396,4796,7981,69.898
19397,7981,4796,69.898
19398,4798,7088,27.744
19399,4799,4800,85.167
19400,4800,4799,85.167
19401,4799,5705,201.992
19402,5705,4799,201.992
19403,4800,4801,89.707
19404,4801,4800,89.707
19405,4800,5260,202.42
19406,5260,4800,202.42
19407,4802,9609,85.223
19408,9609,4802,85.223
19409,4802,5707,201.291
19410,5707,4802,201.291
19411,5700,4802,203.528
19412,4802,5700,203.528
19413,9609,4803,13.586
19414,4803,9609,13.586
19415,4803,9105,40.38
19416,9105,4803,40.38
19417,4803,9106,24.669
19418,6158,4803,99.159
19419,9609,4804,85.747
19420,4804,9609,85.747
19421,4804,6158,66.699
19422,6158,4804,66.699
19423,5702,4804,203.069
19424,4804,5702,203.069
19425,4805,8153,28.823
19426,8153,4805,28.823
19427,8161,4805,50.75
19428,4805,8161,50.75
19429,4805,4806,223.196
19430,4806,4805,223.196
19431,5800,4806,90.548
19432,4806,5800,90.548
19433,9652,4807,85.269
19434,4807,9652,85.269
19435,4807,8347,126.336
19436,8347,4807,126.336
19437,4808,6254,82.971
19438,6254,4808,82.971
19439,4809,4810,178.162
19440,4810,4809,178.162
19441,6255,4809,78.415
19442,4809,6255,78.415
19443,6256,4810,78.338
19444,4810,6256,78.338
19445,6100,4811,86.551
19446,4811,6100,86.551
19447,4811,5833,131.292
19448,5833,4811,131.292
19449,4812,4813,113.1
19450,4813,4812,113.1
19451,8595,4812,39.748
19452,9043,4813,5.46
19453,4813,9043,5.46
19454,4814,7347,18.525
19455,4814,9043,34.714
19456,9043,4814,34.714
19457,4815,9044,225.385
19458,5430,4815,37.31
19459,4816,7850,43.722
19460,6985,4816,33.015
19461,8164,4816,50.133
19462,4817,9564,65.572
19463,4817,4828,364.488
19464,8223,4818,68.994
19465,4818,8223,68.994
19466,4818,4819,113.869
19467,8656,4818,198.928
19468,4819,8220,52.746
19469,4819,8259,80.80599999999998
19470,8264,4820,172.219
19471,6990,4821,11.755
19472,4821,6990,11.755
19473,4821,8463,223.765
19474,8459,4821,135.865
19475,4822,8459,31.292
19476,4822,7565,30.429
19477,8465,4822,19.43
19478,4823,6989,19.221
19479,4823,8465,28.154
19480,4824,6987,12.508
19481,6987,4824,12.508
19482,7849,4824,78.44399999999999
19483,4825,8173,106.202
19484,4825,8168,83.607
19485,4827,7248,30.061
19486,7249,4827,27.367999999999995
19487,4828,5589,9.528
19488,7248,4828,11.153
19489,4829,5362,75.333
19490,5362,4829,75.333
19491,4829,4830,197.448
19492,8460,4829,65.90899999999999
19493,4830,6045,82.071
19494,6045,4830,82.071
19495,4830,6988,114.42100000000002
19496,4831,7851,31.3
19497,4831,7368,17.752
19498,5563,4831,34.361
19499,4832,8615,177.53500000000005
19500,8615,4832,177.53500000000005
19501,4832,8131,72.712
19502,8131,4832,72.712
19503,9258,4833,84.41399999999999
19504,4833,9258,84.41399999999999
19505,4833,9632,285.09
19506,9632,4833,285.09
19507,7446,4834,240.493
19508,4834,7446,240.493
19509,9632,4834,285.40200000000004
19510,4834,9632,285.40200000000004
19511,4835,9368,78.8
19512,4835,8627,142.75400000000002
19513,8627,4835,142.75400000000002
19514,8313,4835,79.908
19515,9612,4836,83.573
19516,4836,9612,83.573
19517,4836,8138,105.14
19518,8138,4836,105.14
19519,6580,4836,147.39099999999996
19520,4837,9353,4.264
19521,9356,4837,3.959
19522,9185,4838,44.185
19523,4838,9185,44.185
19524,4838,5189,145.96200000000002
19525,4838,9184,51.545
19526,9184,4838,54.784
19527,4839,4840,99.012
19528,4840,4839,99.012
19529,4839,9185,55.16
19530,9185,4839,58.04800000000001
19531,6581,4839,146.464
19532,4840,5223,146.846
19533,4840,9607,146.06799999999998
19534,4840,4841,99.453
19535,4841,4840,99.453
19536,4841,4842,102.118
19537,4842,4841,102.118
19538,6371,4841,108.683
19539,4842,4966,44.904
19540,4842,4965,109.231
19541,4965,4842,109.231
19542,9538,4842,27.153
19543,9467,4843,136.909
19544,4843,9467,136.909
19545,4844,4845,106.66500000000002
19546,4845,4844,106.66500000000002
19547,4844,7616,112.497
19548,7616,4844,112.497
19549,5074,4844,146.06699999999998
19550,4844,5074,146.06699999999998
19551,6457,4845,146.03799999999998
19552,4845,6457,146.03799999999998
19553,4896,4846,145.789
19554,4846,4896,145.789
19555,4848,8160,79.344
19556,8160,4848,79.344
19557,4849,4850,17.616
19558,4850,4849,17.616
19559,4849,7098,220.557
19560,8151,4849,118.528
19561,4851,5919,47.725
19562,5919,4851,47.725
19563,4852,6244,85.364
19564,6244,4852,85.364
19565,4853,6539,42.659
19566,6329,4853,59.861
19567,4853,6329,59.861
19568,4854,4853,50.512
19569,4854,6539,32.99
19570,6539,4854,32.99
19571,8362,4854,133.112
19572,4855,5883,182.937
19573,5883,4855,182.937
19574,4855,5940,77.074
19575,5940,4855,77.074
19576,5939,4855,54.699
19577,4855,5939,54.699
19578,4856,9019,97.97299999999998
19579,9019,4856,97.97299999999998
19580,6383,4856,74.988
19581,4856,6383,74.988
19582,4857,4858,79.026
19583,4858,4857,79.026
19584,4858,4859,51.956
19585,4859,4858,51.956
19586,5544,4859,60.632
19587,4859,5544,60.632
19588,4859,7934,152.471
19589,7934,4859,152.471
19590,4860,4861,109.62
19591,4861,4860,109.62
19592,9333,4860,161.834
19593,4860,9333,161.834
19594,4860,5775,79.119
19595,5775,4860,79.119
19596,4861,4862,104.567
19597,4862,4861,104.567
19598,4861,6358,79.056
19599,6358,4861,79.056
19600,4863,6850,207.77400000000003
19601,6850,4863,207.77400000000003
19602,4864,4865,208.008
19603,4865,4864,208.008
19604,4865,8870,207.919
19605,8870,4865,207.919
19606,6905,4866,204.53500000000005
19607,4866,6905,204.53500000000005
19608,4869,4870,207.83
19609,4870,4869,207.83
19610,4870,4871,207.218
19611,4871,4870,207.218
19612,4871,8935,94.291
19613,8935,4871,94.291
19614,4872,4873,100.808
19615,4873,4872,100.808
19616,4873,5766,61.869
19617,5766,4873,61.869
19618,9688,4873,14.382
19619,4873,9688,14.382
19620,4874,5767,76.533
19621,5767,4874,76.533
19622,9688,4874,141.373
19623,4874,9688,141.373
19624,6416,4874,77.423
19625,4874,6416,77.423
19626,4875,6129,76.331
19627,6129,4875,76.331
19628,6264,4875,88.84299999999999
19629,4875,6264,88.84299999999999
19630,6300,4876,84.29
19631,4876,6300,84.29
19632,5256,4877,200.864
19633,4877,5256,200.864
19634,4879,4880,91.121
19635,4880,4879,91.121
19636,4881,4882,128.257
19637,4882,4881,128.257
19638,4882,4883,121.11
19639,4883,4882,121.11
19640,4885,8443,118.453
19641,8443,4885,118.453
19642,4886,6441,40.208
19643,6441,4886,40.208
19644,4887,4888,66.017
19645,4888,4887,66.017
19646,6399,4887,60.741
19647,4887,6399,60.741
19648,7668,4889,46.299
19649,4889,7668,46.299
19650,4889,5559,45.196
19651,5559,4889,45.196
19652,4889,7669,21.851
19653,7669,4889,21.851
19654,5955,4890,201.385
19655,4890,5955,201.385
19656,4890,6704,90.837
19657,6704,4890,90.837
19658,4891,4992,201.567
19659,4992,4891,201.567
19660,4891,4892,82.67
19661,4892,4891,82.67
19662,4892,4893,77.742
19663,4893,4892,77.742
19664,8452,4894,78.247
19665,4894,8452,78.247
19666,4895,9365,5.0
19667,9365,4895,5.0
19668,4895,8083,25.475
19669,4895,8381,480.08
19670,8698,4895,145.668
19671,9364,4895,33.504
19672,4897,4898,146.32999999999998
19673,4898,4897,146.32999999999998
19674,4898,4899,115.197
19675,4899,4898,115.197
19676,4899,9602,14.85
19677,9602,4899,14.85
19678,4899,6377,49.673
19679,6377,4899,49.673
19680,9076,4899,106.813
19681,4899,9076,106.813
19682,4900,9603,7.487
19683,6377,4900,35.082
19684,9602,4900,19.717
19685,8388,4901,105.599
19686,4901,8388,105.599
19687,4901,4902,148.49
19688,4902,4901,148.49
19689,9603,4901,137.323
19690,4901,9603,137.323
19691,7230,4903,15.94
19692,4903,7230,15.94
19693,7364,4903,97.423
19694,4904,8755,85.74999999999999
19695,8755,4904,85.74999999999999
19696,8753,4904,53.588
19697,4904,8753,53.588
19698,4904,4905,148.599
19699,4905,4904,148.599
19700,4906,7071,105.523
19701,7071,4906,105.523
19702,4906,7208,94.859
19703,8725,4906,96.487
19704,4907,6395,88.574
19705,6395,4907,88.574
19706,4909,9809,129.185
19707,9809,4909,129.185
19708,5689,4909,146.543
19709,4909,5689,146.543
19710,4910,6362,148.703
19711,6362,4910,148.703
19712,5685,4910,102.736
19713,4910,5685,102.736
19714,4911,5128,121.041
19715,5128,4911,121.041
19716,5127,4911,128.375
19717,4911,5127,128.375
19718,4911,4912,104.78
19719,4912,4911,104.78
19720,4912,5968,121.047
19721,5968,4912,121.047
19722,5686,4912,128.35
19723,4912,5686,128.35
19724,5687,4913,128.666
19725,4913,5687,128.666
19726,5690,4914,146.278
19727,4914,5690,146.278
19728,4917,6540,73.059
19729,6540,4917,73.059
19730,7289,4918,83.79900000000002
19731,4918,7289,83.79900000000002
19732,4918,5144,112.67500000000004
19733,5144,4918,112.67500000000004
19734,6402,4919,58.67
19735,4919,6402,58.67
19736,4921,4920,73.93599999999999
19737,4920,4921,73.93599999999999
19738,4921,5704,57.14
19739,5704,4921,57.14
19740,8564,4921,53.306
19741,4921,8564,53.306
19742,4922,4923,290.776
19743,4923,4922,290.776
19744,7447,4924,192.392
19745,4924,7447,192.392
19746,4925,8051,39.93
19747,8051,4925,39.93
19748,9684,4925,85.62
19749,4925,9684,85.62
19750,4926,4925,137.614
19751,7629,4926,12.983
19752,4926,7629,12.983
19753,4926,7513,71.72200000000001
19754,4928,4929,98.994
19755,4929,4928,98.994
19756,4928,4928,75.598
19757,4929,4930,99.3
19758,4930,4929,99.3
19759,8913,4931,201.279
19760,4931,8913,201.279
19761,4931,6176,75.011
19762,6176,4931,75.011
19763,6550,4931,79.62800000000001
19764,4931,6550,79.62800000000001
19765,4932,6305,81.03
19766,6305,4932,81.03
19767,7401,4932,29.056
19768,4932,7401,29.056
19769,4969,4932,72.609
19770,4933,4934,20.347
19771,4934,4933,20.347
19772,4935,4936,146.27999999999997
19773,4935,8139,105.055
19774,5571,4935,104.717
19775,4936,6488,104.768
19776,4936,4937,146.244
19777,4937,4936,146.244
19778,8142,4936,105.309
19779,4937,4938,146.49300000000002
19780,4938,4937,146.49300000000002
19781,6373,4937,104.764
19782,4938,4939,146.33200000000002
19783,4939,4938,146.33200000000002
19784,4938,6304,104.771
19785,6095,4939,104.784
19786,4940,4941,135.47899999999998
19787,4940,6616,104.663
19788,9782,4940,8.145
19789,5914,4941,104.631
19790,9281,4943,146.506
19791,4943,9281,146.506
19792,5137,4943,104.528
19793,4943,5137,104.528
19794,4944,7152,8.314
19795,7152,4944,8.314
19796,5323,4944,104.485
19797,4945,8911,104.316
19798,8911,4945,104.316
19799,4945,5177,81.659
19800,5177,4945,81.659
19801,7398,4946,146.441
19802,4946,7398,146.441
19803,4946,7800,210.614
19804,7800,4946,210.614
19805,5575,4946,55.933
19806,4946,5575,55.933
19807,4946,9605,82.733
19808,9605,4946,82.733
19809,5169,4947,104.115
19810,4947,5169,104.115
19811,5151,4947,247.201
19812,4947,5151,247.201
19813,4948,5327,104.125
19814,5327,4948,104.125
19815,4949,4948,75.624
19816,4948,4949,75.624
19817,4949,7636,83.535
19818,7636,4949,83.535
19819,4950,4949,72.78399999999999
19820,4949,4950,72.78399999999999
19821,5140,4950,104.137
19822,4950,5140,104.137
19823,4951,4950,146.68
19824,4950,4951,146.68
19825,6180,4951,104.14
19826,4951,6180,104.14
19827,4952,4951,146.118
19828,4951,4952,146.118
19829,4953,4952,146.475
19830,4952,4953,146.475
19831,4952,5803,104.145
19832,5803,4952,104.145
19833,4953,6477,104.215
19834,6477,4953,104.215
19835,5958,4954,104.222
19836,4954,5958,104.222
19837,4955,9776,9.203
19838,9776,4955,9.203
19839,4955,9537,136.29100000000005
19840,9537,4955,136.29100000000005
19841,4955,6603,104.166
19842,4956,7821,12.084
19843,7821,4956,12.084
19844,7400,4956,8.656
19845,4956,7400,8.656
19846,4966,4956,835.2349999999999
19847,4957,9360,14.537
19848,9360,4957,14.537
19849,4957,5620,226.126
19850,6609,4957,344.51399999999995
19851,7038,4958,89.445
19852,4958,7038,89.445
19853,4960,4959,104.713
19854,4959,4960,104.713
19855,4959,5124,104.04800000000002
19856,4961,4960,75.54599999999999
19857,4960,4961,75.54599999999999
19858,6273,4960,104.192
19859,4960,6273,104.192
19860,5847,4961,104.053
19861,4961,5847,104.053
19862,6601,4962,103.70600000000002
19863,4962,6601,103.70600000000002
19864,4963,4962,67.253
19865,4962,4963,67.253
19866,5025,4962,76.236
19867,5026,4963,76.519
19868,4963,5026,76.519
19869,7608,4963,33.85
19870,4963,7608,33.85
19871,4965,4964,37.122
19872,4964,4965,37.122
19873,6582,4964,103.394
19874,4964,6582,103.394
19875,6371,4965,103.465
19876,4966,7398,103.851
19877,4967,5949,54.767
19878,5949,4967,54.767
19879,4967,4968,146.566
19880,4968,4967,146.566
19881,9606,4967,59.57299999999999
19882,4967,9606,59.57299999999999
19883,5950,4968,54.655
19884,4968,5950,54.655
19885,6352,4971,28.503
19886,4971,6352,28.503
19887,4972,5824,52.976
19888,4973,4974,146.283
19889,8139,4973,104.98699999999998
19890,4974,8142,104.703
19891,4974,4975,146.24
19892,4975,4976,146.587
19893,4976,4977,146.18800000000002
19894,4978,6555,52.818
19895,4978,5284,136.46
19896,9757,4978,10.608
19897,6495,4979,96.38
19898,4979,6495,96.38
19899,4979,4980,115.833
19900,4980,4979,115.833
19901,4980,4981,63.794
19902,4981,4980,63.794
19903,6491,4980,96.076
19904,4981,8194,102.792
19905,8194,4981,102.792
19906,5641,4981,96.3
19907,4981,5641,96.3
19908,6496,4982,96.001
19909,4982,6496,96.001
19910,4982,4983,178.408
19911,4983,4982,178.408
19912,4982,6492,96.475
19913,6492,4982,96.475
19914,6260,4983,96.051
19915,4983,6260,96.051
19916,4983,6261,96.369
19917,6261,4983,96.369
19918,9349,4984,137.767
19919,4984,9349,137.767
19920,4985,7215,110.25
19921,9377,4985,13.222
19922,4985,9377,13.222
19923,6419,4986,108.685
19924,4986,6419,108.685
19925,4987,4988,61.483
19926,8063,4988,179.239
19927,4989,9133,34.466
19928,4989,9131,270.466
19929,4989,7470,123.489
19930,4990,9719,138.212
19931,9719,4990,138.212
19932,6062,4990,541.478
19933,4990,6062,541.478
19934,4990,9878,54.004
19935,9878,4990,54.004
19936,4991,8377,166.155
19937,4992,6326,82.61900000000001
19938,6326,4992,82.61900000000001
19939,4994,4993,138.131
19940,4993,4994,138.131
19941,4994,6327,82.353
19942,6327,4994,82.353
19943,6317,4995,63.315
19944,4995,6317,63.315
19945,4995,6072,62.3
19946,6072,4995,62.3
19947,4996,4997,140.491
19948,4997,4996,140.491
19949,4996,5239,91.642
19950,5239,4996,91.642
19951,5238,4996,91.415
19952,4996,5238,91.415
19953,4997,6500,91.281
19954,6500,4997,91.281
19955,6318,4997,90.765
19956,4997,6318,90.765
19957,4999,7671,21.069000000000003
19958,7671,4999,21.069000000000003
19959,4999,7469,19.865
19960,4999,7666,751.6229999999999
19961,7207,4999,20.488
19962,5000,7663,232.941
19963,5000,7423,456.662
19964,5001,5002,90.03
19965,5002,5001,90.03
19966,5001,7081,150.099
19967,7081,5001,150.099
19968,9823,5001,36.214
19969,5001,9823,36.214
19970,5002,5003,89.967
19971,5003,5002,89.967
19972,5003,7082,129.214
19973,7082,5003,129.214
19974,5004,9449,215.858
19975,9449,5004,215.858
19976,5005,5004,158.38
19977,5004,5005,158.38
19978,9470,5005,73.625
19979,5005,9470,73.625
19980,8265,5005,14.261
19981,5005,8265,14.261
19982,6399,5006,133.70499999999998
19983,5006,6399,133.70499999999998
19984,5006,9471,89.994
19985,9471,5006,89.994
19986,9409,5006,129.569
19987,5006,9409,129.569
19988,6397,5007,83.04
19989,5007,6397,83.04
19990,5007,9406,97.491
19991,9406,5007,97.491
19992,9406,5007,100.79
19993,9410,5007,102.996
19994,5007,9410,102.996
19995,9410,5007,106.847
19996,5008,8564,181.647
19997,8564,5008,181.647
19998,5008,9410,22.234
19999,9410,5008,22.234
20000,5009,8563,83.57300000000001
20001,8563,5009,83.57300000000001
20002,6396,5010,100.582
20003,5010,6396,100.582
20004,5011,5750,46.206
20005,5750,5011,46.206
20006,5584,5011,103.92000000000002
20007,5011,5584,103.92000000000002
20008,5012,5011,58.828
20009,5011,5012,58.828
20010,5011,5012,62.845000000000006
20011,5012,5011,66.047
20012,5012,5791,42.495000000000005
20013,5791,5012,42.495000000000005
20014,9450,5013,15.595
20015,5013,9450,15.595
20016,5013,7429,42.554
20017,7429,5013,42.554
20018,5013,8266,112.334
20019,8266,5013,112.334
20020,5015,7755,79.81799999999998
20021,7755,5015,79.81799999999998
20022,5016,5017,118.325
20023,8629,5016,108.256
20024,5017,7469,685.7030000000001
20025,5018,7070,173.20300000000003
20026,7070,5018,173.20300000000003
20027,5018,8725,94.202
20028,7461,5018,94.091
20029,7373,5019,76.954
20030,5019,7373,76.954
20031,5019,7087,172.428
20032,7087,5019,172.428
20033,8368,5019,124.918
20034,5019,8368,124.918
20035,5020,5021,349.9139999999999
20036,5021,5020,349.9139999999999
20037,7566,5020,41.575
20038,5020,7566,41.575
20039,5020,5682,74.79199999999999
20040,5682,5020,74.79199999999999
20041,5021,7567,43.645
20042,7567,5021,43.645
20043,5683,5021,75.84600000000002
20044,5021,5683,75.84600000000002
20045,5022,9740,10.22
20046,5023,5024,90.29
20047,5024,5023,90.29
20048,8980,5023,76.666
20049,5023,8980,76.666
20050,5025,7958,20.675
20051,7958,5025,20.675
20052,5026,5025,69.845
20053,8823,5026,69.672
20054,5190,5027,63.784
20055,6992,5029,84.16900000000001
20056,5029,6992,84.16900000000001
20057,5030,5031,277.946
20058,5031,5030,277.946
20059,5031,6320,51.978
20060,6320,5031,51.978
20061,5032,5033,79.211
20062,5033,5032,79.211
20063,7752,5032,66.517
20064,5032,7752,66.517
20065,5848,5032,199.803
20066,5032,5848,199.803
20067,5849,5033,199.593
20068,5033,5849,199.593
20069,5850,5034,198.494
20070,5034,5850,198.494
20071,5034,5035,79.08000000000001
20072,5035,5034,79.08000000000001
20073,5035,5036,78.904
20074,5036,5035,78.904
20075,5851,5035,198.28
20076,5035,5851,198.28
20077,5036,5037,81.146
20078,5037,5036,81.146
20079,5586,5036,198.05900000000003
20080,5036,5586,198.05900000000003
20081,5037,7791,52.541
20082,7791,5037,52.541
20083,9448,5037,177.70999999999998
20084,5037,9448,177.70999999999998
20085,8123,5040,124.316
20086,5040,8123,124.316
20087,7419,5040,58.907
20088,5040,7419,58.907
20089,5041,8434,70.56400000000001
20090,8434,5041,70.56400000000001
20091,5041,8484,164.736
20092,8484,5041,164.736
20093,6424,5041,74.40100000000001
20094,5041,6424,74.40100000000001
20095,8639,5042,63.086
20096,5043,5044,42.396
20097,5044,5043,42.396
20098,5045,5046,26.859
20099,5046,5045,26.859
20100,5045,5292,277.545
20101,5292,5045,277.545
20102,5047,7912,673.807
20103,7801,5047,386.547
20104,5048,7911,43.316
20105,5048,7917,53.615
20106,7915,5048,62.689
20107,5961,5049,52.25
20108,5051,5052,182.166
20109,5052,5051,182.166
20110,5051,7236,67.491
20111,7236,5051,67.491
20112,9395,5051,92.583
20113,5051,9395,92.583
20114,5054,5055,135.491
20115,5057,6757,52.723
20116,6758,5057,52.271
20117,7759,5059,86.321
20118,5059,7759,86.321
20119,5966,5060,43.783
20120,5060,5966,43.783
20121,5060,9472,123.691
20122,9472,5060,123.691
20123,5061,6132,82.075
20124,6132,5061,82.075
20125,5259,5062,85.04
20126,5062,5259,85.04
20127,5062,7005,14.022
20128,7005,5062,14.022
20129,5063,8551,17.141
20130,5063,9811,26.955
20131,6543,5063,374.994
20132,6266,5064,89.866
20133,5064,6266,89.866
20134,7897,5064,203.062
20135,5064,7897,203.062
20136,5065,5066,201.874
20137,5066,5065,201.874
20138,5065,6289,82.555
20139,6289,5065,82.555
20140,5066,5067,128.626
20141,5067,5066,128.626
20142,5389,5066,81.836
20143,5066,5389,81.836
20144,5069,6259,150.344
20145,6259,5069,150.344
20146,7135,5070,129.66199999999998
20147,5070,7135,129.66199999999998
20148,5072,5073,104.397
20149,5073,5072,104.397
20150,7798,5072,74.19
20151,5073,7342,36.08
20152,7342,5073,36.08
20153,5073,6274,104.345
20154,5074,6457,106.161
20155,6457,5074,106.161
20156,5075,5076,40.738
20157,5076,5075,40.738
20158,5075,5576,105.194
20159,5576,5075,105.194
20160,5076,5077,105.419
20161,5077,5076,105.419
20162,6459,5077,105.005
20163,5077,6459,105.005
20164,5077,5078,146.57
20165,5078,5077,146.57
20166,5078,6376,105.119
20167,6376,5078,105.119
20168,5079,7785,87.15500000000002
20169,7785,5079,87.15500000000002
20170,7601,5079,90.733
20171,5079,7601,90.733
20172,6306,5079,104.39
20173,5079,6306,104.39
20174,5080,9102,107.736
20175,9102,5080,107.736
20176,8143,5080,102.906
20177,5080,8143,102.906
20178,9774,5081,5.245
20179,5081,9774,5.245
20180,5081,5082,136.559
20181,5082,5081,136.559
20182,9773,5081,87.208
20183,5082,5918,95.001
20184,5083,7265,94.919
20185,7265,5083,94.919
20186,5431,5084,52.418
20187,5084,5431,52.418
20188,5084,5085,146.34900000000002
20189,5085,5084,146.34900000000002
20190,5432,5085,52.142
20191,5085,5432,52.142
20192,5085,5086,146.24
20193,5086,5085,146.24
20194,5086,5087,146.526
20195,5087,5086,146.526
20196,5086,7271,94.66
20197,7271,5086,94.66
20198,5087,7272,94.622
20199,7272,5087,94.622
20200,5087,5088,148.378
20201,5088,5087,148.378
20202,7279,5088,94.576
20203,5088,7279,94.576
20204,5089,5090,122.606
20205,5090,5089,122.606
20206,5089,5170,104.747
20207,5170,5089,104.747
20208,5090,5152,105.758
20209,5152,5090,105.758
20210,5092,6142,212.49800000000005
20211,6142,5092,212.49800000000005
20212,5092,6193,187.324
20213,6193,5092,187.324
20214,5094,5096,36.569
20215,5094,7585,34.373
20216,7585,5094,34.373
20217,6395,5094,100.178
20218,5094,6395,100.178
20219,5095,5719,77.473
20220,5719,5095,77.473
20221,5718,5095,75.948
20222,5095,5718,75.948
20223,7585,5096,51.092
20224,5097,5098,52.884
20225,5098,5097,52.884
20226,5097,7466,60.657
20227,7466,5097,60.657
20228,7465,5097,14.063
20229,5097,7465,14.063
20230,5098,7466,75.85
20231,5099,5100,27.106
20232,5100,5099,27.106
20233,5101,9459,64.088
20234,9459,5101,64.088
20235,9456,5101,24.895
20236,5101,9456,24.895
20237,5101,5102,293.66
20238,5102,5101,293.66
20239,5102,8421,94.039
20240,8421,5102,94.039
20241,5825,5102,202.512
20242,5102,5825,202.512
20243,5103,8906,17.234
20244,8906,5103,17.234
20245,5104,5105,91.371
20246,5105,5104,91.371
20247,5105,5106,98.86
20248,5106,5105,98.86
20249,5106,5107,98.939
20250,5107,5106,98.939
20251,5217,5108,73.109
20252,5108,5217,73.109
20253,5109,6266,229.73800000000003
20254,6266,5109,229.73800000000003
20255,5109,5110,71.32300000000001
20256,5110,5109,71.32300000000001
20257,5110,6266,312.742
20258,6266,5110,312.742
20259,5110,5111,106.122
20260,5111,5110,106.122
20261,5111,6620,181.512
20262,6620,5111,181.512
20263,5111,5112,83.016
20264,5112,5111,83.016
20265,5251,5112,270.959
20266,5112,5251,270.959
20267,5113,5114,140.216
20268,5114,5113,140.216
20269,5114,5115,139.798
20270,5115,5114,139.798
20271,5114,5234,91.557
20272,5234,5114,91.557
20273,6195,5115,91.741
20274,5115,6195,91.741
20275,6197,5116,90.944
20276,5116,6197,90.944
20277,6914,5118,205.828
20278,5118,6914,205.828
20279,8946,5118,30.824
20280,5118,8946,30.824
20281,8836,5119,207.65099999999995
20282,5119,8836,207.65099999999995
20283,5120,6012,104.446
20284,5122,5121,98.644
20285,5184,5121,105.423
20286,5122,6272,105.594
20287,5123,5122,102.331
20288,6594,5122,206.455
20289,5124,5123,99.092
20290,5220,5123,104.559
20291,5124,6273,104.231
20292,5125,5621,104.758
20293,5621,5125,104.758
20294,5126,5127,189.817
20295,5127,5126,189.817
20296,5201,5126,104.929
20297,5126,5201,104.929
20298,5127,5686,104.889
20299,5686,5127,104.889
20300,5128,5968,104.926
20301,5968,5128,104.926
20302,5131,5132,84.689
20303,5132,5131,84.689
20304,5378,5131,126.12
20305,5131,5378,126.12
20306,5132,6067,197.578
20307,6067,5132,197.578
20308,5667,5132,54.212
20309,5132,5667,54.212
20310,5133,5318,144.412
20311,5318,5133,144.412
20312,6184,5133,146.414
20313,5133,6184,146.414
20314,7300,5134,105.174
20315,5134,7300,105.174
20316,6010,5134,146.45100000000002
20317,5134,6010,146.45100000000002
20318,5134,5321,144.41199999999998
20319,5321,5134,144.41199999999998
20320,6650,5135,51.115
20321,5135,6650,51.115
20322,5135,5136,52.171
20323,5136,5135,52.171
20324,5136,5137,105.264
20325,5137,5136,105.264
20326,6178,5136,146.418
20327,5137,6179,146.441
20328,6179,5137,146.441
20329,5323,5137,144.40899999999996
20330,5137,5323,144.40899999999996
20331,6766,5138,19.187
20332,5138,6766,19.187
20333,5138,5324,147.698
20334,8797,5138,232.365
20335,5139,7157,144.388
20336,6021,5139,146.443
20337,6658,5140,98.846
20338,5140,6658,98.846
20339,5140,5327,148.41600000000005
20340,5327,5140,148.41600000000005
20341,6180,5140,146.70000000000002
20342,5140,6180,146.70000000000002
20343,7272,5141,10.596
20344,5141,7272,10.596
20345,5141,7278,148.372
20346,6181,5141,146.495
20347,5142,5143,33.771
20348,5143,5142,33.771
20349,5203,5142,77.477
20350,5142,5203,77.477
20351,5143,7864,66.167
20352,7864,5143,66.167
20353,5143,5329,148.70499999999998
20354,5329,5143,148.70499999999998
20355,5144,6134,92.188
20356,6134,5144,92.188
20357,5172,5145,146.793
20358,5145,5172,146.793
20359,5146,5288,123.51
20360,6681,5146,68.446
20361,5147,5998,125.475
20362,5165,5147,146.42200000000005
20363,5148,5149,98.925
20364,5149,5148,98.925
20365,5148,5181,123.91100000000002
20366,5181,5148,123.91100000000002
20367,5166,5148,146.453
20368,5148,5166,146.453
20369,5149,5150,98.859
20370,5150,5149,98.859
20371,5149,5997,123.876
20372,5997,5149,123.876
20373,5167,5149,146.454
20374,5149,5167,146.454
20375,5150,5151,99.038
20376,5151,5150,99.038
20377,5150,5232,123.843
20378,5232,5150,123.843
20379,5168,5150,146.463
20380,5150,5168,146.463
20381,5151,5996,123.774
20382,5996,5151,123.774
20383,5169,5151,146.47
20384,5151,5169,146.47
20385,5170,5152,119.803
20386,5152,5170,119.803
20387,5173,5153,146.69799999999998
20388,5174,5154,146.05499999999998
20389,5154,5174,146.05499999999998
20390,5155,9547,9.314
20391,9548,5155,9.374
20392,5176,5156,148.27299999999997
20393,5156,5176,148.27299999999997
20394,5157,8337,128.114
20395,5159,8457,160.695
20396,8457,5159,160.695
20397,6554,5159,85.49000000000001
20398,5159,6554,85.49000000000001
20399,5160,5161,134.99200000000002
20400,5161,5160,134.99200000000002
20401,5162,5163,83.883
20402,5163,5162,83.883
20403,5164,6682,15.213
20404,6682,5164,15.213
20405,5164,6949,290.745
20406,5164,8909,116.323
20407,6680,5164,82.294
20408,8910,5164,119.93699999999998
20409,5166,5167,98.89
20410,5167,5166,98.89
20411,5167,5168,98.979
20412,5168,5167,98.979
20413,5168,5169,98.923
20414,5169,5168,98.923
20415,6456,5170,63.89
20416,5170,6456,63.89
20417,5170,7656,76.039
20418,7656,5170,76.039
20419,7857,5171,106.076
20420,5171,7857,106.076
20421,5175,9549,139.627
20422,9549,5175,139.627
20423,6238,5176,94.668
20424,5176,6238,94.668
20425,5177,6550,71.89500000000001
20426,6550,5177,71.89500000000001
20427,5178,9526,111.8
20428,9526,5178,111.8
20429,8435,5178,227.028
20430,6476,5179,98.906
20431,5179,6476,98.906
20432,5179,9222,146.483
20433,9222,5179,146.483
20434,5180,8822,99.224
20435,8822,5180,99.224
20436,6657,5180,148.64499999999998
20437,5180,6657,148.64499999999998
20438,5326,5180,98.863
20439,5180,5326,98.863
20440,5181,5997,98.92
20441,5997,5181,98.92
20442,5182,6610,158.12599999999998
20443,7037,5182,134.804
20444,7489,5182,48.249
20445,6594,5183,95.342
20446,5184,6272,97.842
20447,6272,5184,97.842
20448,6139,5184,47.65899999999999
20449,5184,6139,47.65899999999999
20450,5185,5184,76.763
20451,6140,5185,52.223
20452,5186,6606,44.447
20453,5187,5186,79.81599999999999
20454,6141,5186,49.908
20455,5255,5187,99.25
20456,5189,5188,95.433
20457,6175,5188,99.281
20458,5189,6581,99.314
20459,6581,5189,99.314
20460,5190,5573,99.617
20461,5573,5190,99.617
20462,5191,5190,146.18800000000002
20463,6489,5191,100.983
20464,5191,6489,100.983
20465,5192,5191,146.457
20466,5192,6374,100.536
20467,6374,5192,100.536
20468,5193,5192,146.021
20469,8387,5193,99.092
20470,5193,8387,99.092
20471,5194,5193,146.79399999999998
20472,5194,6096,99.041
20473,6096,5194,99.041
20474,5195,9765,10.605
20475,5196,5195,136.451
20476,5195,5196,136.451
20477,6627,5195,99.42
20478,5196,5917,98.908
20479,7679,5196,145.893
20480,5196,7679,145.893
20481,9532,5196,98.793
20482,5197,5690,146.555
20483,5690,5197,146.555
20484,6156,5197,146.373
20485,5197,6156,146.373
20486,5198,5691,146.724
20487,6083,5198,146.16199999999998
20488,5199,8580,213.277
20489,8580,5199,213.277
20490,6521,5199,191.75000000000003
20491,5199,6521,191.75000000000003
20492,8579,5200,121.51
20493,5200,8579,121.51
20494,5200,6402,114.113
20495,6402,5200,114.113
20496,5200,5201,258.75600000000003
20497,5201,5200,258.75600000000003
20498,5202,5689,146.27700000000002
20499,5689,5202,146.27700000000002
20500,6467,5202,146.275
20501,5202,6467,146.275
20502,8769,5203,15.258
20503,5203,8769,15.258
20504,5204,5204,327.46200000000005
20505,5206,7756,888.1940000000001
20506,7756,5206,888.1940000000001
20507,5207,5208,146.38299999999998
20508,5208,5207,146.38299999999998
20509,5207,5354,71.63399999999999
20510,5354,5207,71.63399999999999
20511,5208,8335,151.481
20512,8335,5208,151.481
20513,5208,6090,71.47999999999999
20514,6090,5208,71.47999999999999
20515,5209,6091,75.867
20516,6091,5209,75.867
20517,5209,5210,167.61
20518,5210,5209,167.61
20519,5210,6092,80.488
20520,6092,5210,80.488
20521,5213,6126,86.259
20522,6126,5213,86.259
20523,6204,5213,84.526
20524,5213,6204,84.526
20525,5215,5216,63.319
20526,5215,7559,24.718
20527,5216,8028,120.976
20528,5216,8023,17.521
20529,8023,5216,17.521
20530,5515,5217,146.986
20531,5217,5515,146.986
20532,8023,5217,79.165
20533,5217,8023,79.165
20534,5218,5219,227.059
20535,5219,5218,227.059
20536,6272,5220,102.209
20537,5220,6272,102.209
20538,5220,6273,98.871
20539,6273,5220,98.871
20540,5221,6630,99.429
20541,6630,5221,99.429
20542,9101,5221,93.848
20543,5221,9101,93.848
20544,5222,5221,63.870000000000005
20545,5222,6630,75.56899999999999
20546,6629,5222,100.698
20547,5223,6582,99.222
20548,6582,5223,99.222
20549,6581,5223,99.11
20550,5223,6581,99.11
20551,5224,6489,97.003
20552,6489,5224,97.003
20553,6490,5224,100.502
20554,5224,6490,100.502
20555,5224,5225,146.568
20556,9336,5224,147.258
20557,6374,5225,97.345
20558,5225,6374,97.345
20559,5225,5226,145.641
20560,6375,5225,100.882
20561,5225,6375,100.882
20562,5226,8387,98.37
20563,8387,5226,98.37
20564,6305,5226,101.566
20565,5226,6305,101.566
20566,5226,5227,147.076
20567,5227,6097,100.448
20568,6097,5227,100.448
20569,6096,5227,98.647
20570,5227,6096,98.647
20571,5228,5229,136.883
20572,5228,6627,99.471
20573,6603,5228,98.815
20574,9767,5228,9.455
20575,5229,9535,98.643
20576,5917,5229,99.189
20577,5230,6476,98.968
20578,6476,5230,98.968
20579,5230,6659,146.178
20580,6659,5230,146.178
20581,6477,5230,98.84
20582,5230,6477,98.84
20583,5327,5231,98.691
20584,5231,5327,98.691
20585,6658,5231,148.465
20586,5231,6658,148.465
20587,5231,5326,99.213
20588,5326,5231,99.213
20589,5232,5996,99.129
20590,5996,5232,99.129
20591,5997,5232,98.774
20592,5232,5997,98.774
20593,5233,6503,140.428
20594,6503,5233,140.428
20595,5249,5233,140.184
20596,5233,5249,140.184
20597,5234,5235,90.8
20598,5235,5234,90.8
20599,5234,6195,140.527
20600,6195,5234,140.527
20601,5235,5236,91.537
20602,5236,5235,91.537
20603,5235,6502,141.247
20604,6502,5235,141.247
20605,5236,5237,91.487
20606,5237,5236,91.487
20607,5236,5253,140.082
20608,5253,5236,140.082
20609,5237,5238,90.729
20610,5238,5237,90.729
20611,5237,6501,140.972
20612,6501,5237,140.972
20613,5238,6500,140.361
20614,6500,5238,140.361
20615,5239,6318,140.903
20616,6318,5239,140.903
20617,5999,5240,70.499
20618,5240,5999,70.499
20619,5241,5242,82.64099999999999
20620,5242,5241,82.64099999999999
20621,5241,5762,201.278
20622,5762,5241,201.278
20623,5761,5241,201.301
20624,5241,5761,201.301
20625,5242,6036,200.961
20626,6036,5242,200.961
20627,6035,5242,201.967
20628,5242,6035,201.967
20629,5243,5244,82.562
20630,5244,5243,82.562
20631,5243,5928,201.38
20632,5928,5243,201.38
20633,5927,5243,200.75
20634,5243,5927,200.75
20635,5244,5245,81.623
20636,5245,5244,81.623
20637,9560,5244,201.779
20638,5244,9560,201.779
20639,5244,5725,200.921
20640,5725,5244,200.921
20641,5245,6447,200.231
20642,6447,5245,200.231
20643,8404,5245,195.731
20644,5245,8404,195.731
20645,5246,6213,200.879
20646,6213,5246,200.879
20647,6212,5246,201.588
20648,5246,6212,201.588
20649,5246,5247,81.797
20650,5247,5246,81.797
20651,6332,5247,202.429
20652,5247,6332,202.429
20653,5247,6333,200.631
20654,6333,5247,200.631
20655,5247,5248,82.603
20656,5248,5247,82.603
20657,6288,5248,202.445
20658,5248,6288,202.445
20659,5248,6289,200.784
20660,6289,5248,200.784
20661,5249,9152,51.868
20662,9152,5249,51.868
20663,6324,5250,91.231
20664,5250,6324,91.231
20665,5250,6325,91.267
20666,6325,5250,91.267
20667,5251,5252,74.694
20668,5252,5251,74.694
20669,6432,5251,60.448
20670,5251,6432,60.448
20671,5252,5878,75.93
20672,5878,5252,75.93
20673,5253,5254,60.277
20674,5254,5253,60.277
20675,5253,6502,91.376
20676,6502,5253,91.376
20677,6501,5253,91.741
20678,5253,6501,91.741
20679,6629,5255,80.173
20680,5257,7159,14.329
20681,7159,5257,14.329
20682,5257,7159,260.544
20683,9847,5257,230.511
20684,8562,5258,104.098
20685,5258,8562,104.098
20686,5259,7004,43.679
20687,7004,5259,43.679
20688,5538,5259,85.452
20689,5259,5538,85.452
20690,5705,5260,85.38900000000001
20691,5260,5705,85.38900000000001
20692,5978,5261,67.303
20693,5261,5978,67.303
20694,5261,5822,204.361
20695,5822,5261,204.361
20696,5263,7781,133.672
20697,7781,5263,133.672
20698,5265,5773,88.266
20699,5773,5265,88.266
20700,5265,6656,47.673
20701,6656,5265,47.673
20702,6537,5265,37.849
20703,5265,6537,37.849
20704,5267,5268,124.253
20705,5268,5267,124.253
20706,9682,5267,211.101
20707,5267,9682,211.101
20708,5268,9682,93.192
20709,9682,5268,93.192
20710,5268,5269,117.734
20711,5269,5268,117.734
20712,5270,7456,41.51
20713,5270,5271,57.837
20714,5272,5843,227.159
20715,5843,5272,227.159
20716,5273,5843,84.375
20717,5843,5273,84.375
20718,5273,8518,55.632
20719,8518,5273,55.632
20720,5892,5273,49.957
20721,5273,5892,49.957
20722,5274,5844,75.668
20723,5844,5274,75.668
20724,5274,5275,110.947
20725,5275,5274,110.947
20726,8518,5274,88.245
20727,5274,8518,88.245
20728,5276,5277,137.743
20729,5276,6106,54.299
20730,6106,5276,54.299
20731,5861,5276,53.949
20732,5276,5861,53.949
20733,8467,5276,58.173
20734,5277,5549,54.9
20735,5549,5277,54.9
20736,5548,5277,54.415
20737,5277,5548,54.415
20738,5278,5279,172.144
20739,5279,5278,172.144
20740,5278,5862,54.55
20741,5862,5278,54.55
20742,5942,5278,54.735
20743,5278,5942,54.735
20744,5280,7535,69.044
20745,5280,5860,54.806
20746,5860,5280,54.806
20747,6105,5280,52.992
20748,5280,6105,52.992
20749,5281,5280,133.42000000000002
20750,5281,8469,54.603
20751,8469,5281,54.603
20752,5425,5281,52.973
20753,5281,5425,52.973
20754,8468,5281,159.71300000000002
20755,5282,5288,24.18
20756,5288,5282,24.18
20757,5282,6675,121.9
20758,7637,5282,138.81699999999998
20759,5283,9172,26.128
20760,8796,5283,223.561
20761,5283,8796,223.561
20762,6674,5283,61.658
20763,6679,5283,16.713
20764,5284,8795,125.836
20765,5915,5284,52.518
20766,6816,5285,13.655
20767,5285,6816,13.655
20768,5285,6860,126.663
20769,6859,5285,100.574
20770,5286,6860,13.871
20771,6860,5286,13.871
20772,5286,6814,27.157
20773,6815,5286,69.845
20774,5287,6676,42.245000000000005
20775,5287,6680,516.8509999999999
20776,6854,5287,49.352
20777,5288,6674,65.086
20778,5289,6787,35.758
20779,6787,5289,35.758
20780,5289,6781,146.16899999999998
20781,9282,5289,146.764
20782,5290,6780,109.391
20783,5290,8391,110.118
20784,5291,7313,156.55899999999997
20785,6767,5291,136.30999999999997
20786,5292,6683,42.473
20787,5293,6901,10.458
20788,6901,5293,10.458
20789,6804,5293,9.69
20790,5293,6804,9.69
20791,5293,7358,60.668
20792,5297,5293,97.429
20793,5294,6882,11.092
20794,6882,5294,11.092
20795,5297,5294,18.022
20796,5294,5297,18.022
20797,5294,8634,28.241
20798,5295,6903,94.903
20799,5295,5296,94.381
20800,5296,5295,94.381
20801,9542,5295,67.711
20802,5295,9542,67.711
20803,6806,5295,96.018
20804,5612,5296,87.376
20805,5296,5612,87.376
20806,5297,8891,25.204
20807,8891,5297,25.204
20808,5509,5297,189.576
20809,5297,5509,189.576
20810,6804,5297,95.38
20811,5298,7117,20.175
20812,7117,5298,20.175
20813,5767,5298,89.49000000000001
20814,5298,5767,89.49000000000001
20815,6129,5299,87.59
20816,5299,6129,87.59
20817,5299,5300,88.944
20818,5300,5299,88.944
20819,5299,7119,101.685
20820,7119,5299,101.685
20821,5301,5556,78.129
20822,5556,5301,78.129
20823,5555,5301,127.89
20824,5301,5555,127.89
20825,5305,5304,59.855
20826,5618,5304,191.61500000000004
20827,5305,6271,191.729
20828,5307,5306,49.949
20829,6451,5306,192.841
20830,5307,5980,148.903
20831,5347,5308,116.51300000000002
20832,5308,5347,116.51300000000002
20833,7743,5308,120.602
20834,9135,5309,120.247
20835,5309,9135,120.247
20836,5309,6655,51.855
20837,6655,5309,51.855
20838,5309,7511,83.338
20839,7511,5309,83.338
20840,7511,5310,139.445
20841,5310,7511,139.445
20842,9154,5310,125.298
20843,5310,9154,125.298
20844,5310,5311,269.51
20845,5311,5310,269.51
20846,5311,5312,93.43
20847,5312,5311,93.43
20848,5312,6448,114.104
20849,6448,5312,114.104
20850,5312,5313,18.23
20851,5313,5312,18.23
20852,5313,5314,120.098
20853,5314,5313,120.098
20854,6449,5314,108.137
20855,5314,6449,108.137
20856,6450,5314,494.357
20857,5314,6450,494.357
20858,6462,5315,33.919
20859,5315,6462,33.919
20860,5839,5316,88.228
20861,5316,5839,88.228
20862,5316,5317,54.767
20863,5317,5316,54.767
20864,5422,5317,88.054
20865,5317,5422,88.054
20866,5319,7145,8.136
20867,8690,5319,144.471
20868,5320,7147,8.235
20869,7147,5320,8.235
20870,7315,5320,144.365
20871,5320,7315,144.365
20872,5321,8596,8.299
20873,8596,5321,8.299
20874,5322,7150,8.429
20875,7150,5322,8.429
20876,5322,5323,105.322
20877,7151,5323,8.406
20878,5323,7151,8.406
20879,5324,5325,7.693
20880,5324,9255,57.525
20881,6948,5324,15.166
20882,5325,6949,15.157
20883,9224,5326,148.55599999999998
20884,5326,9224,148.55599999999998
20885,8790,5328,148.399
20886,5328,8790,148.399
20887,8770,5329,106.051
20888,5329,8770,106.051
20889,6264,5330,30.995
20890,5330,6264,30.995
20891,5330,5331,47.760000000000005
20892,5331,5330,47.760000000000005
20893,8045,5331,124.56
20894,5332,6335,153.917
20895,6335,5332,153.917
20896,6654,5333,60.356
20897,5333,6654,60.356
20898,5334,8078,11.86
20899,8078,5334,11.86
20900,5339,5334,87.35000000000001
20901,5334,5339,87.35000000000001
20902,5334,8082,36.304
20903,7193,5334,156.855
20904,5335,5336,62.316
20905,9341,5335,506.505
20906,5335,9341,506.505
20907,7192,5335,123.034
20908,5336,9340,2.956
20909,9340,5336,2.956
20910,5340,5336,9.589
20911,5336,5340,9.589
20912,5336,5337,25.459000000000003
20913,5337,5340,24.271
20914,5337,5338,239.66
20915,5338,5337,239.66
20916,5776,5337,149.887
20917,5337,5776,149.887
20918,5338,7933,103.225
20919,7933,5338,103.225
20920,5339,7931,201.25199999999995
20921,7931,5339,201.25199999999995
20922,5340,7194,176.353
20923,5341,5342,127.101
20924,5342,5341,127.101
20925,5341,6166,111.389
20926,7991,5341,78.997
20927,5342,8978,207.723
20928,8978,5342,207.723
20929,5343,8917,399.0110000000001
20930,8917,5343,399.0110000000001
20931,9795,5343,139.326
20932,5343,9795,139.326
20933,5345,9540,330.558
20934,9540,5345,324.40200000000004
20935,9623,5345,417.4300000000001
20936,5345,9623,417.4300000000001
20937,5346,5922,162.459
20938,5922,5346,162.459
20939,5346,6086,126.95199999999998
20940,6086,5346,126.95199999999998
20941,6085,5346,206.459
20942,5346,6085,206.459
20943,8411,5347,48.05
20944,5347,8411,48.05
20945,5349,5348,144.143
20946,5348,5349,144.143
20947,5350,5351,66.681
20948,5351,5350,66.681
20949,5351,5352,170.94300000000004
20950,7302,5352,12.34
20951,5352,7302,12.34
20952,8052,5353,290.76399999999995
20953,6089,5354,40.942
20954,5354,6089,40.942
20955,5354,6090,125.898
20956,6090,5354,125.898
20957,5355,5356,140.534
20958,5356,5355,140.534
20959,5356,5357,114.068
20960,5357,5356,114.068
20961,5358,5359,79.081
20962,5359,5358,79.081
20963,5358,5569,216.35299999999995
20964,5569,5358,216.35299999999995
20965,5359,5360,78.139
20966,5360,5359,78.139
20967,5663,5359,108.795
20968,5359,5663,108.795
20969,5664,5360,138.436
20970,5360,5664,138.436
20971,5665,5361,196.16500000000005
20972,5361,5665,196.16500000000005
20973,6045,5362,242.082
20974,5362,6045,242.082
20975,5364,5365,178.79899999999998
20976,5365,5364,178.79899999999998
20977,5365,8975,207.635
20978,8975,5365,207.635
20979,5365,6468,92.59900000000002
20980,6468,5365,92.59900000000002
20981,5366,7700,200.643
20982,7700,5366,200.643
20983,6917,5366,204.507
20984,5366,6917,204.507
20985,5366,6114,93.957
20986,6114,5366,93.957
20987,5367,5777,94.191
20988,5777,5367,94.191
20989,5367,8969,96.373
20990,8969,5367,96.373
20991,7092,5367,200.676
20992,5367,7092,200.676
20993,5369,6832,207.478
20994,6832,5369,207.478
20995,5369,6710,40.727
20996,6710,5369,40.727
20997,5370,5371,207.612
20998,5371,5370,207.612
20999,5370,6712,40.654
21000,6712,5370,40.654
21001,5371,6713,40.638
21002,6713,5371,40.638
21003,5372,6166,95.357
21004,6166,5372,95.357
21005,7620,5373,178.678
21006,5373,7620,178.678
21007,5374,5373,168.05799999999996
21008,5373,5374,168.05799999999996
21009,5373,6541,63.141
21010,6541,5373,63.141
21011,5374,7621,35.141000000000005
21012,7621,5374,34.824
21013,5375,7950,101.461
21014,7950,5375,101.461
21015,5375,5491,128.376
21016,5491,5375,128.376
21017,5375,7949,109.768
21018,8746,5375,73.289
21019,5376,6436,48.17
21020,6436,5376,48.17
21021,5377,5378,470.909
21022,5378,5377,470.909
21023,5377,5650,372.676
21024,5650,5377,372.676
21025,5650,5378,66.769
21026,5378,5650,66.769
21027,5379,9523,74.167
21028,9523,5379,74.167
21029,7646,5380,197.066
21030,5380,7646,197.066
21031,5801,5381,115.988
21032,5381,5801,115.988
21033,5382,5383,82.431
21034,5383,5382,82.431
21035,5762,5382,201.709
21036,5382,5762,201.709
21037,6036,5383,201.62
21038,5383,6036,201.62
21039,5384,5385,83.452
21040,5385,5384,83.452
21041,5928,5384,201.731
21042,5384,5928,201.731
21043,5725,5385,201.931
21044,5385,5725,201.931
21045,5385,5386,80.94
21046,5386,5385,80.94
21047,6447,5386,201.984
21048,5386,6447,201.984
21049,6213,5387,202.005
21050,5387,6213,202.005
21051,5387,5388,81.749
21052,5388,5387,81.749
21053,5388,6334,177.456
21054,6334,5388,177.456
21055,5388,5389,82.655
21056,5389,5388,82.655
21057,6333,5388,201.998
21058,5388,6333,201.998
21059,5389,6290,151.21
21060,6290,5389,151.21
21061,6289,5389,202.221
21062,5389,6289,202.221
21063,5390,5391,241.588
21064,5391,5390,241.588
21065,5390,6598,77.65299999999999
21066,6971,5390,81.75399999999999
21067,5391,5467,38.497
21068,5467,5391,38.497
21069,8214,5392,173.087
21070,5392,8214,173.087
21071,5392,5393,87.214
21072,5393,5392,87.214
21073,6052,5393,191.651
21074,5393,6052,191.651
21075,5393,5394,77.48400000000001
21076,5394,5393,77.48400000000001
21077,5394,5395,97.309
21078,5395,5394,97.309
21079,6053,5394,206.909
21080,5394,6053,206.909
21081,6054,5395,207.589
21082,5395,6054,207.589
21083,5396,6729,89.34599999999999
21084,6729,5396,89.34599999999999
21085,5446,5396,207.856
21086,5396,5446,207.856
21087,6055,5397,207.65
21088,5397,6055,207.65
21089,5398,5397,94.347
21090,5397,5398,94.347
21091,5399,5398,94.276
21092,5398,5399,94.276
21093,5974,5398,207.605
21094,5398,5974,207.605
21095,5497,5399,207.549
21096,5399,5497,207.549
21097,5399,8949,206.948
21098,8949,5399,206.948
21099,5400,5401,95.314
21100,5401,5400,95.314
21101,6056,5400,207.208
21102,5400,6056,207.208
21103,5401,6057,207.502
21104,6057,5401,207.502
21105,8934,5401,200.276
21106,5401,8934,200.276
21107,5401,6957,39.526
21108,6957,5401,39.526
21109,5439,5402,207.507
21110,5402,5439,207.507
21111,5402,5403,94.2
21112,5403,5402,94.2
21113,5403,5404,94.352
21114,5404,5403,94.352
21115,5902,5403,207.498
21116,5403,5902,207.498
21117,5508,5404,207.497
21118,5404,5508,207.497
21119,5405,5406,94.51
21120,5406,5405,94.51
21121,5405,9892,207.80900000000003
21122,9892,5405,207.80900000000003
21123,6058,5405,207.485
21124,5405,6058,207.485
21125,6059,5406,207.485
21126,5406,6059,207.485
21127,5407,5408,108.9
21128,5408,5407,108.9
21129,5407,5413,99.772
21130,5413,5407,99.772
21131,5412,5407,24.871
21132,5407,5412,24.871
21133,5408,5409,128.442
21134,5409,5408,128.442
21135,5411,5408,96.337
21136,5408,5411,96.337
21137,8257,5409,146.78300000000002
21138,5409,8257,146.78300000000002
21139,7475,5409,101.642
21140,5409,7475,101.642
21141,9454,5409,98.443
21142,9455,5409,109.521
21143,5410,5411,26.035
21144,5411,5410,26.035
21145,5411,5413,54.197
21146,5413,5411,54.197
21147,5413,5414,26.536
21148,5414,5413,26.536
21149,5764,5416,92.86
21150,5416,5764,92.86
21151,5417,5418,75.31700000000001
21152,5418,5417,75.31700000000001
21153,6126,5420,85.41499999999999
21154,5420,6126,85.41499999999999
21155,5420,8553,199.261
21156,8553,5420,199.261
21157,5421,6423,13.925
21158,6423,5421,13.925
21159,5421,5422,109.228
21160,5839,5422,54.877
21161,5422,5839,54.877
21162,5423,5424,54.833
21163,5424,5423,54.833
21164,9622,5424,132.903
21165,5424,9622,132.903
21166,6105,5425,133.307
21167,6559,5426,133.617
21168,5426,6559,133.617
21169,8469,5426,56.586
21170,5426,8469,56.586
21171,5427,9044,18.515
21172,9044,5427,18.515
21173,9820,5428,3.088
21174,5428,9820,3.088
21175,5428,5429,237.219
21176,5429,5428,237.219
21177,8470,5428,28.641
21178,5428,8470,28.641
21179,5429,7348,77.14200000000001
21180,7348,5429,77.14200000000001
21181,5431,5432,146.384
21182,5432,5431,146.384
21183,7269,5431,42.32899999999999
21184,5431,7269,42.32899999999999
21185,8607,5431,93.611
21186,7270,5432,42.569
21187,5432,7270,42.569
21188,6932,5433,204.535
21189,5433,6932,204.535
21190,5899,5433,94.311
21191,5433,5899,94.311
21192,5434,5900,94.308
21193,5900,5434,94.308
21194,5435,6807,207.809
21195,6807,5435,207.809
21196,5435,8843,94.372
21197,8843,5435,94.372
21198,8840,5435,94.164
21199,5435,8840,94.164
21200,5436,5437,207.909
21201,5437,5436,207.909
21202,5436,5876,94.345
21203,5876,5436,94.345
21204,5437,8838,207.987
21205,8838,5437,207.987
21206,5437,5904,94.351
21207,5904,5437,94.351
21208,5438,5439,207.896
21209,5439,5438,207.896
21210,9893,5438,94.24
21211,5438,9893,94.24
21212,5438,9893,100.012
21213,5439,5902,94.225
21214,5902,5439,94.225
21215,5440,5903,94.195
21216,5903,5440,94.195
21217,5440,6599,86.829
21218,6599,5440,86.829
21219,5442,7705,200.681
21220,7705,5442,200.681
21221,8925,5442,209.611
21222,5442,8925,209.611
21223,5442,6716,93.465
21224,6716,5442,93.465
21225,5443,6718,84.92
21226,6718,5443,84.92
21227,7096,5443,201.727
21228,5443,7096,201.727
21229,5444,6724,86.217
21230,6724,5444,86.217
21231,5445,6727,85.131
21232,6727,5445,85.131
21233,5445,9918,5.011
21234,9918,5445,5.011
21235,9908,5445,5.765000000000001
21236,5445,9908,5.765000000000001
21237,5446,6728,87.848
21238,6728,5446,87.848
21239,9918,5446,202.707
21240,5446,9918,202.707
21241,5448,6826,207.292
21242,6826,5448,207.292
21243,5449,5450,207.715
21244,5450,5449,207.715
21245,5450,8885,208.04800000000003
21246,8885,5450,208.04800000000003
21247,9459,5451,34.453
21248,5451,9459,34.453
21249,5451,9458,7.232
21250,9458,5451,7.232
21251,5452,8421,62.926
21252,8421,5452,62.926
21253,5461,5452,195.909
21254,5452,5461,195.909
21255,9458,5452,216.442
21256,5452,9458,216.442
21257,5453,6182,189.127
21258,6182,5453,189.127
21259,8756,5453,123.602
21260,5453,8756,123.602
21261,5453,5454,81.84100000000001
21262,5454,5453,81.84100000000001
21263,5676,5453,78.163
21264,5453,5676,78.163
21265,5454,6183,109.62599999999998
21266,6183,5454,109.62599999999998
21267,5454,8768,140.71900000000002
21268,8768,5454,140.71900000000002
21269,5455,9551,83.28099999999999
21270,9551,5455,83.28099999999999
21271,5456,6692,14.177
21272,6692,5456,14.177
21273,5457,9146,63.39699999999999
21274,9146,5457,63.39699999999999
21275,5457,5458,94.27400000000002
21276,5458,5457,94.27400000000002
21277,6078,5457,177.49
21278,5457,6078,177.49
21279,8525,5457,115.518
21280,9452,5457,94.68200000000002
21281,5458,9145,11.322
21282,9145,5458,11.322
21283,5458,9452,6.571
21284,9452,5458,6.571
21285,5459,5460,14.196
21286,5460,5459,14.196
21287,6388,5459,251.148
21288,5459,6388,251.148
21289,5461,9108,36.958
21290,9108,5461,36.958
21291,8227,5462,15.885000000000002
21292,5462,8227,15.885000000000002
21293,5462,5463,20.123
21294,5463,5462,20.123
21295,6108,5462,188.792
21296,5462,6108,188.792
21297,5464,5465,119.24599999999998
21298,9371,5464,38.612
21299,5464,9371,38.612
21300,6240,5464,115.332
21301,5465,6241,30.652
21302,5465,8422,12.465
21303,6240,5465,12.704
21304,5466,6247,29.917
21305,5466,7691,37.944
21306,7691,5466,37.944
21307,5466,7690,21.715
21308,7690,5466,21.715
21309,6241,5466,23.27
21310,5467,6733,70.21300000000001
21311,6733,5467,70.21300000000001
21312,6279,5468,177.577
21313,5468,6279,177.577
21314,5469,5468,79.939
21315,5468,5469,79.939
21316,5468,6278,209.175
21317,6278,5468,209.175
21318,5469,5470,81.77
21319,5470,5469,81.77
21320,5469,9027,170.328
21321,9027,5469,170.328
21322,6975,5469,211.009
21323,5469,6975,211.009
21324,5470,9033,179.97600000000003
21325,9033,5470,179.97600000000003
21326,5503,5470,213.641
21327,5470,5503,213.641
21328,5470,9022,41.546
21329,9022,5470,41.546
21330,5471,9012,141.792
21331,9012,5471,141.792
21332,9010,5471,214.34
21333,5471,9010,214.34
21334,5471,5472,77.604
21335,5472,5471,77.604
21336,5472,9013,145.02400000000003
21337,9013,5472,145.02400000000003
21338,9009,5472,214.24
21339,5472,9009,214.24
21340,5472,5473,77.483
21341,5473,5472,77.483
21342,5473,9015,148.26000000000002
21343,9015,5473,148.26000000000002
21344,9008,5473,214.211
21345,5473,9008,214.211
21346,5473,5474,77.754
21347,5474,5473,77.754
21348,5474,5475,77.45500000000001
21349,5475,5474,77.45500000000001
21350,5474,5820,214.22700000000003
21351,5820,5474,214.22700000000003
21352,5821,5474,151.49900000000002
21353,5474,5821,151.49900000000002
21354,5475,6382,153.937
21355,6382,5475,153.937
21356,9016,5475,214.237
21357,5475,9016,214.237
21358,5475,5476,77.64
21359,5476,5475,77.64
21360,5476,5772,133.505
21361,5772,5476,133.505
21362,9018,5476,214.319
21363,5476,9018,214.319
21364,5476,5477,75.941
21365,5477,5476,75.941
21366,5477,6452,214.37800000000004
21367,5477,9019,74.87299999999999
21368,9019,5477,74.87299999999999
21369,5477,6383,102.284
21370,6383,5477,102.284
21371,6384,5478,144.66000000000005
21372,5478,6384,144.66000000000005
21373,5478,5479,74.752
21374,5479,5478,74.752
21375,9020,5478,74.003
21376,5478,9020,74.003
21377,5480,9040,188.779
21378,9040,5480,188.779
21379,5529,5480,616.6929999999996
21380,5480,5529,616.6929999999996
21381,5480,9014,73.66
21382,9014,5480,73.66
21383,5482,5481,86.697
21384,5481,5482,86.697
21385,5481,6412,94.151
21386,6412,5481,94.151
21387,6412,5482,83.047
21388,5482,6412,83.047
21389,5483,5482,56.178
21390,5482,5483,56.178
21391,7112,5483,26.137
21392,5483,7112,26.137
21393,6413,5483,138.06
21394,5484,5485,109.089
21395,5485,5484,109.089
21396,5486,7860,176.37900000000002
21397,7860,5486,176.37900000000002
21398,5486,5636,127.168
21399,5636,5486,127.168
21400,5635,5486,34.572
21401,5486,5635,34.572
21402,5487,7600,215.923
21403,7600,5487,215.923
21404,5487,7252,155.94
21405,7252,5487,155.94
21406,5896,5487,58.621
21407,5487,5896,58.621
21408,5488,5489,28.878
21409,5489,5488,28.878
21410,5490,8272,38.009
21411,8272,5490,38.009
21412,6437,5491,44.502
21413,7655,5492,40.859
21414,5492,7655,40.859
21415,6922,5493,204.521
21416,5493,6922,204.521
21417,5970,5493,94.31
21418,5493,5970,94.31
21419,9417,5494,201.553
21420,5494,9417,201.553
21421,5971,5494,94.245
21422,5494,5971,94.245
21423,5495,8956,94.224
21424,8956,5495,94.224
21425,5972,5495,94.285
21426,5495,5972,94.285
21427,5496,9435,6.604
21428,9435,5496,6.604
21429,9912,5496,5.011
21430,5496,9912,5.011
21431,5496,9440,38.311
21432,9440,5496,38.311
21433,9436,5496,75.333
21434,5496,9436,75.333
21435,5974,5497,94.277
21436,5497,5974,94.277
21437,9435,5497,201.158
21438,5497,9435,201.158
21439,5498,5499,11.237
21440,5499,5498,11.237
21441,5500,6845,207.214
21442,6845,5500,207.214
21443,5975,5500,94.191
21444,5500,5975,94.191
21445,5501,5502,207.804
21446,5502,5501,207.804
21447,5873,5501,94.434
21448,5501,5873,94.434
21449,5976,5502,94.507
21450,5502,5976,94.507
21451,5502,8877,208.094
21452,8877,5502,208.094
21453,5503,6975,79.387
21454,6973,5503,121.62100000000002
21455,6910,5504,204.537
21456,5504,6910,204.537
21457,5504,5899,94.162
21458,5899,5504,94.162
21459,5900,5505,94.176
21460,5505,5900,94.176
21461,5901,5506,94.278
21462,5506,5901,94.278
21463,5507,5508,207.919
21464,5508,5507,207.919
21465,5507,9893,94.32
21466,9893,5507,94.32
21467,5507,9893,99.234
21468,5507,9868,96.246
21469,9871,5507,32.963
21470,5507,9871,32.963
21471,5902,5508,94.331
21472,5508,5902,94.331
21473,8843,5509,94.267
21474,5509,8843,94.267
21475,5510,5511,207.931
21476,5511,5510,207.931
21477,5876,5510,94.289
21478,5510,5876,94.289
21479,5511,8844,208.009
21480,8844,5511,208.009
21481,5904,5511,94.307
21482,5511,5904,94.307
21483,5513,5514,37.334
21484,5514,5513,37.334
21485,7555,5515,29.867
21486,5516,7364,61.356
21487,7284,5516,265.956
21488,5516,7284,265.956
21489,7365,5516,62.42100000000001
21490,5517,7402,5.54
21491,5517,7305,140.079
21492,7232,5517,104.584
21493,7233,5517,13.611
21494,5518,5519,90.14
21495,5519,5518,90.14
21496,5519,5520,141.198
21497,5520,5519,141.198
21498,8961,5522,528.3010000000002
21499,5522,8961,528.3010000000002
21500,5523,9610,112.918
21501,9610,5523,112.918
21502,6541,5523,101.266
21503,5523,6541,101.266
21504,5523,7623,17.665
21505,7623,5523,17.665
21506,5525,6078,202.031
21507,6078,5525,202.031
21508,5525,5526,89.188
21509,5526,5525,89.188
21510,5526,6312,201.386
21511,6312,5526,201.386
21512,8254,5526,199.274
21513,5526,8254,199.274
21514,5527,6388,201.587
21515,6388,5527,201.587
21516,8251,5527,199.063
21517,5527,8251,199.063
21518,5528,5717,201.565
21519,5717,5528,201.565
21520,8255,5528,199.664
21521,5528,8255,199.664
21522,9042,5529,73.978
21523,5529,9042,73.978
21524,9040,5529,540.404
21525,5529,9040,540.404
21526,5529,7659,20.217
21527,7659,5529,20.217
21528,5531,5530,533.7860000000001
21529,5530,5531,533.7860000000001
21530,5531,8428,9.905
21531,8428,5531,9.905
21532,5532,5533,116.647
21533,5533,5532,116.647
21534,5533,5534,83.548
21535,5534,5533,83.548
21536,5534,5535,64.695
21537,5535,5534,64.695
21538,6252,5534,180.864
21539,5534,6252,180.864
21540,5535,5536,57.511
21541,5536,5535,57.511
21542,6252,5535,205.989
21543,5535,6252,205.989
21544,5536,6127,238.56
21545,6127,5536,238.56
21546,8205,5537,95.106
21547,5537,8205,95.106
21548,5538,7003,77.53900000000002
21549,7003,5538,77.53900000000002
21550,8208,5538,85.306
21551,5538,8208,85.306
21552,5539,5540,86.15
21553,5540,5539,86.15
21554,5541,5542,85.662
21555,5542,5541,85.662
21556,5542,5543,84.72800000000001
21557,5543,5542,84.72800000000001
21558,5545,5546,201.405
21559,5546,5545,201.405
21560,5546,5547,203.036
21561,5547,5546,203.036
21562,5547,7018,15.829
21563,7018,5547,15.829
21564,6106,5548,137.495
21565,5548,6106,137.495
21566,5549,5550,54.67
21567,5550,5549,54.67
21568,5861,5549,137.963
21569,5549,5861,137.963
21570,6556,5550,138.13
21571,5550,6556,138.13
21572,6578,5551,138.573
21573,5551,6578,138.573
21574,5551,5944,253.987
21575,5944,5551,253.987
21576,5552,5553,53.499
21577,5553,5552,53.499
21578,6579,5552,135.42
21579,5552,6579,135.42
21580,5552,8365,203.659
21581,8365,5552,203.659
21582,7948,5553,53.147
21583,5553,7948,53.147
21584,7188,5554,96.128
21585,5554,7188,96.128
21586,9195,5554,246.512
21587,6417,5555,36.824
21588,5555,6417,36.824
21589,5556,7427,73.185
21590,7427,5556,73.185
21591,5557,9705,7.852
21592,9705,5557,7.852
21593,5557,7424,134.942
21594,7424,5557,134.942
21595,5559,8245,51.746
21596,5559,8565,44.335
21597,8565,5559,44.335
21598,6215,5560,89.581
21599,5560,6215,89.581
21600,5561,5560,200.545
21601,8672,5561,38.463
21602,5561,8672,38.463
21603,8105,5562,136.867
21604,5562,8105,136.867
21605,5563,7851,29.078000000000003
21606,8633,5563,28.489
21607,5564,6050,131.432
21608,6050,5564,131.432
21609,5564,8633,121.422
21610,8633,5564,121.422
21611,5565,5564,30.451
21612,5564,5565,30.451
21613,5565,5566,127.33
21614,5566,5567,8.665
21615,5567,5566,8.665
21616,5566,8104,53.111
21617,8104,5567,53.121
21618,5568,6483,88.571
21619,6483,5568,88.571
21620,5727,5569,17.659
21621,5569,5727,17.659
21622,5569,5728,79.999
21623,5728,5569,79.999
21624,5570,5571,104.855
21625,5570,6487,146.20100000000002
21626,8719,5570,95.811
21627,6488,5571,146.229
21628,5571,6488,146.229
21629,5572,6015,146.221
21630,5573,9336,98.52
21631,9336,5573,98.52
21632,6489,5573,146.14999999999998
21633,5574,5575,49.907
21634,5575,5574,49.907
21635,9336,5574,100.146
21636,5574,9336,100.146
21637,5574,6490,146.469
21638,6490,5574,146.469
21639,5575,5949,146.444
21640,5949,5575,146.444
21641,5576,6459,146.095
21642,6459,5576,146.095
21643,6458,5576,86.822
21644,5576,6458,86.822
21645,5576,9874,102.855
21646,9874,5576,102.855
21647,7338,5577,83.82900000000001
21648,5577,7338,83.82900000000001
21649,5577,6484,148.277
21650,6484,5577,148.277
21651,5581,6396,94.635
21652,6396,5581,94.635
21653,5582,5583,87.60499999999999
21654,5583,5582,87.60499999999999
21655,5582,6397,138.4
21656,6397,5582,138.4
21657,5583,6687,74.30499999999999
21658,6687,5583,74.30499999999999
21659,5583,6398,162.857
21660,6398,5583,162.857
21661,5585,5593,63.9
21662,5593,5585,63.9
21663,5586,9447,70.09400000000001
21664,9447,5586,70.09400000000001
21665,5851,5586,78.763
21666,5586,5851,78.763
21667,7287,5586,87.94200000000001
21668,5586,7287,87.94200000000001
21669,6575,5588,164.98000000000002
21670,5588,6575,164.98000000000002
21671,5589,7249,10.812
21672,5589,7247,287.56000000000006
21673,5590,5591,78.30799999999999
21674,5591,5590,78.30799999999999
21675,9565,5590,36.207
21676,5591,5592,85.321
21677,5592,5591,85.321
21678,7908,5591,198.33
21679,5591,7908,198.33
21680,5592,7906,88.199
21681,7906,5592,88.199
21682,5593,6554,184.109
21683,6554,5593,184.109
21684,5594,6263,88.985
21685,6263,5594,88.985
21686,6394,5594,89.768
21687,5594,6394,89.768
21688,7922,5595,28.086
21689,5595,7922,28.086
21690,5595,6992,18.016
21691,6992,5595,18.016
21692,5596,6994,96.048
21693,5597,5596,18.792
21694,5596,5597,18.792
21695,6995,5596,89.98400000000001
21696,5598,7360,202.224
21697,5598,7944,215.413
21698,5599,7943,77.458
21699,5600,7421,14.801
21700,7421,5600,14.801
21701,5601,5605,12.809
21702,5601,8367,43.502
21703,5604,5601,12.184
21704,7903,5601,127.847
21705,5602,7190,74.338
21706,5603,7344,43.21
21707,7344,5603,43.21
21708,5603,7421,74.28299999999999
21709,6217,5604,12.146
21710,7139,5604,115.909
21711,5605,6217,12.058
21712,5605,7517,28.583
21713,6398,5606,62.062
21714,5606,6398,62.062
21715,5606,6687,165.486
21716,5606,6689,121.326
21717,6689,5606,121.326
21718,5607,7115,212.435
21719,5607,6415,26.493
21720,6415,5607,26.493
21721,6400,5608,84.697
21722,5608,6400,84.697
21723,5608,8265,151.17399999999998
21724,8265,5608,151.17399999999998
21725,5609,6296,140.342
21726,7627,5609,154.82799999999995
21727,5624,5610,69.423
21728,5610,5624,69.423
21729,5611,9542,8.153
21730,9542,5611,8.153
21731,8828,5611,137.454
21732,5611,8828,137.454
21733,5611,9544,25.248
21734,9543,5611,23.838
21735,9544,5612,70.625
21736,5612,9544,70.625
21737,5613,7238,58.384
21738,7238,5613,58.384
21739,5615,5614,59.894
21740,5614,5615,59.894
21741,5617,5614,45.121
21742,5614,5617,45.121
21743,5615,5982,141.854
21744,7399,5616,70.345
21745,5616,7399,70.345
21746,5618,6271,60.0
21747,5620,6611,421.7130000000001
21748,5620,9359,11.895
21749,9359,5620,11.895
21750,5621,5622,46.046
21751,5622,5621,46.046
21752,5625,8825,72.799
21753,8825,5625,72.799
21754,5626,7710,71.88
21755,7710,5626,71.88
21756,7784,5626,84.31
21757,5626,7784,84.31
21758,5626,5627,145.89
21759,5627,5626,145.89
21760,5627,5628,146.14299999999997
21761,5628,5627,146.14299999999997
21762,9732,5630,10.725
21763,5630,9732,10.725
21764,5630,5631,135.609
21765,5631,5630,135.609
21766,9536,5631,105.15
21767,5632,8785,146.28199999999998
21768,8785,5632,146.28199999999998
21769,8788,5633,146.316
21770,5633,8788,146.316
21771,5633,5634,146.144
21772,5634,5633,146.144
21773,5634,8789,146.399
21774,8789,5634,146.399
21775,8766,5635,78.099
21776,5635,8766,78.099
21777,5635,6043,213.653
21778,6043,5635,213.653
21779,5636,6984,74.316
21780,5636,7861,33.799
21781,7861,5636,33.799
21782,6478,5636,74.409
21783,5637,5638,56.07
21784,5638,5637,56.07
21785,5678,5640,144.88799999999998
21786,5640,5678,144.88799999999998
21787,6495,5641,179.67
21788,5641,6495,179.67
21789,5642,5643,69.90299999999999
21790,5643,5642,69.90299999999999
21791,8194,5642,89.974
21792,5642,8194,89.974
21793,5642,6426,181.17200000000005
21794,6426,5642,181.17200000000005
21795,5643,5864,182.051
21796,6551,5644,182.116
21797,5644,6551,182.116
21798,5644,9852,84.69900000000001
21799,9852,5644,84.69900000000001
21800,5645,9393,92.691
21801,9393,5645,92.691
21802,6499,5645,183.112
21803,7762,5646,8.603
21804,5646,7762,8.603
21805,7764,5646,11.701
21806,5648,5649,39.523
21807,5649,5648,39.523
21808,5650,5667,72.994
21809,5667,5650,72.994
21810,7735,5650,294.134
21811,5650,7735,294.134
21812,5823,5653,300.23900000000003
21813,5653,5823,300.23900000000003
21814,6403,5653,182.705
21815,5653,6403,182.705
21816,8273,5654,30.047
21817,5654,8273,30.047
21818,5655,6647,30.237
21819,6647,5655,30.237
21820,5655,5656,64.48700000000001
21821,5656,5655,64.48700000000001
21822,5656,6647,28.568
21823,6647,5656,28.568
21824,5657,5658,150.911
21825,5658,5657,150.911
21826,6336,5657,115.326
21827,5657,6336,115.326
21828,6039,5657,91.535
21829,5657,6039,91.535
21830,5658,6226,91.464
21831,5660,9828,92.464
21832,9828,5660,92.464
21833,6425,5660,97.294
21834,5660,6425,97.294
21835,5661,5660,178.878
21836,6262,5661,96.703
21837,5661,6262,96.703
21838,5662,8850,87.131
21839,8850,5662,87.131
21840,5662,8852,97.775
21841,8852,5662,97.775
21842,5672,5662,46.026
21843,5662,5672,46.026
21844,5663,5664,79.678
21845,5664,5663,79.678
21846,5665,8505,75.059
21847,8505,5665,75.059
21848,6086,5665,142.602
21849,5665,6086,142.602
21850,5666,5667,65.291
21851,5667,5666,65.291
21852,5668,5669,70.969
21853,5669,5668,70.969
21854,5825,5668,92.01
21855,5668,5825,92.01
21856,5669,9335,49.495
21857,9335,5669,49.495
21858,5669,5825,143.289
21859,5825,5669,143.289
21860,5670,5671,170.68200000000002
21861,5671,5670,170.68200000000002
21862,5670,5681,172.869
21863,5681,5670,172.869
21864,8847,5672,51.65
21865,5672,8847,51.65
21866,5675,7991,47.298
21867,7991,5675,47.298
21868,5675,8369,141.592
21869,8369,5675,138.851
21870,8622,5676,28.542
21871,5676,8622,28.542
21872,5676,8780,156.292
21873,8780,5676,156.292
21874,5677,9570,120.975
21875,9570,5677,120.975
21876,8764,5677,34.776
21877,5677,8764,34.776
21878,5677,6043,77.78599999999999
21879,6043,5677,77.78599999999999
21880,8769,5677,32.388
21881,5677,8769,32.388
21882,5682,5683,252.064
21883,5683,5682,252.064
21884,5687,5688,78.817
21885,5688,5687,78.817
21886,5692,6951,12.626
21887,6951,5692,12.626
21888,5692,5693,382.5100000000001
21889,8091,5692,658.196
21890,5693,9590,7.207000000000001
21891,6952,5693,15.414
21892,5694,8587,328.01399999999995
21893,8587,5694,328.01399999999995
21894,5694,9524,34.272
21895,8650,5694,201.555
21896,5695,8650,8.228
21897,5695,8643,264.19800000000004
21898,8689,5695,12.063
21899,9059,5695,71.263
21900,5696,7677,111.731
21901,9060,5696,68.824
21902,5697,6951,321.37800000000004
21903,6952,5697,75.02699999999999
21904,7544,5697,95.795
21905,7210,5698,44.305
21906,5698,7210,44.305
21907,9386,5698,197.443
21908,5698,9386,197.443
21909,5700,5701,84.246
21910,5701,5700,84.246
21911,5701,5702,86.217
21912,5702,5701,86.217
21913,5701,9609,203.324
21914,9609,5701,203.324
21915,5703,6810,182.357
21916,6810,5703,182.357
21917,6505,5706,31.414
21918,5706,6505,31.414
21919,5707,5932,266.866
21920,5932,5707,266.866
21921,5707,5708,85.418
21922,5708,5707,85.418
21923,5708,5858,176.34900000000002
21924,5858,5708,176.34900000000002
21925,9105,5708,147.464
21926,5708,9105,147.464
21927,5775,5709,79.201
21928,5709,5775,79.201
21929,5709,5710,109.719
21930,5710,5709,109.719
21931,7914,5709,239.481
21932,5709,7914,239.481
21933,6358,5710,79.249
21934,5710,6358,79.249
21935,5710,5711,104.498
21936,5711,5710,104.498
21937,5712,5713,43.464
21938,5713,5712,43.464
21939,5714,8382,150.70399999999998
21940,8382,5714,147.11899999999997
21941,5715,5716,22.058
21942,5716,5715,22.058
21943,5715,7992,48.56299999999999
21944,7992,5715,48.56299999999999
21945,5717,8257,200.451
21946,8257,5717,200.451
21947,6518,5718,57.008
21948,5718,6518,57.008
21949,5719,5720,76.209
21950,5720,5719,76.209
21951,5720,5721,33.103
21952,5721,5720,33.103
21953,5723,6445,78.653
21954,6445,5723,78.653
21955,5925,5723,82.453
21956,5723,5925,82.453
21957,5723,5724,201.593
21958,5724,5723,201.593
21959,5724,9560,201.095
21960,9560,5724,201.095
21961,5724,6446,78.921
21962,6446,5724,78.921
21963,5926,5724,82.241
21964,5724,5926,82.241
21965,5725,5928,82.78800000000001
21966,5928,5725,82.78800000000001
21967,6447,5725,82.38299999999998
21968,5725,6447,82.38299999999998
21969,5726,5756,82.735
21970,5756,5726,82.735
21971,5755,5726,81.606
21972,5726,5755,81.606
21973,5730,5731,74.233
21974,5731,5730,74.233
21975,6519,5730,112.82099999999998
21976,5731,8582,122.417
21977,8582,5731,122.417
21978,5731,5964,114.124
21979,5964,5731,114.124
21980,5732,5733,145.55400000000003
21981,8582,5732,75.43
21982,5732,8582,75.43
21983,8090,5732,48.392
21984,5733,7434,22.863
21985,7434,5733,22.863
21986,5733,8088,64.911
21987,7434,5734,33.566
21988,5734,7434,33.566
21989,5734,7433,126.376
21990,7433,5734,126.376
21991,7433,5735,108.514
21992,5735,7433,108.514
21993,5736,8343,76.405
21994,8343,5736,76.405
21995,5736,9254,77.872
21996,9254,5736,77.872
21997,5737,5738,86.92699999999999
21998,5738,5737,86.92699999999999
21999,5737,9209,102.389
22000,5930,5737,204.605
22001,5737,5930,204.605
22002,5931,5737,50.676
22003,5738,5739,83.115
22004,5739,5738,83.115
22005,5738,5857,204.406
22006,5857,5738,204.406
22007,5856,5738,64.80799999999999
22008,5738,5856,64.80799999999999
22009,5739,6030,204.19000000000003
22010,6030,5739,204.19000000000003
22011,6157,5739,203.433
22012,5739,6157,203.433
22013,5740,6031,203.616
22014,6031,5740,203.616
22015,6201,5740,202.469
22016,5740,6201,202.469
22017,5741,5742,86.27300000000001
22018,5742,5741,86.27300000000001
22019,5741,7023,137.538
22020,7023,5741,137.538
22021,6202,5741,202.02000000000004
22022,5741,6202,202.02000000000004
22023,6203,5742,201.627
22024,5742,6203,201.627
22025,5742,5743,83.298
22026,5743,5742,83.298
22027,5743,7024,87.809
22028,7024,5743,87.809
22029,6204,5743,200.847
22030,5743,6204,200.847
22031,5744,5745,39.567
22032,5745,5744,39.567
22033,7382,5745,91.359
22034,5745,7382,91.359
22035,7382,5745,278.963
22036,5936,5747,207.804
22037,5747,5936,207.804
22038,5748,7642,10.104
22039,7642,5748,10.104
22040,6546,5748,78.697
22041,5749,7110,202.282
22042,7110,5749,202.282
22043,5749,5999,75.944
22044,5999,5749,75.944
22045,6338,5749,61.437000000000005
22046,5749,6338,61.437000000000005
22047,5752,6414,102.034
22048,6414,5752,102.034
22049,5753,5754,82.492
22050,5754,5753,82.492
22051,5758,9042,314.28200000000004
22052,9042,5758,314.28200000000004
22053,9039,5758,74.863
22054,5758,9039,74.863
22055,9040,5758,74.166
22056,5758,9040,74.166
22057,5760,6034,83.28099999999999
22058,6034,5760,83.28099999999999
22059,5760,5761,185.502
22060,5761,5760,185.502
22061,5761,6035,82.496
22062,6035,5761,82.496
22063,6036,5762,82.176
22064,5762,6036,82.176
22065,5763,5764,169.892
22066,5764,5763,169.892
22067,5763,6615,45.111
22068,6615,5763,45.111
22069,7790,5763,84.20599999999999
22070,5763,7790,84.20599999999999
22071,5764,5765,13.61
22072,5765,5764,13.61
22073,5766,5769,12.854
22074,5769,5766,12.854
22075,5766,5767,141.341
22076,5767,5766,141.341
22077,5768,5769,100.872
22078,5769,5768,100.872
22079,5769,7116,79.551
22080,7116,5769,79.551
22081,5770,7641,86.083
22082,5771,6002,162.03300000000002
22083,6002,5771,162.03300000000002
22084,5772,6383,82.491
22085,6383,5772,82.491
22086,6382,5772,80.558
22087,5772,6382,80.558
22088,5773,6621,24.329
22089,6621,5773,24.329
22090,5773,5774,65.462
22091,5774,5773,65.462
22092,5775,6358,109.651
22093,6358,5775,109.651
22094,9332,5775,139.326
22095,5775,9332,139.326
22096,6507,5776,79.614
22097,5776,6507,79.614
22098,5776,6508,70.02199999999999
22099,6508,5776,70.02199999999999
22100,8969,5777,162.47500000000002
22101,5777,8969,162.47500000000002
22102,5777,8970,98.875
22103,8970,5777,98.875
22104,7093,5777,200.703
22105,5777,7093,200.703
22106,5778,8664,4.156
22107,7556,5778,28.127
22108,8017,5778,28.425
22109,5779,7558,12.386
22110,5780,5779,132.714
22111,8586,5780,208.54799999999997
22112,5780,8586,208.54799999999997
22113,8018,5780,98.56
22114,5781,5979,51.317
22115,5979,5781,51.317
22116,5782,5783,153.366
22117,5783,5782,153.366
22118,9873,5782,99.678
22119,5782,9873,99.678
22120,5782,9240,85.258
22121,7568,5783,86.225
22122,5783,7568,86.225
22123,5784,7834,80.048
22124,7834,5784,80.048
22125,5785,5786,141.912
22126,5786,5785,141.912
22127,7824,5786,467.163
22128,8274,5787,55.377
22129,5787,8274,55.377
22130,5788,5789,80.197
22131,5789,5788,80.197
22132,5789,5790,132.701
22133,5790,5789,132.701
22134,5894,5789,110.834
22135,5789,5894,110.834
22136,5790,6701,15.962
22137,6701,5790,15.962
22138,5792,6390,89.17099999999999
22139,6390,5792,89.17099999999999
22140,5794,5795,603.8439999999998
22141,5795,5794,603.8439999999998
22142,5795,5794,126.813
22143,5794,5795,126.813
22144,5794,8040,180.818
22145,8040,5794,180.818
22146,5795,5796,214.784
22147,5796,5795,214.784
22148,5796,6510,79.996
22149,6510,5796,79.996
22150,5797,9242,98.416
22151,9242,5797,98.416
22152,5797,8101,89.56800000000001
22153,8101,5797,89.56800000000001
22154,5797,9241,219.21
22155,9241,5797,219.21
22156,5799,9650,149.67
22157,9650,5799,149.67
22158,9204,5799,199.603
22159,5799,9204,199.603
22160,8347,5800,365.285
22161,5800,8347,365.285
22162,6413,5801,74.071
22163,5801,6413,74.071
22164,5802,7270,10.599
22165,7270,5802,10.599
22166,5802,6181,146.192
22167,6460,5802,146.41400000000002
22168,6477,5803,146.306
22169,5803,6477,146.306
22170,5803,6659,99.142
22171,6659,5803,99.142
22172,5803,6180,146.147
22173,6180,5803,146.147
22174,5804,6021,146.238
22175,6020,5804,146.33100000000002
22176,5805,5806,105.143
22177,5806,5805,105.143
22178,7678,5805,104.589
22179,5805,7678,104.589
22180,5805,6475,146.37900000000002
22181,6475,5805,146.37900000000002
22182,6179,5805,146.226
22183,5805,6179,146.226
22184,5806,6178,146.20100000000002
22185,5806,9280,105.074
22186,9280,5806,105.074
22187,6474,5806,146.381
22188,6009,5807,146.264
22189,5807,6009,146.264
22190,5807,6010,146.274
22191,6010,5807,146.274
22192,5807,7299,104.743
22193,7299,5807,104.743
22194,9280,5807,104.881
22195,5807,9280,104.881
22196,7298,5808,104.858
22197,5808,7298,104.858
22198,5808,6081,146.117
22199,6080,5808,146.62099999999998
22200,5809,6184,146.15699999999998
22201,6184,5809,146.15699999999998
22202,6473,5809,146.601
22203,5809,6473,146.601
22204,5810,6472,146.63
22205,5811,8812,52.522
22206,8812,5811,52.522
22207,5897,5811,146.69899999999998
22208,5811,5897,146.69899999999998
22209,5813,7672,262.58700000000005
22210,7672,5813,262.58700000000005
22211,5814,8378,102.378
22212,5814,5815,76.83500000000001
22213,5815,5814,76.83500000000001
22214,5815,6527,70.953
22215,6527,5815,70.953
22216,6267,5816,87.171
22217,5816,6267,87.171
22218,5820,6976,35.977000000000004
22219,9016,5820,77.444
22220,5821,6382,77.518
22221,6382,5821,77.518
22222,9015,5821,77.88900000000001
22223,5821,9015,77.88900000000001
22224,6291,5822,286.248
22225,5822,6291,286.248
22226,5907,5823,76.417
22227,5823,5907,76.417
22228,5827,7046,112.976
22229,7046,5827,112.976
22230,7395,5827,78.478
22231,5827,7395,78.478
22232,8849,5829,10.033
22233,5829,8849,10.033
22234,5829,8184,93.375
22235,8184,5829,93.375
22236,8186,5829,83.193
22237,5830,6800,125.09600000000002
22238,7944,5831,79.00200000000001
22239,5832,6103,159.996
22240,6103,5832,159.996
22241,5833,6799,83.48599999999999
22242,6800,5833,101.825
22243,7066,5834,146.25400000000002
22244,5834,7066,146.25400000000002
22245,5834,7404,45.84
22246,8845,5834,46.619
22247,6102,5835,87.42300000000002
22248,5835,6102,87.42300000000002
22249,8563,5838,78.784
22250,5838,8563,78.784
22251,8566,5838,107.86
22252,5838,8566,107.86
22253,8564,5838,175.153
22254,5841,5840,69.79
22255,5840,5841,69.79
22256,5840,5840,323.151
22257,9550,5841,7.521
22258,5841,9550,7.521
22259,5841,6545,172.247
22260,5843,9324,46.538
22261,9324,5843,46.538
22262,5843,5844,174.53099999999998
22263,5844,5843,174.53099999999998
22264,5844,6297,81.45400000000001
22265,6297,5844,81.45400000000001
22266,5845,8034,45.491
22267,8038,5845,45.432
22268,6273,5847,75.794
22269,5848,5849,79.132
22270,5849,5848,79.132
22271,7792,5848,60.625
22272,5848,7792,60.625
22273,5850,5851,79.255
22274,5851,5850,79.255
22275,5852,9447,16.697
22276,9447,5852,16.697
22277,9448,5852,22.499
22278,5852,9448,22.499
22279,5854,7756,62.969
22280,7756,5854,62.969
22281,5930,5857,86.784
22282,5857,5930,86.784
22283,5857,7011,231.979
22284,7011,5857,231.979
22285,5857,6030,83.91799999999998
22286,6030,5857,83.91799999999998
22287,5858,6159,59.178
22288,6159,5858,59.178
22289,5858,5859,28.656
22290,5859,5858,28.656
22291,5932,5859,122.056
22292,5859,5932,122.056
22293,5859,9165,97.601
22294,9165,5859,97.601
22295,5860,8469,135.435
22296,6556,5861,54.834
22297,5861,6556,54.834
22298,5862,5943,54.806
22299,5943,5862,54.806
22300,5863,5862,332.66200000000003
22301,5864,6551,36.516
22302,6426,5864,70.374
22303,5937,5866,207.425
22304,5866,5937,207.425
22305,5867,6638,207.509
22306,6638,5867,207.509
22307,5868,6209,207.543
22308,6209,5868,207.543
22309,5868,5869,94.037
22310,5869,5868,94.037
22311,5869,6532,207.571
22312,6532,5869,207.571
22313,5870,6469,207.635
22314,6469,5870,207.635
22315,5870,5871,98.74
22316,5871,5870,98.74
22317,5871,6632,207.66
22318,6632,5871,207.66
22319,5872,5873,94.416
22320,5873,5872,94.416
22321,5872,6283,207.76
22322,6283,5872,207.76
22323,5873,5976,207.787
22324,5976,5873,207.787
22325,5874,6463,208.04
22326,6463,5874,208.04
22327,5874,5875,94.323
22328,5875,5874,94.323
22329,5875,6633,207.984
22330,6633,5875,207.984
22331,5876,5904,207.966
22332,5904,5876,207.966
22333,8833,5877,94.28
22334,5877,8833,94.28
22335,5877,6517,207.775
22336,6517,5877,207.775
22337,8056,5879,134.13
22338,5879,8056,134.13
22339,7697,5880,44.33
22340,5880,7697,44.33
22341,5882,9567,10.265
22342,9567,5882,10.265
22343,6617,5882,130.615
22344,5882,6617,130.615
22345,5883,5884,54.087
22346,5884,5883,54.087
22347,5940,5883,109.326
22348,5883,5940,109.326
22349,5884,6022,58.77
22350,6022,5884,58.77
22351,5941,5884,109.403
22352,5884,5941,109.403
22353,7832,5885,57.238
22354,5885,7832,57.238
22355,5885,5886,101.096
22356,5886,5885,120.52899999999998
22357,7888,5886,11.656
22358,5886,7888,11.656
22359,5888,5887,128.47
22360,5887,5888,128.47
22361,5887,5888,361.8430000000001
22362,5890,5887,58.931
22363,5887,5890,58.931
22364,8086,5888,277.905
22365,5888,8086,277.905
22366,5890,6037,521.3090000000001
22367,6037,5890,521.3090000000001
22368,5891,5892,73.07400000000001
22369,5892,5891,73.07400000000001
22370,5891,6572,202.352
22371,6572,5891,202.352
22372,5892,8518,21.15
22373,8518,5892,21.15
22374,5893,8427,162.343
22375,8427,5893,162.343
22376,5893,8428,46.53
22377,8428,5893,46.53
22378,5946,5893,94.603
22379,5893,5946,94.603
22380,8427,5894,349.02000000000004
22381,5894,8427,349.02000000000004
22382,6471,5897,52.671
22383,5897,6471,52.671
22384,6920,5899,204.53500000000005
22385,5899,6920,204.53500000000005
22386,9893,5902,207.898
22387,5902,9893,207.898
22388,5903,7518,57.904
22389,7518,5903,57.904
22390,5904,8835,207.999
22391,8835,5904,207.999
22392,6165,5905,91.648
22393,5905,6165,91.648
22394,5907,6403,124.067
22395,6403,5907,124.067
22396,8300,5908,19.825
22397,5908,8300,19.825
22398,5909,6079,138.219
22399,6079,5909,138.219
22400,5909,5910,52.127
22401,5911,6153,137.424
22402,6153,5911,137.424
22403,9248,5911,146.311
22404,5911,9248,146.311
22405,6008,5912,136.21200000000002
22406,5912,6008,136.21200000000002
22407,5913,5914,104.958
22408,5913,7335,146.266
22409,6604,5913,136.387
22410,7334,5914,146.429
22411,5914,7334,146.429
22412,5914,6616,136.111
22413,6616,5914,136.111
22414,6555,5915,135.69
22415,5915,6555,135.69
22416,6019,5916,136.384
22417,5917,6627,137.779
22418,9229,5917,146.263
22419,5918,7305,10.616
22420,5918,7402,139.91899999999998
22421,7264,5918,146.06500000000003
22422,9541,5919,24.816000000000003
22423,5920,7255,10.429
22424,7255,5920,10.429
22425,5920,8514,327.7739999999999
22426,7873,5920,21.793
22427,5920,7873,21.793
22428,8149,5920,54.574000000000005
22429,5921,6020,73.083
22430,5922,5923,119.497
22431,5923,5922,119.497
22432,5923,5924,66.37100000000001
22433,5924,5923,66.37100000000001
22434,5925,5926,201.607
22435,5926,5925,201.607
22436,5926,5927,202.12
22437,5927,5926,202.12
22438,5927,9560,82.219
22439,9560,5927,82.219
22440,8272,5929,50.71
22441,5929,8272,50.71
22442,6292,5931,135.955
22443,5931,6292,135.955
22444,8556,5931,35.887
22445,5933,5934,182.453
22446,5934,5933,182.453
22447,5934,9641,43.622
22448,9641,5934,43.622
22449,6817,5936,207.403
22450,5936,6817,207.403
22451,8861,5937,173.67899999999997
22452,5937,8861,173.67899999999997
22453,7432,5938,151.658
22454,5938,7432,151.658
22455,5940,5941,55.404
22456,5941,5940,55.404
22457,5942,6107,138.667
22458,6107,5942,138.667
22459,5943,6557,156.044
22460,6557,5943,156.044
22461,5944,8365,74.673
22462,8365,5944,74.673
22463,5945,8426,176.327
22464,8426,5945,176.327
22465,5946,5945,274.78
22466,5945,5946,274.78
22467,5947,7222,145.292
22468,7222,5947,145.292
22469,7222,5948,87.365
22470,5948,7222,87.365
22471,7223,5948,53.503
22472,5948,7223,53.503
22473,5949,5950,146.567
22474,5950,5949,146.567
22475,5949,6490,49.61
22476,6490,5949,49.61
22477,5950,6375,49.613
22478,6375,5950,49.613
22479,5951,5952,69.511
22480,7194,5951,101.336
22481,7932,5951,7.31
22482,5952,7932,71.975
22483,5952,5953,78.616
22484,5953,5952,78.616
22485,5953,6485,22.46
22486,6485,5953,22.46
22487,7931,5953,15.086
22488,5953,7931,15.086
22489,7933,5953,43.901
22490,5953,7933,43.901
22491,5954,8628,29.744
22492,8628,5954,29.744
22493,8500,5954,163.917
22494,5954,8500,163.917
22495,5954,8247,37.564
22496,8247,5954,37.564
22497,5955,6703,89.46900000000001
22498,6703,5955,89.46900000000001
22499,6369,5955,47.362
22500,5955,6369,47.362
22501,8247,5955,54.323
22502,5955,8247,54.323
22503,5956,5957,200.743
22504,5957,5956,200.743
22505,5956,6705,89.947
22506,5957,6707,90.103
22507,6707,5957,90.103
22508,9533,5958,146.01399999999998
22509,5958,9533,146.01399999999998
22510,8515,5958,97.72
22511,5958,8515,97.72
22512,7265,5959,10.574
22513,5959,7265,10.574
22514,7307,5961,8.537
22515,5961,7307,8.537
22516,5963,5962,52.525
22517,5962,5963,52.525
22518,5962,9248,146.779
22519,9248,5962,146.779
22520,7952,5965,79.784
22521,5965,7952,79.784
22522,9624,5967,91.861
22523,5967,9624,91.861
22524,9683,5967,25.937
22525,5967,9683,25.937
22526,5969,7419,25.061
22527,7419,5969,25.061
22528,6506,5969,58.099
22529,5969,6506,58.099
22530,6909,5970,204.524
22531,5970,6909,204.524
22532,6116,5970,94.222
22533,5970,6116,94.222
22534,6280,5971,94.264
22535,5971,6280,94.264
22536,9714,5971,201.015
22537,5971,9714,201.015
22538,6167,5972,94.303
22539,5972,6167,94.303
22540,5973,9922,4.633
22541,9922,5973,4.633
22542,9911,5973,4.798
22543,5973,9911,4.798
22544,5973,9436,18.952
22545,9436,5973,18.952
22546,6281,5973,94.326
22547,5973,6281,94.326
22548,6055,5974,94.329
22549,5974,6055,94.329
22550,9922,5974,203.106
22551,5974,9922,203.106
22552,5975,6847,207.251
22553,6847,5975,207.251
22554,6149,5975,94.647
22555,5975,6149,94.647
22556,6283,5976,94.342
22557,5976,6283,94.342
22558,5976,8875,208.042
22559,8875,5976,208.042
22560,5977,6975,19.28
22561,6975,5977,19.28
22562,9742,5980,110.63
22563,5981,9581,251.49
22564,9581,5981,251.49
22565,6580,5981,234.76800000000003
22566,5983,5984,57.863
22567,5985,6308,171.24200000000002
22568,6308,5985,171.24200000000002
22569,5986,7213,71.67299999999999
22570,7845,5986,16.692
22571,7846,5986,85.911
22572,6652,5987,111.583
22573,5987,6652,111.583
22574,5987,5988,162.224
22575,5988,5987,162.224
22576,5987,6450,321.938
22577,6450,5987,321.938
22578,5988,5989,236.971
22579,5989,5988,236.971
22580,6651,5988,112.916
22581,5988,6651,112.916
22582,5989,8058,155.26000000000002
22583,8058,5989,155.26000000000002
22584,5989,9738,86.561
22585,9738,5989,86.561
22586,5990,8480,49.241
22587,8480,5990,49.241
22588,8483,5990,59.269
22589,5990,8483,59.269
22590,5990,5991,80.638
22591,5991,5990,80.638
22592,8243,5994,93.29900000000002
22593,5994,8243,93.29900000000002
22594,5995,7646,157.019
22595,7646,5995,157.019
22596,5998,8912,37.665
22597,8912,5998,37.665
22598,5998,7988,29.289
22599,6000,6001,53.341
22600,6001,6000,53.341
22601,6000,6002,19.598
22602,6002,6000,19.598
22603,6004,6005,146.466
22604,6005,6004,146.466
22605,6005,6006,147.46300000000002
22606,6006,6005,147.46300000000002
22607,6007,9749,8.0
22608,9749,6007,8.0
22609,6007,6764,108.507
22610,6741,6007,202.211
22611,9749,6008,10.459
22612,6008,9749,10.459
22613,6008,6153,207.65
22614,7789,6009,76.628
22615,6009,7789,76.628
22616,7316,6010,104.956
22617,6010,7316,104.956
22618,6011,6045,227.211
22619,6045,6011,227.211
22620,6987,6011,87.19200000000001
22621,6011,6987,87.19200000000001
22622,6014,9356,141.84699999999998
22623,6015,6016,146.364
22624,6016,6017,146.481
22625,6017,6018,146.26100000000002
22626,9780,6019,7.18
22627,6024,7510,28.106
22628,7510,6024,28.106
22629,6655,6024,62.676
22630,6024,6655,62.676
22631,6024,6122,255.573
22632,6122,6024,255.573
22633,6654,6025,132.251
22634,6025,6654,132.251
22635,6026,6027,23.384
22636,6027,6026,23.384
22637,6028,8230,62.262
22638,8230,6028,62.262
22639,6028,8228,26.628
22640,8240,6028,23.783
22641,6030,7012,201.062
22642,7012,6030,201.062
22643,6031,7015,108.53000000000004
22644,7015,6031,108.53000000000004
22645,6032,6033,201.664
22646,6033,6032,201.664
22647,6033,6034,15.428
22648,6034,6033,15.428
22649,6034,6035,185.83
22650,6035,6034,185.83
22651,6037,6038,323.29900000000004
22652,6038,6037,323.29900000000004
22653,6039,6226,151.12099999999998
22654,6070,6039,88.792
22655,6041,6042,150.399
22656,6042,6041,150.399
22657,6182,6041,76.569
22658,6041,6182,76.569
22659,6042,8753,77.392
22660,8753,6042,77.392
22661,6183,6042,74.50800000000001
22662,6042,6183,74.50800000000001
22663,6043,7860,78.275
22664,7860,6043,78.275
22665,6545,6044,81.036
22666,6044,6545,81.036
22667,6046,7978,12.271
22668,7978,6046,12.271
22669,6420,6046,93.743
22670,6046,6420,93.743
22671,6051,8225,71.895
22672,8225,6051,71.895
22673,6494,6052,224.888
22674,6052,6494,224.888
22675,6052,8975,40.652
22676,8975,6052,40.652
22677,8214,6052,84.443
22678,6052,8214,84.443
22679,8975,6053,93.366
22680,6053,8975,93.366
22681,6053,6054,99.204
22682,6054,6053,99.204
22683,6468,6053,207.779
22684,6053,6468,207.779
22685,9920,6054,203.127
22686,6054,9920,203.127
22687,9916,6055,202.104
22688,6055,9916,202.104
22689,6056,6057,94.366
22690,6057,6056,94.366
22691,6465,6056,207.865
22692,6056,6465,207.865
22693,6057,6571,207.875
22694,6571,6057,207.875
22695,6057,6968,40.45
22696,6968,6057,40.45
22697,6058,6059,94.489
22698,6059,6058,94.489
22699,6190,6058,207.942
22700,6058,6190,207.942
22701,6516,6059,207.952
22702,6059,6516,207.952
22703,7695,6062,60.934
22704,6062,7695,60.934
22705,9720,6062,123.23
22706,6063,6064,14.534
22707,6063,6065,166.78
22708,7225,6063,50.657
22709,9263,6063,11.659
22710,6064,9263,15.847
22711,6064,9636,575.9250000000001
22712,6672,6064,678.5199999999999
22713,6065,6066,536.1989999999998
22714,7225,6065,203.265
22715,6066,6671,65.291
22716,6066,9049,55.64200000000001
22717,6069,6070,68.157
22718,6070,6069,68.157
22719,6415,6070,86.13799999999999
22720,6072,6431,60.39
22721,6431,6072,60.39
22722,6073,8158,78.54
22723,8158,6073,78.54
22724,7474,6073,72.995
22725,6073,7474,72.995
22726,6074,7754,49.94
22727,7754,6074,49.94
22728,6075,8152,79.513
22729,8152,6075,79.513
22730,6076,7783,138.578
22731,7783,6076,138.578
22732,6077,6394,90.079
22733,6394,6077,90.079
22734,6078,6312,89.102
22735,6312,6078,89.102
22736,8256,6078,88.309
22737,6078,8256,88.309
22738,6079,9790,5.266
22739,6081,9142,104.87699999999998
22740,9142,6081,104.87699999999998
22741,6081,8690,146.489
22742,6082,9556,108.374
22743,6082,6083,142.918
22744,6084,9647,8.947
22745,9647,6084,8.947
22746,8509,6086,90.625
22747,6086,8509,90.625
22748,6086,6298,79.68199999999999
22749,6298,6086,79.68199999999999
22750,6090,8336,153.657
22751,8336,6090,153.657
22752,6091,6092,204.29
22753,6092,6091,204.29
22754,6092,6513,84.973
22755,6513,6092,84.973
22756,6093,6302,148.554
22757,6302,6093,148.554
22758,9140,6093,145.225
22759,6093,9140,145.225
22760,6094,6095,104.799
22761,6223,6094,33.345
22762,6095,6304,146.398
22763,6304,6095,146.398
22764,6096,8387,146.464
22765,6097,7400,91.649
22766,7400,6097,91.649
22767,9262,6098,110.804
22768,6098,9262,110.804
22769,6098,8015,68.78200000000001
22770,8015,6098,68.78200000000001
22771,6101,7063,98.033
22772,7063,6101,98.033
22773,8903,6104,138.225
22774,7340,6106,60.218
22775,6106,7340,60.218
22776,6311,6108,144.503
22777,6108,6311,144.503
22778,6109,7844,269.373
22779,6110,6109,23.665
22780,6109,6110,23.665
22781,7170,6109,960.923
22782,6110,7910,991.991
22783,7215,6110,271.47100000000006
22784,6945,6111,204.507
22785,6111,6945,204.507
22786,6927,6112,204.5
22787,6112,6927,204.5
22788,6112,6113,94.151
22789,6113,6112,94.151
22790,6113,7699,200.609
22791,7699,6113,200.609
22792,6937,6113,204.507
22793,6113,6937,204.507
22794,6928,6114,204.508
22795,6114,6928,204.508
22796,6114,6115,99.417
22797,6115,6114,99.417
22798,6114,7701,200.66200000000003
22799,7701,6114,200.66200000000003
22800,6115,7702,200.651
22801,7702,6115,200.651
22802,6938,6115,204.516
22803,6115,6938,204.516
22804,8923,6116,210.226
22805,6116,8923,210.226
22806,6929,6117,204.525
22807,6117,6929,204.525
22808,6118,6117,94.294
22809,6117,6118,94.294
22810,6118,9426,200.604
22811,9426,6118,200.604
22812,8929,6118,36.908
22813,6118,8929,36.908
22814,6924,6119,204.536
22815,6119,6924,204.536
22816,6120,6119,94.259
22817,6119,6120,94.259
22818,6908,6120,204.545
22819,6120,6908,204.545
22820,6122,8048,110.123
22821,8048,6122,110.123
22822,6122,6123,218.459
22823,6123,6122,218.459
22824,6123,6621,20.517
22825,6621,6123,20.517
22826,8049,6123,48.853
22827,6123,8049,48.853
22828,8004,6125,81.49499999999999
22829,6125,8004,81.49499999999999
22830,6126,9875,243.608
22831,9875,6126,243.608
22832,7252,6128,113.804
22833,6128,7252,113.804
22834,8450,6128,14.003
22835,6130,6131,51.05800000000001
22836,6131,6130,51.05800000000001
22837,6131,6731,110.704
22838,6381,6131,103.302
22839,9266,6133,214.052
22840,6133,9266,214.052
22841,6134,9342,46.607
22842,9342,6134,46.607
22843,9214,6134,19.351
22844,6134,9214,19.351
22845,6135,7288,45.385000000000005
22846,7289,6135,162.392
22847,6337,6137,145.026
22848,6137,6337,145.026
22849,6138,6137,188.862
22850,6138,6401,81.213
22851,6401,6138,81.213
22852,6337,6138,65.97
22853,6138,6337,65.97
22854,6139,6140,76.966
22855,8093,6140,49.422
22856,6142,6643,131.464
22857,6643,6142,131.464
22858,6144,6824,207.378
22859,6824,6144,207.378
22860,6145,6146,94.331
22861,6146,6145,94.331
22862,6822,6145,207.388
22863,6145,6822,207.388
22864,6146,6833,207.383
22865,6833,6146,207.383
22866,6147,6148,98.945
22867,6148,6147,98.945
22868,6147,7848,178.672
22869,7848,6147,178.672
22870,6148,6386,77.19500000000001
22871,6386,6148,77.19500000000001
22872,6149,6836,207.258
22873,6836,6149,207.258
22874,6150,8826,94.393
22875,8826,6150,94.393
22876,6150,6852,208.371
22877,6852,6150,208.371
22878,6152,8159,12.745
22879,8159,6152,12.745
22880,8153,6152,66.169
22881,6152,8153,66.169
22882,6153,9788,6.585
22883,9788,6153,6.585
22884,6154,6768,146.351
22885,6768,6154,146.351
22886,7317,6154,146.636
22887,6154,7317,146.636
22888,9555,6155,7.594
22889,6155,9555,7.594
22890,6155,6156,137.40800000000002
22891,6156,6155,137.40800000000002
22892,6158,7141,9.11
22893,7141,6158,9.11
22894,6159,6355,53.1
22895,6355,6159,53.1
22896,6160,6161,56.243
22897,6161,6160,56.243
22898,6162,6163,94.409
22899,6163,6162,94.409
22900,6164,6165,31.853
22901,6165,6164,31.853
22902,6166,8979,6.763
22903,8979,6166,6.763
22904,6166,7991,189.943
22905,6168,6169,94.347
22906,6169,6168,94.347
22907,6169,6969,40.393
22908,6969,6169,40.393
22909,9611,6170,273.949
22910,6170,9611,273.949
22911,8169,6170,68.04899999999999
22912,6170,8169,68.04899999999999
22913,6173,6174,284.515
22914,6174,6173,284.515
22915,6175,6581,95.337
22916,6178,6179,105.204
22917,6179,6178,105.204
22918,6179,9281,104.55
22919,9281,6179,104.55
22920,9221,6180,98.988
22921,6180,9221,98.988
22922,7271,6181,10.597
22923,6181,7271,10.597
22924,6182,6183,133.401
22925,6183,6182,133.401
22926,8771,6182,59.07
22927,6182,8771,59.07
22928,6185,6430,175.659
22929,6430,6185,175.659
22930,8439,6186,71.447
22931,6186,8439,71.447
22932,7921,6187,18.818
22933,6187,7921,18.818
22934,6189,6515,94.29
22935,6515,6189,94.29
22936,6516,6190,94.47
22937,6190,6516,94.47
22938,6516,6190,98.73100000000002
22939,6191,8575,94.919
22940,9892,6191,85.805
22941,6191,9892,85.805
22942,6192,6517,94.228
22943,6517,6192,94.228
22944,6192,8804,208.062
22945,8804,6192,208.062
22946,8833,6192,207.795
22947,6192,8833,207.795
22948,6193,9578,10.626
22949,9577,6193,10.941
22950,6195,9837,217.039
22951,9837,6195,217.039
22952,6502,6195,90.5
22953,6195,6502,90.5
22954,6196,6197,86.887
22955,6197,6196,86.887
22956,6325,6197,91.538
22957,6197,6325,91.538
22958,6197,6198,101.852
22959,6198,6197,101.852
22960,6199,6200,97.466
22961,6200,6199,97.466
22962,6199,6583,355.442
22963,6583,6199,355.442
22964,6200,6583,523.001
22965,6583,6200,523.001
22966,6202,6203,85.839
22967,6203,6202,85.839
22968,6203,6204,85.285
22969,6204,6203,85.285
22970,6205,6998,169.77
22971,6998,6205,169.77
22972,6206,7001,95.956
22973,7001,6206,95.956
22974,6224,6206,158.575
22975,6206,6224,158.575
22976,6206,6207,84.408
22977,6207,6206,84.408
22978,6208,6533,93.999
22979,6533,6208,93.999
22980,7089,6208,200.463
22981,6208,7089,200.463
22982,6209,6532,93.935
22983,6532,6209,93.935
22984,6211,6212,201.803
22985,6212,6211,201.803
22986,6212,6332,83.772
22987,6332,6212,83.772
22988,6333,6213,81.843
22989,6213,6333,81.843
22990,6214,7828,111.044
22991,7828,6214,111.044
22992,6435,6214,106.372
22993,6214,6435,106.372
22994,6214,6215,90.826
22995,8244,6214,84.754
22996,6215,6216,200.999
22997,6216,6215,200.999
22998,6216,8672,39.463
22999,8672,6216,39.463
23000,6217,9164,83.13499999999999
23001,7180,6217,72.11
23002,7140,6218,7.422
23003,6218,7140,7.422
23004,6218,6622,196.742
23005,6622,6218,196.742
23006,6218,6219,69.43299999999999
23007,7736,6219,9.237
23008,6219,7736,9.237
23009,9567,6219,25.752
23010,6219,9567,25.752
23011,6219,9566,25.601
23012,6220,7736,116.832
23013,7907,6220,101.818
23014,6221,8127,105.557
23015,8127,6221,105.557
23016,6221,8125,251.669
23017,8125,6221,251.669
23018,6222,6223,53.822
23019,6223,6222,53.822
23020,6303,6223,113.028
23021,8510,6225,137.081
23022,6225,8510,137.081
23023,6226,8606,97.155
23024,6227,8045,77.35900000000001
23025,6228,6229,178.58499999999998
23026,6229,6228,178.58499999999998
23027,6228,7058,96.872
23028,7058,6228,96.872
23029,6229,7059,96.649
23030,7059,6229,96.649
23031,6230,9143,57.514
23032,9183,6230,228.054
23033,6231,7823,73.887
23034,7823,6231,73.887
23035,6428,6231,47.723
23036,6231,6428,47.723
23037,6232,9169,15.753
23038,9169,6232,15.753
23039,6233,6234,102.862
23040,6234,6233,102.862
23041,6466,6233,113.775
23042,6233,6466,113.775
23043,6234,8926,93.073
23044,8926,6234,93.073
23045,6234,8359,51.82899999999999
23046,6234,8934,209.011
23047,8934,6234,209.011
23048,9117,6234,42.405
23049,6239,7097,16.164
23050,7097,6239,16.164
23051,6242,6239,25.554
23052,6239,6242,25.554
23053,8740,6240,76.189
23054,8741,6240,19.458
23055,6241,6247,12.422
23056,8741,6241,19.318
23057,6242,6243,46.46
23058,6243,6242,46.46
23059,6244,6245,359.679
23060,6245,6244,359.679
23061,7097,6245,17.07
23062,6245,7097,17.07
23063,6736,6245,94.707
23064,6246,8317,138.99
23065,6246,6309,79.122
23066,8422,6246,97.054
23067,6247,8741,9.64
23068,6247,8150,79.569
23069,6248,7595,53.697
23070,6248,7286,65.228
23071,9615,6249,62.06
23072,7811,6250,293.435
23073,9557,6251,7.164
23074,6251,9557,7.164
23075,6251,6546,71.962
23076,7643,6251,72.07
23077,6255,6256,178.044
23078,6256,6255,178.044
23079,6257,6343,26.391
23080,6343,6257,26.391
23081,6496,6260,178.84400000000002
23082,6260,6496,178.84400000000002
23083,6261,6262,95.947
23084,6262,6261,95.947
23085,6492,6261,178.15800000000002
23086,6261,6492,178.15800000000002
23087,6262,6425,178.394
23088,6425,6262,178.394
23089,6267,6268,92.346
23090,6268,6267,92.346
23091,6269,6270,19.225
23092,6270,6269,19.225
23093,6270,6271,75.923
23094,6271,6270,75.923
23095,6274,9686,90.368
23096,6274,9694,51.732
23097,7547,6277,21.32
23098,6277,7547,21.32
23099,6277,6433,47.881
23100,6278,6972,87.549
23101,6975,6278,79.89099999999999
23102,6279,7877,105.361
23103,6279,9027,80.594
23104,9027,6279,80.594
23105,9572,6279,25.729
23106,6279,9572,25.729
23107,9573,6279,21.363
23108,9713,6280,201.648
23109,6280,9713,201.648
23110,9910,6281,4.7
23111,6281,9910,4.7
23112,6281,9916,5.641
23113,9916,6281,5.641
23114,8442,6284,9.426
23115,6284,8442,9.426
23116,8442,6284,228.76
23117,6284,8986,207.002
23118,8986,6284,190.372
23119,6285,6285,174.109
23120,9843,6286,70.50100000000002
23121,8074,6287,67.03
23122,6287,8074,67.03
23123,9311,6287,62.957
23124,6287,9311,62.957
23125,6289,6333,82.111
23126,6333,6289,82.111
23127,6292,8556,112.803
23128,6293,6292,223.67
23129,6293,8560,11.065
23130,6294,6293,13.351
23131,8561,6294,11.022
23132,6295,9210,16.978
23133,6295,8555,51.737
23134,8555,6295,51.737
23135,9209,6295,19.49
23136,6297,6512,70.348
23137,6512,6297,70.348
23138,6644,6298,28.731
23139,6298,6644,28.731
23140,6300,6301,284.847
23141,6301,6300,284.847
23142,6302,8307,25.362
23143,6304,6303,104.818
23144,6372,6303,146.45899999999995
23145,6304,6373,146.451
23146,6373,6304,146.451
23147,6375,6305,145.88500000000002
23148,6305,6375,145.88500000000002
23149,6306,9102,146.36
23150,9102,6306,146.36
23151,6306,6376,197.341
23152,6307,8808,76.457
23153,8808,6307,76.457
23154,6309,6310,77.78099999999999
23155,6310,9371,183.782
23156,9452,6312,195.773
23157,6312,9452,195.773
23158,6316,6317,72.401
23159,6317,6316,72.401
23160,6316,6612,128.529
23161,6612,6316,128.529
23162,7649,6318,187.321
23163,6318,7649,187.321
23164,6319,6320,509.0909999999999
23165,6320,6319,509.0909999999999
23166,6321,6322,12.806
23167,6321,7996,73.977
23168,8999,6321,16.838
23169,9002,6321,78.82900000000001
23170,6322,6976,16.838
23171,6322,9017,253.979
23172,6326,9171,51.73500000000001
23173,9171,6326,51.73500000000001
23174,6327,6441,81.452
23175,6441,6327,81.452
23176,6329,6330,206.219
23177,6330,6329,206.219
23178,6330,6331,35.784
23179,6330,9072,48.369
23180,9072,6330,48.369
23181,6331,8362,16.829
23182,9071,6331,16.143
23183,6332,6339,42.43
23184,6339,6332,42.43
23185,6336,9688,64.494
23186,9688,6336,64.494
23187,6415,6336,111.207
23188,6336,6415,111.207
23189,6370,6338,45.62799999999999
23190,6338,6370,45.62799999999999
23191,6340,6341,9.872
23192,6341,6340,9.872
23193,8466,6340,248.341
23194,6340,8466,248.341
23195,6341,6342,74.316
23196,6342,6341,74.316
23197,9069,6341,234.977
23198,6341,9069,234.977
23199,6343,7347,26.742
23200,7347,6343,26.742
23201,9708,6346,175.64100000000002
23202,6346,9708,175.64100000000002
23203,9295,6346,80.07
23204,6346,9295,80.07
23205,6346,6347,94.348
23206,6347,6346,94.348
23207,9710,6347,14.496
23208,6347,9710,14.496
23209,6347,9294,79.832
23210,9294,6347,79.832
23211,6348,6349,97.603
23212,6349,6348,97.603
23213,6348,6352,61.577
23214,6352,6348,61.577
23215,8476,6350,96.107
23216,6350,8476,96.107
23217,6351,7951,95.694
23218,7951,6351,95.694
23219,7711,6352,190.826
23220,6352,7711,190.826
23221,6353,6354,64.092
23222,6354,6353,64.092
23223,6355,6356,151.28099999999998
23224,6356,6355,151.28099999999998
23225,6356,6355,302.67999999999995
23226,6355,6356,302.67999999999995
23227,6357,7107,218.214
23228,7107,6357,218.214
23229,6358,6359,104.304
23230,6359,6358,104.304
23231,8734,6360,232.449
23232,6360,8734,232.449
23233,6360,6497,74.267
23234,6497,6360,74.267
23235,9809,6361,19.593
23236,6363,7534,11.355
23237,7534,6363,11.355
23238,6363,8144,52.057
23239,8144,6363,52.057
23240,6364,8206,214.325
23241,8206,6364,214.325
23242,6365,6366,159.57
23243,6366,6365,159.57
23244,6366,7114,46.814
23245,7114,6366,46.814
23246,6414,6366,98.342
23247,6366,6414,98.342
23248,6367,9212,183.122
23249,9212,6367,183.122
23250,7756,6368,39.913
23251,6368,7756,39.913
23252,7757,6368,35.508
23253,6368,7757,35.508
23254,8628,6369,70.431
23255,6369,8628,70.431
23256,6582,6371,37.81
23257,6372,6373,104.83
23258,6487,6372,146.306
23259,6373,6488,146.27
23260,6488,6373,146.27
23261,6374,6489,146.62699999999998
23262,8387,6374,146.366
23263,6490,6375,146.55100000000002
23264,6375,6490,146.55100000000002
23265,6459,6376,146.63899999999998
23266,6376,6459,146.63899999999998
23267,6378,8816,148.762
23268,8816,6378,148.762
23269,6484,6378,146.141
23270,6378,6484,146.141
23271,6378,8815,71.934
23272,8815,6378,71.934
23273,6380,6381,102.87
23274,6381,6380,102.87
23275,7715,6381,38.37
23276,6386,6387,64.606
23277,6387,6386,64.606
23278,6386,6828,130.487
23279,6828,6386,130.487
23280,9700,6389,160.96699999999998
23281,6389,9700,160.96699999999998
23282,9540,6389,346.292
23283,6389,9540,346.292
23284,9540,6389,342.50699999999995
23285,6389,9540,342.50699999999995
23286,6390,6391,89.281
23287,6391,6390,89.281
23288,6391,7764,85.7
23289,7764,6391,85.7
23290,6396,9888,155.388
23291,9888,6396,155.388
23292,6397,6398,112.215
23293,6398,6397,112.215
23294,9888,6397,155.57999999999998
23295,6397,9888,155.57999999999998
23296,6406,6408,94.632
23297,6408,6406,94.632
23298,9906,6406,36.725
23299,6406,9906,36.725
23300,6406,6407,128.738
23301,6407,6406,128.738
23302,6407,6408,91.442
23303,6408,6407,91.442
23304,8424,6407,55.873
23305,6407,8424,55.873
23306,6430,6409,77.629
23307,6409,6430,77.629
23308,6409,6541,93.237
23309,6541,6409,93.237
23310,6410,7328,12.36
23311,6410,7332,148.53300000000002
23312,7327,6410,19.383
23313,9503,6410,92.737
23314,6411,8309,226.992
23315,6411,9791,24.678
23316,6422,6411,24.566
23317,6412,6413,13.435
23318,6413,6412,13.435
23319,6418,7376,85.887
23320,6418,7377,93.956
23321,7036,6418,18.845
23322,8700,6418,193.219
23323,9291,6419,75.165
23324,8307,6420,198.263
23325,6422,6421,71.90899999999999
23326,6440,6422,81.03099999999999
23327,7197,6422,15.826
23328,6423,7209,107.847
23329,7209,6423,107.847
23330,8483,6424,72.871
23331,6424,8483,72.871
23332,6544,6424,108.764
23333,6492,6425,95.98
23334,6425,6492,95.98
23335,8197,6426,65.601
23336,6427,7121,80.955
23337,7121,6427,80.955
23338,6428,9213,27.756
23339,9213,6428,27.756
23340,9212,6428,23.386000000000003
23341,6428,9212,23.386000000000003
23342,6429,6649,192.732
23343,6649,6429,192.732
23344,7621,6430,29.029
23345,6430,7621,29.029
23346,6431,6432,75.096
23347,6432,6431,75.096
23348,6434,6433,13.373
23349,6434,7547,46.982
23350,6435,8244,148.836
23351,8244,6435,148.836
23352,6436,6437,10.239
23353,6437,6436,10.239
23354,6436,6568,29.479
23355,6568,6436,29.479
23356,6438,6811,195.55
23357,6811,6438,195.55
23358,7509,6439,14.864999999999998
23359,6439,7509,14.864999999999998
23360,7198,6440,13.101
23361,7324,6440,136.822
23362,6441,8394,8.462
23363,8394,6441,8.462
23364,6445,6446,202.329
23365,6446,6445,202.329
23366,6446,8407,196.151
23367,8407,6446,196.151
23368,6448,7723,139.733
23369,7723,6448,139.733
23370,6449,6450,163.73
23371,6450,6449,163.73
23372,7723,6449,9.469
23373,6449,7723,9.469
23374,6451,9380,56.542
23375,9017,6452,21.313
23376,6452,9017,21.313
23377,6452,9018,75.395
23378,6974,6452,211.851
23379,6453,6454,84.47300000000001
23380,6454,6453,84.47300000000001
23381,9519,6453,152.881
23382,6455,7273,32.349000000000004
23383,6456,6455,51.237
23384,7277,6455,26.988
23385,7277,6456,29.268
23386,6458,9874,134.52200000000002
23387,9874,6458,134.52200000000002
23388,6460,7269,10.586
23389,7269,6460,10.586
23390,6461,8466,20.214
23391,8466,6461,20.214
23392,6613,6462,136.08
23393,6462,6613,136.08
23394,6463,8869,207.896
23395,8869,6463,207.896
23396,6463,6633,94.331
23397,6633,6463,94.331
23398,6464,6634,94.298
23399,6634,6464,94.298
23400,9446,6465,46.966
23401,6465,9446,46.966
23402,6466,8926,95.829
23403,6624,6467,141.52100000000002
23404,6467,6624,141.52100000000002
23405,6468,9434,91.322
23406,9434,6468,91.322
23407,6469,6632,98.707
23408,6632,6469,98.707
23409,6470,7853,33.623
23410,7853,6470,33.623
23411,6470,9053,205.952
23412,9054,6470,359.42
23413,6471,8812,146.714
23414,8812,6471,146.714
23415,6474,6475,105.098
23416,6475,6474,105.098
23417,6772,6474,146.38799999999998
23418,6475,6773,146.33399999999995
23419,6773,6475,146.33399999999995
23420,6476,7341,146.594
23421,7341,6476,146.594
23422,6478,6984,13.661
23423,6984,6478,13.661
23424,7361,6478,105.414
23425,6481,8172,258.499
23426,8172,6481,258.499
23427,6482,8571,19.968
23428,8571,6482,19.968
23429,7520,6482,183.63
23430,6483,7947,65.825
23431,7947,6483,65.825
23432,6483,6579,54.066
23433,6579,6483,54.066
23434,6485,7931,28.82
23435,7931,6485,28.82
23436,6485,6486,26.541
23437,6486,6485,26.541
23438,7933,6486,49.52300000000001
23439,6486,7933,49.52300000000001
23440,6488,6487,104.836
23441,6491,8194,64.457
23442,8194,6491,64.457
23443,8198,6491,117.152
23444,6491,8198,117.152
23445,6493,9144,107.765
23446,8855,6493,34.023
23447,6493,8855,34.023
23448,6512,6494,82.847
23449,6494,6512,82.847
23450,8196,6495,178.555
23451,6495,8196,178.555
23452,6499,9394,90.599
23453,9394,6499,90.599
23454,6500,6501,91.5
23455,6501,6500,91.5
23456,6508,6509,39.429
23457,6509,6508,39.429
23458,6508,6605,59.68
23459,6605,6508,59.68
23460,6509,7913,86.47399999999999
23461,7913,6509,86.47399999999999
23462,6512,8214,231.377
23463,8214,6512,231.377
23464,9109,6513,86.533
23465,6513,9109,86.533
23466,6517,8841,208.076
23467,8841,6517,208.076
23468,6518,8455,543.5290000000001
23469,8455,6518,543.5290000000001
23470,8582,6519,80.465
23471,6519,8582,80.465
23472,7247,6519,430.172
23473,6520,6521,19.55
23474,6521,6520,19.55
23475,6520,9515,38.853
23476,7245,6520,9.248
23477,9521,6520,176.58
23478,6521,9515,52.146
23479,7236,6522,21.723000000000003
23480,6522,7236,21.723000000000003
23481,9113,6522,75.377
23482,9113,6522,74.9
23483,6523,8211,69.61500000000001
23484,7245,6523,113.34
23485,6524,6525,24.941
23486,9479,6524,17.158
23487,6525,7435,115.306
23488,6592,6526,72.139
23489,6526,6592,72.139
23490,7184,6528,126.62
23491,6528,7184,126.62
23492,6529,6653,169.842
23493,6653,6529,169.842
23494,6532,8863,208.15
23495,8863,6532,208.15
23496,7090,6533,200.554
23497,6533,7090,200.554
23498,6534,6535,195.679
23499,6535,6534,195.679
23500,6535,6534,120.392
23501,6534,6535,120.392
23502,6537,6538,42.113
23503,6538,6537,42.113
23504,6539,9071,77.405
23505,6542,7185,73.50299999999999
23506,6542,7179,252.879
23507,7181,6542,664.232
23508,7283,6543,11.407
23509,6543,7283,11.407
23510,7281,6543,307.997
23511,8480,6544,73.75999999999999
23512,9551,6545,7.468
23513,6545,9551,7.468
23514,6546,7643,9.303
23515,7643,6546,9.303
23516,6547,6635,23.325
23517,6635,6547,23.325
23518,6547,9906,15.872
23519,9906,6547,15.872
23520,8658,6547,71.88
23521,6547,8658,71.88
23522,6548,6549,9.066
23523,6549,6548,9.066
23524,6549,6548,83.59499999999998
23525,6558,6559,76.559
23526,6559,6558,76.559
23527,6562,6980,8.856
23528,6980,6562,8.856
23529,6562,8674,117.584
23530,6583,6563,172.78199999999998
23531,6563,6583,172.78199999999998
23532,6563,6980,97.278
23533,6980,6563,97.278
23534,8169,6564,7.887
23535,6564,8169,7.887
23536,6564,8167,31.158
23537,8172,6564,108.94
23538,6566,9252,10.806
23539,9508,6566,61.421
23540,6567,8169,35.25
23541,9563,6567,51.864
23542,9681,6568,6.26
23543,6568,9681,6.26
23544,9434,6570,9.316
23545,6570,9434,9.316
23546,9913,6570,1.914
23547,6570,9913,1.914
23548,6570,9920,4.277
23549,9920,6570,4.277
23550,6966,6571,40.44199999999999
23551,6571,6966,40.44199999999999
23552,6571,9446,47.379
23553,9446,6571,47.379
23554,6573,8987,32.69
23555,8987,6573,32.69
23556,8563,6577,55.339
23557,6577,8563,55.339
23558,6579,6578,55.884
23559,6578,6579,55.884
23560,6586,7533,638.324
23561,6586,6587,461.062
23562,6587,7865,1719.6660000000002
23563,7532,6587,83.602
23564,7189,6588,372.91
23565,6589,7682,197.479
23566,6589,6590,560.912
23567,6590,7187,180.923
23568,6591,9123,266.195
23569,6593,9840,18.876
23570,9838,6593,19.896
23571,6595,9631,188.488
23572,9631,6595,188.488
23573,6597,8436,97.785
23574,8436,6597,97.785
23575,8438,6597,672.649
23576,6597,8438,672.649
23577,6599,7520,54.767
23578,7519,6599,77.581
23579,6601,6602,18.368
23580,6602,6601,18.368
23581,6630,6601,23.184
23582,6630,6602,30.207
23583,6602,6630,30.207
23584,6602,7819,74.92399999999999
23585,7819,6602,74.92399999999999
23586,9768,6603,9.375
23587,6603,9768,9.375
23588,6603,9535,136.976
23589,9535,6603,136.976
23590,6616,6604,105.035
23591,9784,6604,6.202
23592,6606,6629,53.173
23593,6607,8698,30.054
23594,6607,9363,18.243
23595,9695,6607,266.946
23596,6608,7489,14.312
23597,6608,6609,102.119
23598,7598,6608,210.653
23599,9362,6609,11.576
23600,6609,9362,11.576
23601,6610,7599,29.333
23602,6610,7377,43.64900000000001
23603,6611,7799,11.941
23604,6611,7219,35.968
23605,8964,6614,44.95
23606,6614,8964,44.95
23607,6614,6641,70.95
23608,7790,6614,58.00099999999999
23609,6616,9753,10.127
23610,9753,6616,10.127
23611,9821,6624,24.374
23612,9528,6625,115.22
23613,6625,9528,115.22
23614,6626,8389,48.885000000000005
23615,6626,7455,38.265
23616,9128,6626,83.893
23617,6627,9777,5.289
23618,6628,7818,25.466
23619,7471,6628,8.455
23620,9095,6628,72.88799999999999
23621,6632,8882,207.97100000000003
23622,8882,6632,207.97100000000003
23623,6633,8876,207.951
23624,8876,6633,207.951
23625,6634,6959,40.316
23626,6959,6634,40.316
23627,6635,8420,21.684
23628,8420,6635,21.684
23629,8435,6639,65.281
23630,6639,8435,65.281
23631,8945,6640,94.306
23632,6640,8945,94.306
23633,6641,7790,24.583
23634,7790,6641,24.583
23635,6649,6648,114.026
23636,6648,6649,114.026
23637,6652,6651,161.56
23638,6651,6652,161.56
23639,6653,6651,159.84099999999998
23640,6651,6653,159.84099999999998
23641,6653,6652,215.371
23642,6652,6653,215.371
23643,6655,6654,55.617
23644,6654,6655,55.617
23645,6657,9224,98.866
23646,9224,6657,98.866
23647,9223,6657,146.65099999999998
23648,6657,9223,146.65099999999998
23649,9224,6658,99.047
23650,6658,9224,99.047
23651,9221,6658,146.688
23652,6658,9221,146.688
23653,6659,9221,146.195
23654,9221,6659,146.195
23655,6659,7341,98.611
23656,7341,6659,98.611
23657,6660,9225,99.076
23658,9225,6660,99.076
23659,9226,6660,146.305
23660,6660,9226,146.305
23661,9227,6661,142.97500000000002
23662,6661,9227,142.97500000000002
23663,9225,6661,98.714
23664,6661,9225,98.714
23665,6662,9226,146.563
23666,9226,6662,146.563
23667,7679,6662,98.902
23668,6662,7679,98.902
23669,9532,6662,145.649
23670,6663,7263,42.144
23671,6664,7073,75.46000000000001
23672,7074,6664,103.928
23673,7262,6664,47.142
23674,7912,6665,561.3259999999999
23675,9381,6666,176.022
23676,6666,9381,176.022
23677,6667,8080,4.358
23678,6669,6670,66.21399999999998
23679,6670,6669,66.21399999999998
23680,6669,9350,238.092
23681,9348,6669,23.35
23682,6670,6670,35.947
23683,6670,6670,35.947
23684,6671,9047,145.44400000000002
23685,9049,6671,14.952
23686,6673,7491,952.2670000000002
23687,7638,6673,170.51399999999998
23688,9046,6673,105.973
23689,6674,8393,66.12
23690,6675,6680,65.97
23691,6676,6677,105.621
23692,6677,9172,39.035
23693,6677,6678,33.245999999999995
23694,6677,9644,69.165
23695,9644,6677,69.165
23696,6678,7637,10.685
23697,6678,9644,63.431
23698,8393,6678,20.284
23699,9172,6678,12.315
23700,8393,6679,6.11
23701,9172,6679,15.396
23702,6681,6683,521.003
23703,6682,6681,78.194
23704,6684,8731,41.552
23705,8731,6684,41.552
23706,6685,6684,34.268
23707,6684,6685,34.268
23708,6686,6685,94.927
23709,6685,6686,94.927
23710,6687,6686,104.558
23711,6686,6687,104.558
23712,6688,6687,125.918
23713,6687,6688,125.918
23714,6689,6688,70.48100000000001
23715,6688,6689,70.48100000000001
23716,6690,6689,134.00400000000002
23717,6689,6690,134.00400000000002
23718,6690,7966,32.619
23719,7966,6690,32.619
23720,9407,6690,104.27100000000002
23721,6690,9407,104.27100000000002
23722,9407,6690,107.89700000000002
23723,6691,6690,222.1
23724,9408,6690,34.711
23725,6692,6691,207.122
23726,6693,6692,173.722
23727,8527,6693,61.38999999999999
23728,6694,8318,83.109
23729,6695,6694,71.639
23730,6696,6695,78.038
23731,6697,6696,73.558
23732,8487,6697,178.17600000000002
23733,6697,8487,178.17600000000002
23734,6698,6697,73.645
23735,8517,6698,115.279
23736,6699,8325,8.157
23737,8325,6699,8.157
23738,6700,6699,37.997
23739,6700,8319,8.161
23740,8319,6700,8.161
23741,8326,6701,8.176
23742,6701,8326,8.176
23743,6702,8321,7.251
23744,8321,6702,7.251
23745,6703,8246,200.435
23746,6704,6703,201.537
23747,9111,6704,297.491
23748,6705,9111,103.131
23749,6706,6705,62.476
23750,6707,6706,138.362
23751,6708,6707,200.804
23752,9191,6708,102.534
23753,6709,6802,207.766
23754,6710,6709,207.88100000000003
23755,6835,6710,207.536
23756,6711,6878,207.568
23757,6712,6711,208.193
23758,6713,6712,207.612
23759,6714,6713,207.932
23760,6715,8294,84.49300000000001
23761,6715,8311,46.394
23762,8310,6715,44.98
23763,6716,8922,209.604
23764,7706,6716,201.79
23765,6717,7096,90.946
23766,6717,9492,6.340999999999999
23767,6718,6717,201.799
23768,9188,6717,10.041
23769,6719,6718,207.151
23770,6720,6719,208.392
23771,6721,6720,207.754
23772,6722,6721,207.677
23773,6723,6722,207.29700000000005
23774,6724,6723,207.92200000000005
23775,6725,6724,207.556
23776,6726,6725,208.037
23777,9909,6726,199.567
23778,6727,9909,7.94
23779,9921,6727,5.837
23780,6728,9921,201.96
23781,6729,6728,207.67200000000005
23782,6730,6729,207.469
23783,7692,6730,161.16900000000004
23784,6731,7692,143.66
23785,6971,6731,18.721
23786,6732,6733,149.706
23787,7690,6732,213.847
23788,6732,7690,213.847
23789,6733,6971,236.542
23790,6734,8608,24.067
23791,8022,6734,9.853
23792,9638,6734,36.71
23793,6735,6739,5.585
23794,6737,6736,78.665
23795,6738,6737,53.595
23796,6739,6738,24.714
23797,8608,6738,71.668
23798,6739,8022,65.839
23799,6740,6739,67.808
23800,6740,9330,84.975
23801,9330,6740,84.975
23802,8021,6740,83.034
23803,9748,6741,6.195
23804,6741,9748,6.195
23805,6741,9140,138.548
23806,9140,6741,138.548
23807,6742,9747,5.093
23808,6743,6742,104.544
23809,6743,9178,166.37699999999995
23810,9089,6743,121.881
23811,9746,6743,5.914
23812,6744,9774,11.533
23813,9774,6744,11.533
23814,6744,7233,103.716
23815,6745,6744,105.246
23816,6745,9772,11.782
23817,9772,6745,11.782
23818,6746,6745,105.156
23819,9771,6745,48.182
23820,6746,9733,9.73
23821,9733,6746,9.73
23822,6747,6746,104.915
23823,6747,9732,9.8
23824,9732,6747,9.8
23825,6748,6747,105.253
23826,6748,9770,9.436
23827,9770,6748,9.436
23828,6749,6748,106.756
23829,9769,6749,6.009
23830,6749,9769,6.009
23831,6750,6749,104.339
23832,6750,9768,10.545
23833,9768,6750,10.545
23834,6751,6750,98.638
23835,6751,9767,8.966
23836,6752,6751,99.207
23837,6753,6752,99.54
23838,9766,6752,6.929
23839,6754,6753,98.934
23840,9765,6753,8.158
23841,6754,9764,10.074
23842,6755,6754,100.514
23843,6755,9763,5.486
23844,8136,6755,8.931
23845,6756,9761,6.499
23846,6756,8136,102.7
23847,6757,6756,104.697
23848,9760,6757,9.811
23849,6758,9759,9.058
23850,6759,6758,105.441
23851,6761,6759,104.77899999999998
23852,9758,6759,5.543
23853,6760,6761,104.854
23854,6763,6760,105.408
23855,9756,6760,9.109
23856,6761,9757,9.399
23857,9753,6762,10.002
23858,6762,9753,10.002
23859,6762,6763,104.744
23860,6765,6762,105.47400000000002
23861,6763,9755,6.87
23862,6764,6765,104.594
23863,9751,6764,6.773
23864,6765,9752,6.233
23865,6766,8798,212.337
23866,6948,6766,146.90000000000003
23867,7409,6767,170.127
23868,6769,6768,104.802
23869,6770,6769,104.622
23870,6770,7789,69.862
23871,7789,6770,69.862
23872,6771,6770,105.083
23873,6772,6771,105.049
23874,6773,6772,105.05
23875,6774,6773,104.644
23876,6775,6774,105.229
23877,6781,6775,103.181
23878,6776,6784,72.202
23879,6777,6776,105.09499999999998
23880,6778,6780,13.66
23881,6778,7409,110.026
23882,6782,6778,10.18
23883,6783,6778,12.788
23884,6779,6783,13.491
23885,6779,6785,292.843
23886,6780,6779,12.789
23887,6784,6779,10.641
23888,6780,8391,10.393
23889,6781,6782,12.798
23890,6783,6781,10.189
23891,6782,7409,110.433
23892,6786,6783,292.919
23893,6784,6787,146.058
23894,8391,6784,12.793
23895,6785,6786,12.736
23896,6786,6785,12.736
23897,9277,6785,9.656
23898,6785,9277,9.656
23899,6785,8797,60.181
23900,6786,9282,11.048
23901,9282,6786,11.048
23902,8798,6786,80.443
23903,6788,8668,45.962
23904,8668,6788,45.962
23905,6789,8418,705.588
23906,7309,6789,14.803
23907,7681,6789,41.703
23908,6790,9513,831.6840000000001
23909,9511,6790,842.8459999999999
23910,7719,6791,41.011
23911,8132,6792,140.697
23912,6792,8132,140.697
23913,6792,8651,47.982
23914,8651,6792,47.982
23915,7454,6792,106.253
23916,6792,7454,106.253
23917,8555,6793,39.793000000000006
23918,6794,8484,13.887
23919,8484,6794,13.887
23920,6794,8847,93.519
23921,8847,6794,93.519
23922,6794,8850,85.92500000000001
23923,9144,6794,23.008
23924,6795,6798,79.38900000000001
23925,6799,6795,82.387
23926,7293,6796,66.238
23927,6796,7293,66.238
23928,6796,8175,96.741
23929,6798,6796,82.348
23930,7944,6797,51.891000000000005
23931,6799,9561,51.069
23932,9561,6799,50.825
23933,6801,7360,32.822
23934,6802,6803,12.657
23935,6803,6802,12.657
23936,6802,7867,1592.871
23937,7868,6803,1721.2489999999998
23938,8843,6804,202.909
23939,6804,8843,202.909
23940,6807,6804,94.508
23941,6805,6902,11.26
23942,6902,6805,11.26
23943,8888,6805,29.08
23944,6805,8888,29.08
23945,6805,6806,94.629
23946,8634,6805,65.91199999999999
23947,6806,6903,11.416
23948,6903,6806,11.416
23949,8887,6806,49.781000000000006
23950,6806,8887,49.781000000000006
23951,6807,6900,13.065
23952,6900,6807,13.065
23953,6808,6898,11.962
23954,6898,6808,11.962
23955,6853,6808,94.314
23956,6809,6855,13.518
23957,6855,6809,13.518
23958,6809,7644,99.133
23959,6812,6809,88.449
23960,6810,6856,13.479
23961,6856,6810,13.479
23962,6810,6811,91.452
23963,6811,6857,13.537
23964,6857,6811,13.537
23965,6811,6812,91.196
23966,6812,6858,13.607
23967,6858,6812,13.607
23968,6813,6859,13.654
23969,6859,6813,13.654
23970,6813,6820,98.573
23971,6816,6813,100.554
23972,6814,6816,97.202
23973,7644,6815,21.736
23974,6861,6817,13.622
23975,6817,6861,13.622
23976,6817,6818,94.429
23977,6819,6817,94.439
23978,6818,6862,13.61
23979,6862,6818,13.61
23980,6818,6825,94.024
23981,6819,6863,13.643
23982,6863,6819,13.643
23983,6820,6819,94.297
23984,6820,6864,13.644
23985,6864,6820,13.644
23986,6821,6865,13.577
23987,6865,6821,13.577
23988,6821,6822,93.971
23989,6824,6821,94.333
23990,6822,6866,13.576
23991,6866,6822,13.576
23992,6822,6833,94.235
23993,6823,6867,13.599
23994,6867,6823,13.599
23995,6823,6824,94.401
23996,6825,6823,94.18399999999998
23997,6824,6868,13.599
23998,6868,6824,13.599
23999,6825,6869,13.599
24000,6869,6825,13.599
24001,6826,6883,13.81
24002,6883,6826,13.81
24003,6826,6837,94.315
24004,6830,6826,94.387
24005,6827,6828,98.742
24006,6834,6827,40.995
24007,7848,6827,28.911
24008,6828,6871,13.677
24009,6871,6828,13.677
24010,6828,6829,98.988
24011,6829,6872,13.722
24012,6872,6829,13.722
24013,6829,6830,94.18200000000002
24014,6830,6873,13.766
24015,6873,6830,13.766
24016,6831,6874,13.566
24017,6874,6831,13.566
24018,6831,6832,94.507
24019,6833,6831,94.377
24020,6832,6835,40.705
24021,6833,6876,13.566
24022,6876,6833,13.566
24023,6834,6877,13.621
24024,9639,6834,68.951
24025,9640,6834,5.546
24026,6835,9640,6.857
24027,6878,6835,13.61
24028,6836,6879,13.9
24029,6879,6836,13.9
24030,6836,6847,94.578
24031,6837,6836,94.078
24032,6837,6880,13.855
24033,6880,6837,13.855
24034,6838,6881,14.323
24035,6881,6838,14.323
24036,6838,6848,94.447
24037,6839,6838,94.28300000000002
24038,6839,6892,14.279
24039,6892,6839,14.279
24040,6844,6839,94.509
24041,6840,6887,14.056
24042,6887,6840,14.056
24043,6840,6841,94.377
24044,6846,6840,94.068
24045,6841,6888,14.111
24046,6888,6841,14.111
24047,6841,6842,94.235
24048,6842,6889,14.145
24049,6889,6842,14.145
24050,6842,6843,94.261
24051,6843,6890,14.189
24052,6890,6843,14.189
24053,6843,6844,94.279
24054,6844,6891,14.234
24055,6891,6844,14.234
24056,6845,6885,13.977
24057,6885,6845,13.977
24058,6845,6846,94.32399999999998
24059,6847,6845,94.262
24060,6846,6886,14.022
24061,6886,6846,14.022
24062,6847,6884,13.933
24063,6884,6847,13.933
24064,6848,6849,94.279
24065,6849,6893,14.401
24066,6893,6849,14.401
24067,6849,6850,94.236
24068,6850,6894,12.664
24069,6894,6850,12.664
24070,6850,6851,94.194
24071,6851,6895,12.185
24072,6895,6851,12.185
24073,6851,6852,94.386
24074,6852,6896,11.898
24075,6896,6852,11.898
24076,6852,6853,94.236
24077,6853,6897,11.929
24078,6897,6853,11.929
24079,8897,6853,115.501
24080,6853,8897,115.501
24081,6856,6854,91.206
24082,6855,6858,88.16900000000001
24083,6857,6856,91.515
24084,6858,6857,91.181
24085,6864,6859,98.564
24086,6860,8820,127.029
24087,8820,6860,127.029
24088,6861,6863,94.428
24089,6862,6861,94.438
24090,6869,6862,94.024
24091,6863,6864,94.305
24092,6865,6868,94.336
24093,6866,6865,93.979
24094,6876,6866,94.225
24095,6867,6869,94.183
24096,6868,6867,94.403
24097,6870,6877,40.925
24098,6871,6870,98.797
24099,6872,6871,98.991
24100,6873,6872,94.185
24101,6883,6873,94.388
24102,6874,6876,94.377
24103,6875,6874,94.51
24104,6878,6875,40.706
24105,6877,6878,12.413
24106,9640,6878,16.158
24107,6879,6880,94.08
24108,6884,6879,94.571
24109,6880,6883,94.308
24110,6881,6892,94.282
24111,6882,6901,94.417
24112,6902,6882,94.145
24113,6885,6884,94.273
24114,6886,6885,94.317
24115,6887,6886,94.062
24116,6888,6887,94.388
24117,6889,6888,94.229
24118,6890,6889,94.26399999999998
24119,6891,6890,94.274
24120,6892,6891,94.511
24121,6894,6893,94.225
24122,6895,6894,94.212
24123,6896,6895,94.335
24124,6897,6896,94.281
24125,6898,6897,94.325
24126,6899,6898,94.564
24127,6900,6899,94.187
24128,7358,6900,34.196
24129,6901,7358,60.298
24130,6903,6902,94.62
24131,7869,6904,11.202
24132,6904,7869,11.202
24133,8922,6904,67.808
24134,6905,6940,94.15
24135,6918,6905,94.309
24136,6906,6919,94.072
24137,6939,6906,94.309
24138,7594,6906,20.526
24139,6907,6942,94.238
24140,6921,6907,94.369
24141,8067,6908,9.834
24142,6908,8067,9.834
24143,6908,6924,94.239
24144,6943,6908,94.267
24145,6909,8923,97.811
24146,6922,6909,94.308
24147,6910,6920,94.142
24148,6941,6910,94.539
24149,6911,6944,94.256
24150,6925,6911,94.159
24151,8960,6912,7.829
24152,6912,8960,7.829
24153,6912,8120,104.77499999999998
24154,6913,7415,61.188
24155,6926,6913,94.452
24156,6914,6923,94.714
24157,6915,6945,94.343
24158,6927,6915,94.492
24159,6916,6946,94.228
24160,8925,6916,95.724
24161,6917,6947,94.096
24162,6928,6917,94.555
24163,6929,6918,94.67
24164,6919,6929,94.281
24165,6919,7593,15.536
24166,6920,6932,94.327
24167,9231,6921,9.889
24168,6921,9231,9.889
24169,6930,6921,94.581
24170,6934,6922,94.528
24171,6923,6933,94.663
24172,6924,6935,94.442
24173,6931,6925,94.361
24174,6936,6926,94.081
24175,9633,6927,10.065
24176,6927,9633,10.065
24177,6937,6927,94.078
24178,6938,6928,98.982
24179,6940,6930,94.282
24180,6942,6931,94.414
24181,6932,6939,94.564
24182,6933,6943,94.389
24183,6944,6934,94.387
24184,6935,6941,94.238
24185,6947,6937,94.493
24186,6946,6938,98.596
24187,6949,6948,7.753
24188,6949,7153,88.499
24189,6950,8003,239.14399999999992
24190,6951,6950,400.116
24191,7544,6952,41.417
24192,9524,6952,7.51
24193,6953,8012,83.564
24194,6953,8009,3.101
24195,8007,6953,46.38499999999999
24196,8008,6953,3.684
24197,6954,8929,3.372
24198,8929,6954,3.372
24199,8928,6954,10.735
24200,6955,9429,6.949
24201,6959,6955,207.74
24202,9427,6955,15.126
24203,6956,6967,207.808
24204,6960,6956,207.84
24205,6957,6968,207.507
24206,6961,6957,205.492
24207,6958,6969,207.887
24208,6962,6958,207.719
24209,6963,6959,207.651
24210,6964,6960,207.308
24211,8934,6961,39.204
24212,6961,8934,39.204
24213,8359,6961,171.856
24214,9444,6962,200.437
24215,6967,6963,207.653
24216,6969,6964,207.685
24217,7587,6965,207.34
24218,6966,9444,7.106
24219,6968,6966,207.874
24220,6970,8659,213.904
24221,7569,6970,211.338
24222,6972,6971,11.909
24223,9032,6973,77.645
24224,6976,8999,12.797
24225,6978,8168,13.433
24226,7248,6978,384.9590000000001
24227,6979,9252,296.39900000000006
24228,6980,6979,291.887
24229,8171,6980,362.586
24230,6981,6982,79.085
24231,6982,6981,79.085
24232,8170,6981,61.87
24233,6981,8170,61.87
24234,6983,9559,181.071
24235,6983,8622,39.016
24236,8622,6983,39.016
24237,8623,6983,37.928
24238,6984,7362,105.405
24239,7368,6985,10.626
24240,8164,6985,38.707
24241,6987,6986,100.132
24242,8462,6986,88.43799999999999
24243,6988,6987,137.928
24244,6989,8465,16.990000000000002
24245,6989,8460,64.565
24246,8432,6989,138.231
24247,8437,6989,33.284000000000006
24248,6990,8432,61.141
24249,8425,6990,28.388
24250,8431,6990,24.975
24251,6991,8424,107.763
24252,8658,6991,97.538
24253,6992,7388,189.333
24254,6993,6992,98.492
24255,6994,7923,10.837
24256,7923,6994,10.837
24257,7473,6995,246.553
24258,8553,6996,18.128
24259,6996,8553,18.128
24260,6996,9875,87.935
24261,8552,6996,64.105
24262,6997,8552,28.236000000000004
24263,6998,6997,85.525
24264,6999,6998,89.378
24265,7000,6999,86.64500000000001
24266,7000,7920,20.628
24267,7920,7000,20.628
24268,7001,7000,87.634
24269,7003,7002,92.895
24270,7004,7003,91.59499999999998
24271,7005,7004,90.595
24272,7007,7006,89.49
24273,7008,7007,91.955
24274,7009,7008,91.303
24275,7010,7009,90.985
24276,7011,7010,91.235
24277,7012,7011,91.232
24278,7013,7012,91.03
24279,7014,7013,92.49
24280,7015,7014,92.569
24281,7016,7015,88.915
24282,7017,7016,23.031
24283,7019,7017,69.351
24284,7018,7019,90.227
24285,7020,7021,89.29899999999999
24286,7023,7020,88.578
24287,7022,7023,84.401
24288,7024,7022,93.339
24289,7025,7381,76.2
24290,7026,7025,128.311
24291,7026,7133,19.084
24292,7942,7026,12.684
24293,8178,7026,62.257
24294,7027,9367,139.49
24295,7028,7027,143.36199999999997
24296,7028,9366,19.095
24297,7029,7028,141.268
24298,8312,7028,18.829
24299,7030,7029,141.892
24300,7031,7030,285.241
24301,7032,7031,284.8430000000001
24302,7033,7032,142.096
24303,8128,7033,144.867
24304,7034,9349,328.468
24305,7035,7034,261.27500000000003
24306,9344,7035,277.20500000000004
24307,7036,7217,196.956
24308,7377,7036,83.97300000000001
24309,7037,9362,12.858
24310,9362,7037,12.858
24311,7037,9095,49.261
24312,7038,7037,344.382
24313,9096,7037,54.203
24314,9360,7038,11.261
24315,7038,9360,11.261
24316,7039,7038,226.219
24317,9359,7039,12.441
24318,7039,9359,12.441
24319,7355,7039,423.505
24320,9365,7040,6.619
24321,7040,9365,6.619
24322,8083,7040,27.166
24323,7041,9092,24.832
24324,9092,7041,24.832
24325,8083,7041,144.825
24326,7041,8083,144.825
24327,9080,7041,95.214
24328,7042,8026,7.193
24329,7043,7042,28.21
24330,8027,7043,6.998
24331,7044,8442,86.88199999999999
24332,8442,7044,86.88199999999999
24333,7044,7600,757.6479999999999
24334,7600,7044,757.6479999999999
24335,7046,7045,87.651
24336,7047,7046,54.253
24337,7653,7047,51.943
24338,7396,7048,192.15600000000003
24339,7048,7396,192.15600000000003
24340,7048,7653,74.915
24341,7049,7048,74.423
24342,7651,7049,47.963
24343,7050,7651,58.088
24344,7397,7051,192.206
24345,7051,7397,192.206
24346,7052,7051,85.806
24347,9628,7052,87.473
24348,7053,9628,91.341
24349,7054,7053,88.82300000000001
24350,7462,7054,192.069
24351,7054,7462,192.069
24352,7055,7054,88.666
24353,7056,7055,88.911
24354,7463,7056,192.352
24355,7056,7463,192.352
24356,7057,7056,89.258
24357,9400,7057,88.877
24358,7058,9400,89.803
24359,7059,7058,178.41400000000002
24360,7060,7059,177.499
24361,7062,7060,90.138
24362,7061,7062,88.31
24363,7064,7061,89.915
24364,7063,7064,89.458
24365,7066,7063,88.231
24366,7065,7066,89.98200000000001
24367,7068,7065,89.31299999999999
24368,7067,7068,89.402
24369,7067,7461,193.85
24370,7461,7067,193.85
24371,7070,7067,88.789
24372,7464,7068,193.629
24373,7068,7464,193.629
24374,7069,7070,88.198
24375,8725,7069,140.394
24376,7069,8725,140.394
24377,7071,7069,90.381
24378,7403,7071,88.074
24379,7072,7392,8.33
24380,7392,7072,8.33
24381,7072,9181,112.708
24382,7394,7073,8.74
24383,7074,7395,8.331
24384,7395,7074,8.331
24385,7075,7074,180.13000000000002
24386,7075,7396,8.341
24387,7396,7075,8.341
24388,7077,7076,178.22699999999998
24389,7078,7077,178.165
24390,7079,7078,178.35899999999998
24391,9827,7079,185.6
24392,7079,9827,185.6
24393,9825,7080,185.165
24394,7080,9825,185.165
24395,7084,7083,178.335
24396,7085,7084,179.114
24397,8857,7085,109.162
24398,7085,8857,109.162
24399,7086,7085,76.304
24400,7086,8845,8.75
24401,8853,7086,189.761
24402,7088,8283,72.34
24403,7309,7088,23.371
24404,9485,7089,7.306
24405,7089,9485,7.306
24406,7090,7089,94.221
24407,9486,7090,7.272
24408,7090,9486,7.272
24409,7091,7090,94.38
24410,9487,7091,7.261
24411,7091,9487,7.261
24412,7092,7091,94.22
24413,9488,7092,7.215999999999999
24414,7092,9488,7.215999999999999
24415,7093,7092,94.073
24416,9489,7093,7.215
24417,7093,9489,7.215
24418,7094,7093,99.141
24419,7094,8970,200.785
24420,8970,7094,200.785
24421,7195,7094,98.825
24422,9491,7095,7.093
24423,7095,9491,7.093
24424,7095,7195,94.256
24425,7096,7095,94.254
24426,9490,7096,6.317
24427,7096,9490,6.317
24428,7098,7097,578.608
24429,7099,7728,16.688
24430,7099,8738,30.971
24431,7727,7099,32.971000000000004
24432,8739,7099,41.715
24433,7100,9087,115.522
24434,7100,7725,215.863
24435,7993,7100,33.57
24436,8360,7100,11.414
24437,7101,8360,247.891
24438,7102,7101,35.492999999999995
24439,7102,7626,59.247
24440,7626,7102,59.247
24441,7103,7102,164.17
24442,7103,7625,10.342
24443,7625,7103,10.342
24444,8604,7104,149.121
24445,7106,7105,209.637
24446,7107,7106,76.49199999999999
24447,7108,7107,78.533
24448,7109,7108,75.092
24449,7112,7111,123.978
24450,7114,7113,413.764
24451,8536,7114,125.725
24452,7115,8536,135.723
24453,7116,7115,139.571
24454,7118,7117,142.35600000000002
24455,7119,7118,170.97
24456,7120,7119,334.561
24457,7121,8535,7.987
24458,7122,7121,102.903
24459,7123,7122,83.82600000000001
24460,7124,7123,82.16499999999999
24461,7125,7124,81.628
24462,7126,7125,83.207
24463,7127,7126,82.089
24464,7128,7127,82.111
24465,7129,7128,83.095
24466,8373,7128,13.163
24467,7130,7129,82.303
24468,7131,7130,82.725
24469,8074,7131,160.247
24470,8207,7132,334.29799999999994
24471,7133,8207,90.406
24472,7134,8973,80.46
24473,8972,7134,80.21900000000001
24474,7136,7135,45.653000000000006
24475,7135,7136,45.653000000000006
24476,8503,7136,139.665
24477,7136,8503,139.665
24478,7138,7137,77.512
24479,7883,7138,70.792
24480,7140,7139,59.582
24481,7736,7140,64.17999999999999
24482,7141,7907,97.128
24483,9106,7141,78.26899999999999
24484,7143,7142,104.973
24485,7144,7143,104.78
24486,7145,7144,105.142
24487,7146,7145,104.895
24488,7147,7146,104.985
24489,7148,7147,104.79
24490,8596,7148,105.204
24491,7149,8596,104.627
24492,7150,7149,104.995
24493,7151,7150,105.294
24494,7152,7151,104.447
24495,7153,7152,105.471
24496,7155,7154,104.77299999999998
24497,7155,8802,144.57999999999998
24498,8802,7155,144.57999999999998
24499,7156,7155,104.636
24500,7158,7156,104.841
24501,7157,7158,8.074
24502,7157,8821,110.269
24503,8821,7158,110.121
24504,7159,9845,218.384
24505,7162,7161,91.317
24506,7163,7162,89.807
24507,9810,7163,91.701
24508,7165,7879,72.357
24509,7747,7165,48.416
24510,7166,7747,43.93
24511,7504,7166,250.22700000000003
24512,7167,7504,176.99200000000002
24513,7359,7167,151.95
24514,7168,7169,488.929
24515,7909,7168,418.286
24516,7169,7170,246.739
24517,7171,8252,84.731
24518,7172,7171,63.482000000000006
24519,9468,7172,108.98
24520,7173,7512,915.126
24521,7173,7909,1775.559
24522,7175,7174,199.253
24523,9078,7175,97.947
24524,7176,8737,236.264
24525,7178,7189,288.12
24526,7802,7178,379.857
24527,9819,7178,608.2059999999999
24528,7179,7516,265.304
24529,7517,7180,40.438
24530,7181,9509,382.533
24531,7574,7181,81.066
24532,7182,7667,84.968
24533,7183,7182,77.551
24534,8377,7183,76.295
24535,7184,8377,74.721
24536,7896,7185,149.431
24537,7516,7186,94.428
24538,7187,7899,8.264
24539,7904,7187,15.552
24540,7781,7190,17.299
24541,7190,7781,17.299
24542,8578,7191,149.98299999999995
24543,7191,8578,149.98299999999995
24544,7192,7194,9.129
24545,7836,7192,50.53399999999999
24546,7192,7836,50.53399999999999
24547,7193,7192,9.011
24548,8078,7192,157.55399999999997
24549,7194,7193,3.332
24550,7932,7193,101.09
24551,7195,8971,200.86
24552,8971,7195,200.86
24553,7196,7325,56.583
24554,9126,7196,45.321
24555,7197,8642,50.649
24556,8641,7197,43.987
24557,7198,7693,114.345
24558,8642,7198,18.354
24559,7199,9067,18.699
24560,9068,7199,175.31599999999997
24561,7200,7812,283.00000000000006
24562,7201,8604,79.765
24563,7207,8728,24.19
24564,7469,7207,5.808
24565,8730,7207,21.321
24566,7208,7403,71.18100000000001
24567,7403,7208,71.18100000000001
24568,7208,7467,127.82
24569,7209,7208,12.017
24570,7208,7209,12.017
24571,7209,8726,191.704
24572,7213,7214,264.552
24573,7213,9378,26.723
24574,7844,7213,18.729
24575,7214,7216,31.589
24576,7216,7214,31.589
24577,7214,9348,277.845
24578,7215,7844,26.881
24579,9378,7215,15.124
24580,7216,9378,267.093
24581,9347,7216,278.34
24582,7217,9346,204.152
24583,8700,7217,31.35
24584,7217,8700,31.35
24585,7218,9358,11.404000000000002
24586,7218,7355,34.068
24587,9685,7218,108.454
24588,9686,7218,6.592000000000001
24589,7219,9695,142.982
24590,9358,7219,11.699
24591,7224,7220,90.03
24592,7220,7224,90.03
24593,7220,9711,23.771
24594,9711,7220,23.771
24595,7221,7223,90.712
24596,9712,7221,17.945
24597,7221,9712,17.945
24598,7222,7221,54.047
24599,7224,7223,55.028
24600,7223,7224,55.028
24601,9064,7225,61.749
24602,7226,8215,138.065
24603,7227,7232,13.429
24604,7232,7227,13.429
24605,7227,7229,105.671
24606,7233,7227,105.877
24607,7228,7230,105.301
24608,7229,7228,104.643
24609,7229,7231,13.228
24610,7231,7229,13.228
24611,7230,7365,98.296
24612,7231,7232,105.538
24613,7402,7233,14.537
24614,7234,7436,82.515
24615,9392,7234,46.477
24616,7235,9392,10.122
24617,9396,7235,7.228999999999999
24618,7236,8284,148.05399999999997
24619,7237,7236,39.579
24620,8287,7237,85.027
24621,8287,7237,85.574
24622,7238,9476,10.176
24623,9476,7238,10.176
24624,7238,8287,155.348
24625,7763,7238,17.215
24626,9477,7238,13.48
24627,7239,8286,154.867
24628,9522,7239,98.23200000000004
24629,7240,9522,108.899
24630,7241,7240,95.94
24631,7242,7241,97.551
24632,8210,7242,86.23799999999999
24633,9518,7243,7.306
24634,7243,9518,7.306
24635,7243,8210,60.967
24636,7244,7243,241.687
24637,9520,7244,7.636
24638,7244,9520,7.636
24639,7246,7245,72.58
24640,7246,9519,11.096
24641,9519,7246,11.096
24642,9232,7246,142.81400000000002
24643,7246,9232,142.81400000000002
24644,7249,7248,9.43
24645,9315,7250,64.573
24646,7251,9181,9.379
24647,7251,7392,105.853
24648,8285,7251,78.205
24649,9480,7251,6.27
24650,7253,7252,134.76
24651,7252,7253,134.76
24652,7254,7253,230.59
24653,7253,7254,230.59
24654,8988,7254,16.193
24655,7254,8988,16.193
24656,7255,7874,65.14099999999999
24657,8514,7255,337.81
24658,7257,7256,141.993
24659,7258,7257,144.23200000000003
24660,7259,7258,177.963
24661,7260,7259,104.227
24662,7261,7260,74.7
24663,7262,7263,192.985
24664,7263,7262,99.927
24665,7265,7264,146.691
24666,7266,7265,146.05
24667,7267,7266,146.39899999999997
24668,7268,7267,146.439
24669,7269,7268,146.31799999999998
24670,7270,7269,146.40600000000003
24671,7271,7270,146.202
24672,7272,7271,146.50500000000002
24673,7279,7272,148.366
24674,7273,7279,148.28400000000002
24675,9867,7274,28.038
24676,7274,9867,28.038
24677,9866,7274,28.824
24678,7276,7275,13.461
24679,7275,7276,13.461
24680,7275,9736,104.174
24681,7956,7275,85.866
24682,8754,7276,64.333
24683,7276,8754,64.333
24684,8670,7276,66.041
24685,7657,7277,104.91299999999998
24686,7658,7277,27.292
24687,7278,7279,10.608
24688,7279,7278,10.608
24689,7280,7280,304.31899999999985
24690,7281,7282,12.195
24691,7283,7282,310.199
24692,7575,7283,223.13300000000007
24693,7285,7645,162.08300000000003
24694,7645,7285,162.08300000000003
24695,7286,7595,67.955
24696,7286,8024,36.987
24697,9238,7286,35.753
24698,9447,7287,96.29
24699,7287,9447,96.29
24700,7288,7289,116.511
24701,7290,8914,161.93400000000003
24702,7290,7637,131.813
24703,9550,7290,102.469
24704,8190,7292,56.817
24705,7292,8190,56.817
24706,7292,7354,95.846
24707,7354,7292,95.846
24708,7354,7293,96.445
24709,7293,7354,96.445
24710,8191,7293,54.205000000000005
24711,7293,8191,54.205000000000005
24712,7294,7295,139.718
24713,8092,7294,145.71
24714,7295,7296,39.510000000000005
24715,7297,8690,104.873
24716,8690,7297,104.873
24717,7297,7315,104.938
24718,7315,7297,104.938
24719,9142,7297,146.595
24720,7297,9142,146.595
24721,7317,7298,105.124
24722,7298,7317,105.124
24723,7298,9142,146.104
24724,9142,7298,146.104
24725,7299,7317,104.748
24726,7317,7299,104.748
24727,7316,7299,145.243
24728,7299,7316,145.243
24729,7315,7300,104.87
24730,7300,7315,104.87
24731,7300,7316,147.325
24732,7316,7300,147.325
24733,7304,8193,6.461
24734,8193,7304,6.461
24735,9161,7304,60.643
24736,7304,9161,60.643
24737,7306,8591,9.827
24738,7306,7307,104.948
24739,7501,7306,106.79
24740,7307,7308,104.948
24741,7308,7309,120.294
24742,7311,7308,9.612
24743,7310,7309,10.507
24744,7310,7438,32.323
24745,8297,7310,94.334
24746,7311,7312,104.959
24747,7438,7311,81.494
24748,7442,7311,8.669
24749,7976,7312,8.6
24750,7312,7976,8.6
24751,7312,8591,104.947
24752,8117,7318,184.05500000000004
24753,7318,8117,184.05500000000004
24754,7420,7318,180.74
24755,7319,8733,69.132
24756,8733,7319,69.132
24757,8733,7319,149.72299999999998
24758,8486,7323,91.29
24759,7323,8486,91.29
24760,8724,7323,299.72
24761,7323,8724,299.72
24762,7323,8726,59.617
24763,8726,7323,59.617
24764,7324,7693,30.292
24765,8598,7324,17.027
24766,7325,8598,21.917
24767,7326,8418,404.6739999999999
24768,7326,9504,64.292
24769,7330,7326,48.825
24770,7332,7326,70.418
24771,7327,9503,92.958
24772,7328,7456,9.452
24773,8389,7328,158.10299999999998
24774,7329,8053,11.61
24775,8053,7329,11.61
24776,8584,7329,41.833
24777,7330,7331,8.259
24778,7332,7330,42.663
24779,7455,7330,13.73
24780,7331,9126,13.83
24781,7331,9646,87.55
24782,9645,7331,14.444
24783,8534,7333,54.688
24784,7333,8534,54.688
24785,7333,7334,292.641
24786,7334,7333,292.641
24787,7334,7335,104.984
24788,7335,9251,53.014
24789,7335,7336,292.837
24790,7336,8534,50.242
24791,8534,7336,50.242
24792,8472,7336,105.1
24793,7336,8472,105.1
24794,8816,7337,94.229
24795,7337,8816,94.229
24796,7338,7339,80.054
24797,7339,7338,80.054
24798,8381,7338,311.607
24799,7338,8381,311.607
24800,7339,7714,71.722
24801,7714,7339,71.722
24802,7339,7713,294.669
24803,7713,7339,294.669
24804,7340,8468,44.487
24805,8468,7340,44.487
24806,7341,9222,98.982
24807,9222,7341,98.982
24808,7421,7345,23.854
24809,7345,7421,23.854
24810,7347,9043,44.522
24811,7352,7351,53.754
24812,7354,8175,61.519
24813,8175,7354,61.519
24814,7355,7798,9.222
24815,7799,7355,10.127
24816,7357,7356,20.303
24817,7356,7357,20.303
24818,8638,7357,75.66799999999999
24819,7357,8638,75.66799999999999
24820,8984,7359,31.767
24821,7359,8984,31.767
24822,7361,7362,13.65
24823,7362,7361,13.65
24824,8759,7361,19.775
24825,7362,8757,19.763
24826,7363,7863,28.771000000000004
24827,8666,7363,15.785
24828,7365,7364,12.166
24829,7364,7365,12.166
24830,7366,7506,38.867
24831,7415,7366,52.506
24832,8960,7366,81.87100000000001
24833,8043,7367,10.562
24834,7368,8165,51.603
24835,7369,7370,39.616
24836,7370,7369,39.616
24837,7370,7371,77.102
24838,7371,7370,77.102
24839,7373,8724,38.674
24840,8624,7373,62.598
24841,7375,7956,64.61500000000001
24842,7375,7822,122.54
24843,7822,7375,122.54
24844,8669,7375,49.476000000000006
24845,7376,7598,15.262
24846,7979,7376,16.736000000000004
24847,7979,7377,9.094
24848,7377,7979,9.094
24849,8298,7377,76.04599999999999
24850,7377,8298,76.04599999999999
24851,8542,7379,40.908
24852,7381,9383,186.588
24853,9383,7381,186.588
24854,7383,9502,101.866
24855,7384,7383,46.767
24856,7384,7582,141.344
24857,7770,7384,100.74
24858,7385,7770,103.248
24859,7583,7385,141.41400000000002
24860,7385,7583,141.41400000000002
24861,8398,7385,90.28
24862,7386,7942,309.444
24863,7387,7386,130.082
24864,7387,8313,20.18
24865,9367,7387,13.796
24866,9369,7387,72.69900000000001
24867,7846,7389,65.85799999999999
24868,7389,7846,65.85799999999999
24869,7389,7937,67.03
24870,7936,7389,59.114
24871,7390,7772,18.383
24872,7390,7773,38.32
24873,7390,9858,159.632
24874,7391,7390,19.888
24875,7391,8398,83.359
24876,7772,7391,13.244
24877,7937,7391,147.36800000000002
24878,7392,9256,98.082
24879,9256,7392,98.082
24880,7392,7393,68.857
24881,7393,7394,123.924
24882,7394,7395,179.45200000000003
24883,7395,7396,180.13899999999998
24884,7398,7399,29.622000000000003
24885,7399,7398,29.622000000000003
24886,7399,9538,125.271
24887,7400,9538,851.932
24888,7401,7821,146.66199999999998
24889,7402,9773,12.787
24890,7590,7403,83.775
24891,8845,7404,15.185
24892,9143,7405,26.482
24893,7406,7502,629.8699999999999
24894,7407,8366,476.30000000000007
24895,7408,7903,47.74399999999999
24896,9618,7408,354.218
24897,7410,7413,28.808
24898,7412,7410,27.177
24899,7412,7413,42.15
24900,7414,7412,69.38499999999999
24901,7413,8713,8.048
24902,8749,7414,129.972
24903,9005,7416,55.652
24904,7417,8947,119.08700000000002
24905,8947,7417,119.08700000000002
24906,8947,7418,145.651
24907,7419,8124,140.344
24908,8124,7419,140.344
24909,9582,7420,12.814
24910,9584,7420,39.909
24911,7421,9618,73.295
24912,7423,7841,75.638
24913,7425,7426,70.224
24914,7813,7425,31.081000000000003
24915,7817,7425,8.169
24916,7426,7427,102.769
24917,7428,8269,304.619
24918,7815,7428,11.081
24919,7430,7881,78.12599999999999
24920,8503,7430,40.632
24921,8752,7430,12.632
24922,7431,7882,3.041
24923,7881,7431,2.799
24924,7432,8752,12.647
24925,8752,7432,12.647
24926,7435,8279,61.476
24927,9399,7435,128.41
24928,7435,9399,128.41
24929,7436,7435,52.45000000000001
24930,7436,8280,41.166
24931,7502,7437,254.533
24932,7438,7442,82.67399999999999
24933,7439,7440,52.017
24934,7976,7439,52.929
24935,7440,9245,123.294
24936,7440,7441,105.28400000000002
24937,8591,7440,8.68
24938,7441,7501,13.664
24939,7442,7443,52.722
24940,9217,7442,121.129
24941,7443,7976,52.249
24942,8627,7444,112.249
24943,7444,8627,112.249
24944,7445,7939,63.373
24945,7939,7445,63.373
24946,8627,7445,309.155
24947,7445,8627,309.155
24948,8626,7445,93.302
24949,9803,7447,71.72200000000001
24950,7452,9157,75.456
24951,9166,7452,75.471
24952,7453,8413,34.55200000000001
24953,8414,7453,36.633
24954,7454,7486,141.212
24955,7486,7454,141.212
24956,7455,8389,31.155
24957,9126,7455,8.416
24958,7457,7458,187.997
24959,7458,7457,187.997
24960,7458,7459,57.995
24961,7968,7459,307.30600000000004
24962,7459,7968,307.30600000000004
24963,7464,7461,87.829
24964,9405,7465,115.708
24965,7465,9405,115.708
24966,7467,7468,29.465000000000003
24967,7468,7590,22.408
24968,7469,8482,34.801
24969,7470,9134,12.066
24970,9134,7470,12.066
24971,7471,9096,70.87
24972,7632,7471,91.966
24973,9092,7472,215.663
24974,7472,9092,215.663
24975,7472,8381,64.16300000000001
24976,7915,7473,149.889
24977,7918,7473,51.616
24978,7731,7474,28.385
24979,7474,7731,28.385
24980,7475,9455,8.932
24981,9455,7475,8.932
24982,9451,7475,44.469
24983,7475,9451,44.469
24984,7477,7476,100.741
24985,7476,7477,100.741
24986,7477,7479,140.101
24987,7479,7477,140.101
24988,7478,7477,81.922
24989,7477,7478,81.922
24990,8602,7478,113.575
24991,7478,8602,113.575
24992,7480,7935,19.455
24993,7935,7480,19.455
24994,8131,7480,212.793
24995,7481,8370,31.991
24996,8370,7481,31.991
24997,7937,7481,260.538
24998,7481,7937,260.538
24999,9110,7481,82.75699999999999
25000,8370,7482,300.408
25001,7482,8370,300.408
25002,7484,7483,109.601
25003,7483,7484,109.601
25004,7484,7969,71.706
25005,7969,7484,71.706
25006,8376,7484,112.749
25007,7484,8376,112.749
25008,8614,7485,86.26199999999999
25009,7486,8132,106.885
25010,7935,7486,105.913
25011,7489,9361,228.233
25012,9361,7489,228.233
25013,9362,7489,94.57
25014,7489,9362,94.57
25015,7490,9025,82.07000000000001
25016,7492,9065,116.58099999999996
25017,7492,9263,110.097
25018,7543,7493,30.685
25019,9163,7495,164.18099999999998
25020,7495,9163,164.18099999999998
25021,7498,8179,256.201
25022,7911,7498,128.747
25023,7501,8544,13.567
25024,8591,7501,106.685
25025,7866,7502,546.494
25026,8984,7503,48.59
25027,9167,7504,19.743
25028,7505,8735,50.42700000000001
25029,8115,7506,68.408
25030,7506,8115,68.408
25031,7507,7508,48.617
25032,7507,8068,214.864
25033,8068,7507,214.864
25034,7508,8112,7.118
25035,7508,8114,44.12400000000001
25036,7509,7510,132.88500000000002
25037,7510,7509,132.88500000000002
25038,7511,9798,161.7
25039,9798,7511,161.7
25040,7512,7628,60.031000000000006
25041,7512,7631,44.868
25042,7514,9166,42.173
25043,8176,7514,59.322
25044,8177,7514,39.769
25045,7516,7802,44.669
25046,7519,7524,98.702
25047,8357,7519,111.932
25048,7524,7520,43.249
25049,8390,7520,27.857000000000006
25050,7521,7522,4.936
25051,7521,7525,59.364
25052,7524,7521,4.644
25053,8390,7521,34.752
25054,7522,7523,88.947
25055,7522,7524,3.727
25056,7526,7522,48.05800000000001
25057,7526,7523,120.16
25058,7525,9051,84.15400000000001
25059,8572,7525,77.76200000000001
25060,9051,7526,101.76
25061,7527,9326,36.325
25062,7527,9325,13.647
25063,9323,7527,9.335
25064,7528,9318,8.847999999999999
25065,7567,7528,31.113
25066,9327,7528,15.088
25067,7529,9321,28.933
25068,7529,9320,14.654
25069,9317,7529,11.712
25070,7531,9050,22.951
25071,9045,7531,71.566
25072,7531,9045,71.566
25073,9047,7531,22.905
25074,7866,7532,424.77
25075,7535,7536,70.84500000000001
25076,7536,7535,70.84500000000001
25077,7676,7537,97.62
25078,7748,7538,38.105
25079,7539,7540,32.426
25080,7748,7540,141.25199999999998
25081,7541,7542,27.374
25082,7542,7879,21.688
25083,8680,7542,148.917
25084,9525,7544,12.466
25085,7545,7546,32.2
25086,7545,9237,61.104
25087,7546,9236,22.743
25088,9237,7546,54.76
25089,7548,7549,27.807
25090,7553,7548,13.479
25091,7549,7550,14.427
25092,7550,7551,9.6
25093,7551,8015,38.852
25094,7551,7552,6.964
25095,7552,7553,13.05
25096,8015,7552,34.821
25097,8016,7554,55.690000000000005
25098,8663,7554,16.456999999999997
25099,7556,8020,173.861
25100,8017,7557,49.815
25101,8664,7557,33.803
25102,8023,7559,79.33
25103,8643,7560,50.09
25104,9656,7561,65.209
25105,7562,7563,23.947
25106,7563,7562,23.947
25107,7562,8419,60.027
25108,8423,7562,80.018
25109,8419,7563,60.402
25110,7564,8488,18.904
25111,8487,7564,18.699
25112,7565,8459,24.677
25113,9327,7567,31.614
25114,7572,7573,446.489
25115,7572,7575,360.6
25116,7894,7573,917.146
25117,8551,7574,125.217
25118,8824,7576,87.919
25119,7576,8824,87.919
25120,7576,7577,144.28699999999998
25121,7794,7576,32.911
25122,7577,7794,175.89700000000002
25123,7577,7793,19.379
25124,7793,7577,19.379
25125,7579,7579,41.868
25126,7579,8991,46.619
25127,8991,7579,46.619
25128,7580,8310,103.956
25129,7581,7970,46.538
25130,7970,7581,46.538
25131,7581,8399,146.38
25132,7775,7581,100.767
25133,7581,7775,100.767
25134,7582,7581,146.487
25135,7582,7771,100.753
25136,7771,7582,100.753
25137,7583,7771,103.34099999999998
25138,7771,7583,103.34099999999998
25139,7777,7583,62.012
25140,7583,7777,62.012
25141,7586,8091,59.5
25142,7586,7587,52.383
25143,7586,9030,36.106
25144,8002,7586,53.415
25145,8003,7586,75.215
25146,9021,7586,37.043
25147,8003,7587,116.919
25148,7589,7590,13.249
25149,7590,7589,13.249
25150,8170,7592,111.883
25151,7593,7594,67.258
25152,9361,7598,18.285
25153,7599,7979,12.002
25154,7599,9361,10.352
25155,7600,8165,701.81
25156,8165,7600,701.81
25157,7606,7603,102.084
25158,7604,7605,77.329
25159,9601,7604,58.102
25160,7606,7605,14.506
25161,7605,7606,14.506
25162,7605,9874,143.087
25163,9874,7606,133.59
25164,7820,7607,16.076
25165,7607,7820,16.076
25166,7607,8823,31.086
25167,7607,7610,79.00899999999999
25168,7610,7607,79.00899999999999
25169,7609,7608,9.64
25170,7608,7609,9.64
25171,7608,7820,48.67
25172,7819,7608,56.78
25173,7609,7819,62.797
25174,7820,7609,42.285
25175,7610,8825,131.555
25176,8825,7610,131.555
25177,7612,7611,12.008
25178,7611,7612,12.008
25179,7611,9467,131.391
25180,7613,7611,74.851
25181,7612,7614,97.826
25182,9265,7612,118.94400000000002
25183,9090,7613,61.5
25184,7614,7615,39.254000000000005
25185,7615,9090,11.442
25186,9090,7615,11.442
25187,7615,7616,134.70600000000002
25188,7617,9090,134.32999999999998
25189,7959,7618,17.157999999999998
25190,7618,7959,17.157999999999998
25191,7627,8258,81.312
25192,8527,7627,217.931
25193,7628,7629,137.736
25194,7631,7628,31.913
25195,7629,7630,86.09100000000001
25196,7630,9369,83.495
25197,8177,7631,11.455
25198,9157,7631,87.912
25199,9862,7632,76.78200000000001
25200,7632,9862,76.78200000000001
25201,8817,7633,27.116
25202,7634,7707,47.453
25203,8795,7635,137.747
25204,7635,8795,137.747
25205,7637,8393,13.687
25206,7638,9046,116.066
25207,9048,7638,40.174
25208,7641,7642,78.902
25209,7642,7643,78.686
25210,7647,9150,17.391
25211,9150,7647,17.391
25212,7648,7647,89.93900000000001
25213,7647,7648,89.93900000000001
25214,7647,7648,89.068
25215,7648,7647,89.068
25216,7649,7648,43.573
25217,7648,7649,43.573
25218,7893,7650,678.2130000000001
25219,9889,7650,377.363
25220,7652,7653,13.164
25221,7653,7652,13.164
25222,7656,7657,31.017000000000003
25223,8758,7656,28.733
25224,7658,9866,107.382
25225,7659,9038,485.348
25226,9038,7659,485.348
25227,7659,9054,84.82000000000001
25228,9054,7659,84.82000000000001
25229,9055,7659,114.564
25230,7659,9055,114.564
25231,7667,7663,222.353
25232,7664,8213,110.031
25233,8213,7664,110.031
25234,7667,7839,29.968
25235,7840,7667,12.795
25236,9690,7668,55.67
25237,7668,9690,55.67
25238,7668,7669,40.904
25239,7669,7668,40.904
25240,7671,7672,95.025
25241,7672,7671,95.025
25242,8836,7676,56.61
25243,7676,8836,56.61
25244,9064,7677,1638.7450000000008
25245,7677,9064,1638.7450000000008
25246,7678,9281,146.124
25247,9281,7678,146.124
25248,9220,7678,104.285
25249,7678,9220,104.285
25250,9229,7679,99.054
25251,7679,9229,99.054
25252,8282,7681,38.145
25253,7683,9658,6.792
25254,7689,8059,87.06899999999999
25255,9587,7689,58.853
25256,9587,7689,61.587
25257,7690,7691,30.694000000000003
25258,7693,9129,17.13
25259,7694,9735,43.866
25260,9735,7694,43.866
25261,7695,8491,281.58699999999993
25262,7695,9623,319.93699999999995
25263,9623,7695,319.93699999999995
25264,8513,7695,375.131
25265,7698,7700,94.217
25266,7698,9487,7.05
25267,9487,7698,7.05
25268,7699,7698,94.384
25269,7699,9486,7.105
25270,9486,7699,7.105
25271,7700,7701,94.023
25272,7700,9488,7.004999999999999
25273,9488,7700,7.004999999999999
25274,7701,7702,99.198
25275,7701,9489,6.959000000000001
25276,9489,7701,6.959000000000001
25277,7702,7703,98.82
25278,7703,7704,94.252
25279,7704,9491,6.849
25280,9491,7704,6.849
25281,7704,7705,94.304
25282,7705,7706,91.295
25283,7705,9490,6.816
25284,9490,7705,6.816
25285,7706,9189,10.576
25286,9492,7706,5.748
25287,7708,7710,39.563
25288,7710,7708,39.563
25289,7709,7708,40.498
25290,7708,7709,40.498
25291,7712,7872,46.275
25292,8219,7715,252.855
25293,8260,7715,58.702
25294,9166,7716,120.163
25295,7716,9166,120.163
25296,7717,7826,30.523
25297,7825,7717,32.096999999999994
25298,7718,9512,429.62200000000007
25299,7718,8500,36.118
25300,8500,7718,36.118
25301,8498,7719,47.491
25302,7719,8498,47.491
25303,7720,7719,27.531
25304,9687,7720,23.271
25305,7721,8336,82.737
25306,8328,7721,61.536
25307,8715,7722,213.804
25308,7722,8715,213.804
25309,7724,7814,52.918
25310,7725,8739,28.556
25311,7726,9511,418.442
25312,7726,7815,127.079
25313,7727,7726,19.192
25314,8921,7726,30.065
25315,7728,7727,17.594
25316,8921,7727,41.695
25317,7728,7730,35.064
25318,7728,7729,27.939
25319,7729,7730,29.878
25320,7730,7817,157.666
25321,8918,7732,193.186
25322,7732,8918,193.186
25323,9274,7733,58.175
25324,8303,7734,54.088
25325,7737,8996,118.796
25326,7998,7737,28.888
25327,7739,7740,208.346
25328,7930,7739,81.605
25329,7742,7741,192.903
25330,7745,7744,29.67
25331,8138,7746,105.467
25332,7746,8138,105.467
25333,7746,8065,51.168
25334,8065,7746,51.168
25335,8722,7746,137.80799999999996
25336,7747,9119,64.497
25337,7750,7750,193.131
25338,7756,7757,19.304
25339,7757,7756,19.304
25340,7764,7762,7.891
25341,7762,7764,7.891
25342,7762,9477,4.890000000000001
25343,9477,7762,4.890000000000001
25344,9476,7762,2.292
25345,7762,9476,2.292
25346,9477,7763,6.704
25347,7763,9477,6.704
25348,8286,7763,94.287
25349,8278,7764,91.657
25350,7771,7770,141.371
25351,7770,7771,141.371
25352,7771,7775,146.511
25353,7775,7771,146.511
25354,7772,7936,144.66799999999998
25355,7773,7772,30.798
25356,7773,9887,54.972
25357,9887,7773,54.972
25358,7776,7775,53.628
25359,7775,7776,53.628
25360,7776,8399,148.981
25361,8399,7776,148.981
25362,8371,7776,31.412
25363,7776,8371,31.412
25364,7777,9110,193.777
25365,9110,7777,193.777
25366,8397,7777,28.762
25367,7777,8397,28.762
25368,8076,7779,20.98
25369,7779,8076,20.98
25370,7782,8417,23.550000000000004
25371,8417,7782,111.812
25372,7783,8594,39.179
25373,8594,7783,39.179
25374,7786,7787,142.704
25375,8544,7786,52.841
25376,7788,9379,67.069
25377,9740,7788,57.155
25378,7796,7795,75.13700000000001
25379,7795,7796,75.13700000000001
25380,9686,7798,36.479
25381,9358,7799,33.984
25382,7799,9358,33.984
25383,7799,9359,423.327
25384,9359,7799,423.327
25385,7801,9810,270.201
25386,7803,7804,14.394
25387,7805,7803,14.309
25388,7806,7808,14.38
25389,7808,7807,14.506999999999998
25390,8066,7809,29.057
25391,7810,8016,161.539
25392,8016,7810,161.539
25393,8066,7810,60.944
25394,9067,7811,194.606
25395,7817,7813,35.224000000000004
25396,7814,7815,12.75
25397,7815,7816,102.981
25398,7816,7817,9.557
25399,7816,8921,131.237
25400,9592,7822,41.173
25401,7822,9592,41.173
25402,7825,7826,14.096
25403,7826,7827,5.255
25404,7827,8264,29.025
25405,7827,8262,30.606
25406,7829,8456,238.33
25407,9689,7829,12.0
25408,8968,7835,39.746
25409,7835,8968,39.746
25410,7945,7838,48.608
25411,7839,8751,52.381
25412,7843,7842,69.449
25413,7842,7843,69.449
25414,8751,7843,66.031
25415,7844,7845,72.154
25416,7845,7846,85.765
25417,9793,7847,224.29599999999996
25418,7847,9793,224.29599999999996
25419,7849,8102,220.414
25420,7851,8462,55.78099999999999
25421,8167,7852,28.345
25422,7854,9048,9.853
25423,9050,7854,11.815
25424,9052,7854,145.916
25425,7855,9522,16.852
25426,8616,7857,30.146
25427,7857,8616,30.146
25428,7858,7857,146.374
25429,7857,7858,146.374
25430,8770,7858,147.99900000000002
25431,7858,8770,147.99900000000002
25432,8781,7859,30.327
25433,7859,8781,30.327
25434,7859,7864,43.11
25435,7859,8770,157.821
25436,8770,7859,157.821
25437,7859,9569,31.860000000000003
25438,8777,7859,28.236
25439,7860,8781,178.692
25440,8781,7860,178.692
25441,7861,7860,213.742
25442,7860,7861,213.742
25443,7862,7861,189.66
25444,7861,7862,189.66
25445,8773,7862,177.43800000000002
25446,7862,8773,177.43800000000002
25447,7863,8616,45.797
25448,8616,7863,45.797
25449,7864,9569,21.859
25450,8418,7866,619.6940000000001
25451,7867,8749,821.4650000000001
25452,7867,9501,539.1419999999999
25453,8180,7868,456.299
25454,8355,7868,681.0819999999997
25455,7869,8924,67.226
25456,7870,7869,28.911
25457,7869,7870,28.911
25458,8919,7869,35.826
25459,7870,8625,67.89899999999999
25460,8919,7870,45.993
25461,7871,8994,24.187
25462,8994,7871,28.447
25463,7872,8149,5.398
25464,8149,7873,60.510000000000005
25465,7874,7875,46.870000000000005
25466,7874,9541,24.756
25467,9541,7875,38.465
25468,7876,7877,7.705
25469,7876,9573,84.898
25470,7877,8514,431.70200000000006
25471,7878,8719,46.933
25472,7878,8288,66.881
25473,7879,9118,113.194
25474,7880,8752,92.47
25475,7880,7881,10.781
25476,7883,7884,10.44
25477,7884,7883,10.44
25478,7886,7883,134.672
25479,7883,7886,134.672
25480,7884,7887,142.268
25481,7887,7884,142.268
25482,7885,7886,33.48
25483,7886,7885,33.48
25484,7886,7885,65.71799999999999
25485,7889,7887,81.65599999999999
25486,7887,7889,81.65599999999999
25487,7888,7889,6.302
25488,7891,7888,9.961
25489,7889,7890,10.069
25490,7890,7891,7.012
25491,7893,9512,663.2260000000001
25492,9513,7893,766.6630000000001
25493,9509,7895,91.347
25494,8365,7896,81.754
25495,9811,7897,18.177
25496,7899,7898,168.448
25497,7904,7899,19.424
25498,7902,8367,125.12000000000002
25499,7903,7902,25.586
25500,9803,7909,512.358
25501,7917,7911,42.23
25502,7916,7918,27.202
25503,7918,7917,4.003
25504,7924,7925,68.17
25505,7926,7927,35.554
25506,7927,7926,35.554
25507,7927,7928,125.682
25508,7928,7927,125.682
25509,7929,7927,49.709
25510,7927,7929,49.709
25511,7928,7929,48.237
25512,7929,7928,48.237
25513,7928,7929,24.016
25514,7929,7928,24.016
25515,9107,7930,497.193
25516,7930,9107,497.193
25517,9502,7935,104.866
25518,7936,7937,13.036
25519,7937,7936,13.036
25520,7937,8397,85.37100000000001
25521,8397,7937,85.37100000000001
25522,7938,7939,9.267
25523,7939,7938,9.267
25524,8207,7938,11.622
25525,7938,8207,11.622
25526,7939,8626,67.525
25527,8626,7939,67.525
25528,7940,9670,74.822
25529,9670,7940,76.256
25530,7942,8178,53.93599999999999
25531,7949,8350,12.46
25532,8350,7949,12.46
25533,7949,8662,86.48599999999999
25534,8745,7949,45.283
25535,7949,8745,45.283
25536,7950,9666,64.162
25537,9664,7950,64.628
25538,7951,8476,96.864
25539,8476,7951,96.864
25540,7951,9817,166.874
25541,9817,7951,166.874
25542,8787,7955,134.128
25543,7955,8787,134.128
25544,7955,7955,120.91199999999998
25545,7956,8668,11.603
25546,8669,7956,9.501
25547,7959,9530,25.065
25548,9531,7959,23.949
25549,7961,7960,109.388
25550,7960,7961,109.388
25551,7962,7961,110.048
25552,7961,7962,110.048
25553,9329,7961,131.05599999999998
25554,7962,8640,59.014
25555,8640,7962,59.014
25556,7964,7963,95.724
25557,7963,7964,95.724
25558,9123,7965,133.838
25559,9134,7965,167.25299999999996
25560,9408,7966,6.921
25561,7966,9408,6.921
25562,7966,9409,12.245
25563,9409,7966,12.245
25564,7967,8376,101.163
25565,8376,7967,101.163
25566,8399,7967,46.985
25567,7967,8399,46.985
25568,7967,7970,146.802
25569,9303,7967,42.641000000000005
25570,8549,7968,205.349
25571,7969,8545,42.997
25572,8548,7969,48.185
25573,7972,8600,197.844
25574,8600,7972,197.844
25575,7973,8952,119.183
25576,8952,7973,119.183
25577,7975,8010,84.07199999999997
25578,7975,8008,64.345
25579,9062,7975,133.99599999999998
25580,7978,9130,131.55599999999998
25581,9130,7978,131.55599999999998
25582,9361,7979,4.885
25583,7979,9361,4.885
25584,7981,8530,144.136
25585,8530,7981,144.136
25586,7985,7984,373.753
25587,7984,7985,373.753
25588,7986,7989,74.087
25589,7988,7986,86.443
25590,7987,9075,33.883
25591,9075,7987,33.883
25592,8796,7987,84.806
25593,8912,7988,56.513000000000005
25594,7989,9138,43.501
25595,8907,7990,43.271
25596,8360,7993,36.400000000000006
25597,7995,8948,94.234
25598,8948,7995,94.234
25599,8949,7995,94.366
25600,7995,8949,94.366
25601,7997,7998,36.919
25602,7998,7997,36.919
25603,7998,9000,133.523
25604,9000,7998,133.523
25605,7999,9841,3.3
25606,9655,7999,24.145
25607,9839,7999,13.842
25608,8000,9838,5.987
25609,9841,8000,10.032
25610,8001,8930,285.463
25611,8002,9030,66.15199999999999
25612,8004,9045,247.44399999999996
25613,9045,8004,241.011
25614,8005,8006,51.048
25615,8005,8532,12.806
25616,8531,8005,12.618
25617,9086,8005,44.04
25618,9086,8006,51.393
25619,8007,8012,105.337
25620,8644,8007,923.026
25621,8008,8010,47.269
25622,8009,8008,2.939
25623,8009,9061,181.746
25624,8011,8009,112.536
25625,8010,9068,915.6
25626,8011,9061,291.877
25627,8013,8011,41.785
25628,8012,8013,66.953
25629,8663,8016,59.659000000000006
25630,8018,8017,13.222
25631,8019,8018,146.048
25632,8019,8020,5.699
25633,8020,8019,5.699
25634,8020,8021,172.845
25635,8024,9372,26.502
25636,8024,9239,36.675
25637,8026,8027,28.255
25638,8029,8026,266.68
25639,8028,8029,60.50500000000001
25640,8039,8030,10.804
25641,8030,8039,10.804
25642,8030,9173,175.55499999999998
25643,8031,8030,152.233
25644,8042,8031,11.017
25645,8031,8042,11.017
25646,8033,8031,220.79100000000005
25647,8041,8032,11.079
25648,8032,8041,11.079
25649,8032,8033,71.48
25650,8034,8032,97.814
25651,8038,8034,7.402
25652,8034,8038,7.402
25653,8035,8094,63.645
25654,8035,8617,45.268
25655,8036,8035,407.583
25656,8040,8036,24.496
25657,9174,8036,32.217
25658,8037,9173,18.924
25659,8040,8037,90.53499999999998
25660,8041,8038,94.623
25661,8039,8042,154.146
25662,8097,8040,439.988
25663,9174,8040,17.47
25664,8042,8041,287.349
25665,8053,9126,189.647
25666,8054,8053,68.726
25667,8055,8054,60.151
25668,9125,8055,64.829
25669,8056,9741,17.492
25670,8058,9884,6.974
25671,9886,8058,7.066
25672,8059,9588,36.406
25673,8059,8060,137.758
25674,8061,8062,40.305
25675,8062,8061,40.305
25676,9079,8062,64.73
25677,8577,8064,26.462000000000003
25678,8064,8577,26.462000000000003
25679,8065,9587,52.744
25680,9587,8065,52.744
25681,8065,9587,55.822
25682,8111,8068,30.163
25683,8072,8070,43.16
25684,8070,8072,43.16
25685,8070,8075,61.037
25686,8075,8070,61.037
25687,8077,8071,64.506
25688,8071,8077,64.506
25689,8073,8072,138.282
25690,8072,8073,138.282
25691,8076,8073,175.01399999999995
25692,8073,8076,175.01399999999995
25693,8074,8076,551.3919999999999
25694,8076,8074,551.3919999999999
25695,8075,8077,60.637
25696,8077,8075,60.637
25697,8078,8079,10.267
25698,8079,8078,10.267
25699,8080,8078,36.869
25700,8080,8082,10.308
25701,8082,8080,10.308
25702,8082,8081,4.755
25703,8083,9365,25.304
25704,8085,8691,237.485
25705,8691,8085,237.485
25706,8691,8086,35.848
25707,8086,8691,35.848
25708,8086,8693,19.771
25709,8693,8086,19.771
25710,8087,8103,20.516
25711,8103,8087,20.516
25712,8087,8105,49.533
25713,9158,8087,19.927
25714,8088,8090,32.242
25715,8088,8089,38.818
25716,8089,8090,26.646
25717,9021,8091,80.971
25718,8813,8093,3.623
25719,8094,8096,29.293
25720,8617,8094,34.639
25721,8095,8618,9.974
25722,8095,8660,78.765
25723,8742,8095,8.056
25724,8096,8742,64.638
25725,8618,8097,33.261
25726,8098,8099,28.203
25727,8099,8098,28.203
25728,9241,8099,87.205
25729,8099,9241,87.205
25730,8100,9158,22.644
25731,8100,8101,167.321
25732,8101,8100,167.321
25733,8108,8100,21.261
25734,8105,8107,26.958
25735,8108,9158,23.841
25736,8113,8111,62.391
25737,8112,8116,8.037
25738,8112,8115,35.134
25739,8114,8112,36.437000000000005
25740,8117,8113,40.302
25741,8917,8114,145.212
25742,8114,8917,145.212
25743,8114,8115,42.92999999999999
25744,8115,8116,34.143
25745,8119,8120,6.995
25746,8120,8119,6.995
25747,8119,8960,105.662
25748,8120,8121,28.458
25749,8121,8120,28.458
25750,8120,8122,75.916
25751,8121,8963,42.581
25752,8963,8121,42.581
25753,8121,8122,73.103
25754,9596,8123,73.328
25755,8123,9596,73.328
25756,8124,9923,141.929
25757,9923,8124,141.929
25758,8125,8126,79.97000000000001
25759,8126,8125,79.97000000000001
25760,8654,8127,79.85700000000001
25761,8129,8128,14.38
25762,8128,8129,14.38
25763,8134,8128,143.371
25764,8129,8133,143.353
25765,8132,8131,22.167
25766,8131,8132,22.167
25767,8133,8131,286.0690000000001
25768,8132,8134,286.11300000000006
25769,8133,8134,19.16
25770,8134,8133,19.16
25771,9370,8135,6.965
25772,9762,8136,5.401
25773,9778,8137,6.473
25774,8142,8139,146.309
25775,8140,9580,55.277
25776,9580,8140,55.277
25777,8141,8290,23.896
25778,8150,8151,52.214
25779,8152,8154,79.249
25780,8154,8152,79.249
25781,8155,8162,79.22
25782,8162,8155,79.22
25783,8159,8156,79.151
25784,8156,8159,79.151
25785,8165,8164,9.56
25786,8166,8630,57.898
25787,8168,8173,43.477
25788,8169,8171,112.399
25789,8172,8171,8.986
25790,8171,8172,8.986
25791,8674,8172,260.80499999999995
25792,8175,8190,96.051
25793,8176,8177,34.53
25794,8178,9385,126.234
25795,9385,8178,126.234
25796,8366,8179,473.354
25797,8180,9501,639.5210000000001
25798,8181,8202,18.764
25799,8202,8181,18.764
25800,8195,8183,178.856
25801,8183,8195,178.856
25802,8183,8848,45.965
25803,8848,8183,45.965
25804,8184,8433,324.118
25805,9715,8185,169.394
25806,8185,9715,169.394
25807,8185,8187,179.129
25808,8846,8186,10.341
25809,8186,8846,10.341
25810,8484,8186,210.661
25811,8187,8847,49.117
25812,8847,8187,49.117
25813,8855,8187,46.296
25814,8187,8855,46.296
25815,8188,8197,178.806
25816,8190,8849,109.387
25817,8192,9718,170.771
25818,8198,8197,31.122
25819,8204,8200,92.779
25820,8200,8204,92.779
25821,8203,9098,93.976
25822,9098,8203,93.976
25823,9183,8204,35.393
25824,8204,9183,35.393
25825,9382,8206,22.825
25826,8215,8574,188.522
25827,9326,8216,39.697
25828,8216,9326,39.697
25829,8217,8222,169.85199999999998
25830,9433,8217,64.226
25831,9433,8217,63.297
25832,8218,8224,166.468
25833,8225,8218,11.78
25834,8218,8225,11.78
25835,8219,8223,7.891
25836,8223,8219,7.891
25837,8222,8219,36.381
25838,8222,8219,36.947
25839,8220,8223,99.1
25840,8259,8220,104.0
25841,8221,8225,165.628
25842,8221,8224,7.729
25843,8224,8221,7.729
25844,8657,8221,82.51100000000001
25845,8221,8657,82.51100000000001
25846,8223,9432,137.49800000000002
25847,8224,9433,200.279
25848,8228,8241,45.260000000000005
25849,8240,8228,7.006
25850,8251,8229,89.753
25851,8229,8251,89.753
25852,8231,8240,31.488
25853,8231,8238,73.242
25854,8241,8231,18.918
25855,8233,8242,72.711
25856,8329,8233,76.82499999999999
25857,8234,8524,28.459
25858,8525,8234,12.859
25859,8235,8243,196.327
25860,8235,8239,10.463
25861,8237,8235,13.706
25862,8236,9457,66.43900000000001
25863,8243,8236,71.71
25864,8238,8240,55.729
25865,8526,8241,493.766
25866,8241,8526,493.766
25867,8244,8248,39.964
25868,8248,8244,39.964
25869,8245,8565,23.026
25870,8247,8628,21.079
25871,8252,8258,8.605
25872,8258,8252,8.605
25873,9453,8253,54.846
25874,8253,9453,54.846
25875,8259,8260,11.962
25876,8261,8259,10.063
25877,8260,9656,18.520000000000003
25878,8261,8260,7.722
25879,8262,8261,5.58
25880,8263,8261,13.982
25881,8262,8264,26.331
25882,8263,8262,14.641
25883,8422,8263,394.561
25884,9656,8263,18.258000000000003
25885,8269,8267,36.392
25886,8270,8267,38.899
25887,8268,8269,100.312
25888,8269,8268,100.312
25889,8269,8270,42.286
25890,8270,8269,42.286
25891,8274,8273,11.071
25892,8273,8274,11.071
25893,8275,8276,9.309
25894,8276,8275,9.309
25895,8277,9244,12.562
25896,8277,9482,4.987
25897,8801,8277,20.499
25898,9182,8277,8.461
25899,8278,9476,95.664
25900,8281,9479,75.985
25901,9244,8281,80.814
25902,8283,9182,82.88499999999999
25903,8283,9481,81.196
25904,8284,9396,62.685
25905,8284,9396,63.471
25906,8285,9480,77.042
25907,9389,8285,51.151
25908,8286,9477,98.515
25909,8288,8719,29.677
25910,8288,8296,270.08000000000004
25911,8296,8288,270.08000000000004
25912,8289,9004,151.293
25913,8309,8289,61.513
25914,9804,8291,157.743
25915,8291,9804,157.743
25916,8291,8301,109.44
25917,8291,9313,114.882
25918,8304,8291,125.301
25919,8292,8303,89.156
25920,8292,9483,90.715
25921,8297,8292,22.394
25922,8293,9505,55.394000000000005
25923,8303,8293,9.136
25924,9483,8293,8.589
25925,8294,8298,217.671
25926,8295,9219,68.393
25927,8295,8308,90.847
25928,8302,8295,11.149
25929,8296,9473,7.205
25930,9473,8296,7.205
25931,8296,9006,6.055
25932,9475,8296,50.858
25933,8299,8297,55.066
25934,8308,8299,20.0
25935,9217,8299,22.116
25936,8300,8302,63.852
25937,9175,8300,167.27900000000002
25938,9505,8300,107.863
25939,8301,9743,11.466
25940,8301,9804,172.194
25941,9313,8301,8.206
25942,9483,8303,4.875
25943,9505,8304,23.631
25944,8306,8305,62.554
25945,8305,8306,62.554
25946,8305,9234,29.888
25947,8307,9180,192.036
25948,9180,8307,192.036
25949,9473,8307,270.749
25950,8307,9473,270.749
25951,8308,9483,14.336
25952,9216,8308,12.15
25953,9219,8308,21.564
25954,8309,9314,6.964
25955,9743,8309,10.063
25956,8311,8310,11.5
25957,8310,8311,11.5
25958,9366,8312,10.992
25959,8313,9368,14.141000000000002
25960,8316,8314,38.262
25961,8315,8517,24.615
25962,8538,8315,31.675
25963,8317,8318,9.82
25964,8319,8320,63.38
25965,8325,8319,37.03
25966,8320,8326,268.353
25967,8321,8323,122.424
25968,8322,8321,101.248
25969,8326,8322,17.634
25970,9335,8322,32.331
25971,8323,8324,60.899
25972,8324,8329,22.308
25973,8327,8325,33.382000000000005
25974,9335,8326,26.941000000000003
25975,8326,9335,26.941000000000003
25976,8516,8327,111.795
25977,8329,8328,10.422
25978,8330,8331,9.552
25979,8331,8330,9.552
25980,8332,8333,114.411
25981,8335,8332,76.912
25982,8333,8334,14.163
25983,8334,9191,96.812
25984,8336,8335,77.331
25985,8876,8338,181.855
25986,8338,8876,181.855
25987,8920,8338,79.457
25988,8341,8339,39.848
25989,8339,8341,39.848
25990,9643,8339,126.354
25991,8340,8349,38.125
25992,8340,8341,50.144000000000005
25993,8341,8340,50.144000000000005
25994,8341,8709,106.978
25995,8709,8341,106.978
25996,8342,8342,59.34
25997,8342,8342,59.34
25998,8344,8344,91.712
25999,9653,8344,56.905
26000,8344,9653,56.905
26001,8345,8346,44.496
26002,8346,8345,44.496
26003,8346,8346,56.02300000000001
26004,8346,8346,56.02300000000001
26005,8348,8355,1171.841
26006,8351,8348,210.543
26007,8386,8348,485.30500000000006
26008,8353,8349,134.808
26009,8350,8746,32.726
26010,8352,8350,42.547
26011,8354,8350,105.639
26012,8354,8351,45.021
26013,8750,8351,79.969
26014,8352,8746,47.279
26015,8667,8352,235.83499999999995
26016,8353,9643,32.469
26017,9661,8353,89.136
26018,8662,8354,17.581
26019,8750,8354,47.801
26020,9215,8354,21.884
26021,8355,8749,681.617
26022,8356,8512,1186.5970000000002
26023,9114,8356,426.8510000000001
26024,9822,8356,476.508
26025,8926,8357,92.827
26026,8358,9116,22.15
26027,9117,8359,23.389
26028,9514,8361,77.47200000000001
26029,9071,8362,17.271
26030,8365,9196,6.896
26031,9196,8365,6.896
26032,8365,9195,39.379000000000005
26033,9137,8369,52.065000000000005
26034,8369,9137,52.065000000000005
26035,9305,8370,234.767
26036,8370,9305,234.767
26037,8370,8371,81.339
26038,9110,8371,31.179
26039,8371,9110,31.179
26040,8372,8373,78.455
26041,8375,8372,11.686
26042,8511,8372,8.851
26043,8471,8374,42.277
26044,8374,8471,42.277
26045,8375,8511,17.875
26046,8510,8375,35.975
26047,8378,8377,8.248
26048,8377,8378,8.248
26049,8379,8614,41.787000000000006
26050,9694,8380,56.07300000000001
26051,8383,8385,134.163
26052,8385,8383,131.419
26053,8567,8384,247.141
26054,8386,8747,198.237
26055,8668,8386,169.27100000000002
26056,8816,8388,104.321
26057,8388,8816,104.321
26058,8572,8390,31.565
26059,8394,8395,46.80700000000001
26060,8395,8394,46.80700000000001
26061,8395,8395,50.005
26062,8395,8395,50.005
26063,9181,8396,22.248
26064,9478,8396,24.137
26065,8397,8398,141.173
26066,8398,8397,141.173
26067,8399,9692,41.32900000000001
26068,8400,8401,84.944
26069,9682,8402,130.136
26070,8402,9682,130.136
26071,8404,8405,9.112
26072,8406,8404,10.928
26073,8405,8407,9.531
26074,9560,8406,74.677
26075,8406,9560,74.677
26076,8407,8406,6.893000000000001
26077,8409,8408,65.915
26078,8408,8409,65.915
26079,8981,8409,209.962
26080,8409,8981,209.962
26081,8410,9507,43.724
26082,8410,8412,8.329
26083,8413,8410,7.442
26084,8411,8732,43.169
26085,8415,8411,44.54900000000001
26086,8412,9599,1.927
26087,9507,8412,47.898
26088,8414,8413,24.791
26089,9598,8414,11.137
26090,8415,8732,27.773000000000003
26091,8416,8415,3.048
26092,9506,8416,38.562000000000005
26093,9599,8416,9.451
26094,9906,8420,31.008000000000003
26095,8420,9906,31.008000000000003
26096,8425,8426,33.968
26097,8426,8431,13.123
26098,8431,8426,13.123
26099,8430,8438,138.231
26100,8438,8430,138.231
26101,8430,9109,16.923000000000002
26102,9109,8430,16.923000000000002
26103,8431,8432,73.87
26104,8433,8434,3.383
26105,8437,8460,82.216
26106,8441,8440,5.573
26107,8440,8441,5.573
26108,8440,8989,251.26500000000004
26109,8988,8440,350.6170000000001
26110,8441,8988,362.062
26111,8989,8441,249.426
26112,9614,8444,26.906
26113,8444,9614,26.906
26114,8444,8446,42.94499999999999
26115,8447,8445,253.54900000000004
26116,8445,8447,253.54900000000004
26117,8446,8990,13.864
26118,8990,8446,13.864
26119,9614,8446,25.051
26120,8446,9614,25.051
26121,9169,8452,97.087
26122,8452,9169,97.087
26123,9328,8453,18.617
26124,8453,9328,18.617
26125,8453,8454,34.382
26126,8454,8453,34.382
26127,8455,8453,26.96
26128,8455,8454,27.619
26129,8454,8455,27.619
26130,8456,8458,21.372
26131,8456,9328,27.229
26132,8457,9121,76.263
26133,9121,8457,76.263
26134,9328,8458,21.179
26135,8461,8464,168.53
26136,8468,8467,12.17
26137,8467,8468,12.17
26138,8472,9250,292.653
26139,8474,8475,9.187
26140,8475,8474,9.187
26141,8474,8475,95.829
26142,8477,8478,80.537
26143,8478,8477,80.537
26144,8716,8480,216.375
26145,8482,8485,13.161
26146,8485,8482,13.161
26147,8624,8483,111.26
26148,8483,8624,111.26
26149,8486,8483,192.914
26150,8483,8486,192.914
26151,9141,8484,176.809
26152,8485,8730,17.817999999999998
26153,8485,8727,97.671
26154,8727,8485,97.671
26155,8489,8487,18.407
26156,8655,8488,270.148
26157,8488,8655,270.148
26158,8488,8489,18.63
26159,8490,8710,342.14700000000005
26160,8710,8490,342.14700000000005
26161,8490,8621,1199.7780000000002
26162,8621,8490,1199.7780000000002
26163,8513,8491,443.119
26164,8612,8492,71.918
26165,8492,8612,71.918
26166,8492,8495,135.026
26167,8495,8492,135.026
26168,8492,8493,193.11
26169,8493,8492,193.11
26170,8495,8493,82.545
26171,8493,8495,82.545
26172,8494,8612,13.282
26173,8612,8494,13.282
26174,8613,8494,15.002
26175,8494,8613,15.002
26176,8494,9626,66.115
26177,9626,8494,66.115
26178,8497,8495,86.84899999999999
26179,8495,8497,86.84899999999999
26180,8496,9678,32.323
26181,9678,8496,32.323
26182,8496,9625,67.838
26183,9625,8496,67.838
26184,9626,8497,67.538
26185,8497,9626,67.538
26186,9625,8497,152.72199999999998
26187,8497,9625,152.72199999999998
26188,8501,8502,9.841
26189,8502,8501,9.841
26190,8502,8631,76.259
26191,8504,8508,124.639
26192,8505,8504,62.22
26193,8508,8505,61.008
26194,9697,8513,1188.677
26195,9525,8514,471.943
26196,8514,9525,471.943
26197,8515,9338,35.663
26198,9339,8515,35.681
26199,8516,8538,7.524
26200,8517,8516,8.335
26201,8538,8517,10.453
26202,8520,8519,97.401
26203,8519,8520,97.401
26204,8519,8521,194.965
26205,8521,8519,194.965
26206,8568,8522,37.45399999999999
26207,8522,8568,37.45399999999999
26208,8523,8567,220.284
26209,8523,8980,201.75300000000004
26210,8568,8523,322.39900000000006
26211,8524,9197,46.185
26212,8524,8527,38.615
26213,8528,8525,49.394
26214,8526,8528,38.984
26215,8528,8526,38.045
26216,8528,8527,13.263
26217,8527,8528,13.263
26218,9197,8527,13.667000000000002
26219,8527,9197,13.667000000000002
26220,9197,8529,14.063
26221,8529,9197,14.063
26222,8811,8530,13.032
26223,8531,9063,149.799
26224,8533,8531,12.632
26225,8532,8533,12.506
26226,8532,9059,23.678
26227,8689,8533,95.735
26228,8807,8534,148.489
26229,8535,8536,77.28200000000001
26230,8536,8535,77.28200000000001
26231,8536,8537,10.275
26232,8537,8536,10.275
26233,8539,8541,8.867
26234,8539,9613,58.014
26235,8542,8539,137.552
26236,8540,9613,9.73
26237,9613,8540,9.73
26238,8540,9506,153.092
26239,9506,8540,153.092
26240,8541,8540,46.225
26241,8542,8541,150.946
26242,9246,8543,146.80499999999998
26243,8543,9246,146.80499999999998
26244,8545,9302,15.563
26245,8548,8545,20.203000000000003
26246,8546,8548,11.873
26247,8549,8546,18.537
26248,8547,9304,25.301
26249,8547,9305,41.43599999999999
26250,9301,8547,9.473
26251,9304,8549,24.685
26252,8552,8553,61.527
26253,8555,8554,10.122
26254,8554,8555,10.122
26255,8556,9209,13.824
26256,8557,8556,9.371
26257,8557,8560,340.32200000000006
26258,9210,8557,14.386
26259,9210,8558,54.53099999999999
26260,8560,8561,13.373
26261,8560,9842,188.549
26262,8565,8566,118.241
26263,8566,8565,118.241
26264,8567,8568,81.489
26265,8568,8567,81.489
26266,8980,8568,129.04500000000002
26267,8569,8570,11.217
26268,8570,8569,11.217
26269,8571,8572,160.89499999999998
26270,8573,8571,191.259
26271,8574,8573,178.45900000000003
26272,8575,8574,17.103
26273,8574,8575,17.103
26274,9091,8579,29.536
26275,8579,9091,29.536
26276,8579,9186,20.778
26277,9186,8579,20.778
26278,9646,8584,59.993
26279,8646,8585,14.733999999999998
26280,8589,8586,10.668
26281,8586,8589,10.668
26282,8647,8586,275.799
26283,8586,8647,275.799
26284,8587,8588,399.93400000000014
26285,8589,8588,332.887
26286,8588,8589,332.887
26287,8588,8590,37.672
26288,8590,8588,37.672
26289,8643,8589,156.358
26290,8589,8643,156.358
26291,8590,8590,264.307
26292,8590,8590,264.307
26293,8594,8593,93.795
26294,8593,8594,93.795
26295,9129,8598,29.363
26296,8599,9351,25.790000000000003
26297,9351,8599,25.790000000000003
26298,9464,8602,263.061
26299,8602,9464,263.061
26300,8714,8603,22.842
26301,8603,8714,22.842
26302,8713,8603,30.256
26303,8605,8604,36.831
26304,9057,8609,122.07
26305,8609,9057,122.07
26306,8680,8611,8.786999999999999
26307,8962,8611,55.334
26308,8612,9679,227.246
26309,9678,8613,37.008
26310,8613,9678,37.008
26311,9679,8613,66.993
26312,8617,8742,9.975
26313,8618,8617,8.745
26314,8619,8722,9.575
26315,9588,8619,67.871
26316,8623,8622,34.074000000000005
26317,8775,8623,54.628
26318,9141,8624,168.504
26319,8624,9141,168.504
26320,8961,8625,207.82900000000004
26321,8625,8961,207.82900000000004
26322,8626,9670,1246.3389999999995
26323,9670,8626,1246.3389999999995
26324,8629,8631,76.259
26325,8631,8629,76.259
26326,8891,8634,27.207
26327,8636,8635,75.017
26328,8635,8636,75.017
26329,8640,9233,37.39
26330,9230,8640,28.404000000000003
26331,8641,8642,35.921
26332,8644,9068,12.917
26333,9068,8644,12.917
26334,8646,8647,19.583
26335,8647,8646,19.583
26336,8647,8648,64.782
26337,8648,8647,64.782
26338,8649,8650,283.4440000000001
26339,8650,8721,11.935
26340,8656,8655,10.251
26341,8655,8656,10.251
26342,8657,8656,272.886
26343,8657,8658,12.208
26344,8658,8657,12.208
26345,8659,8660,31.214
26346,8662,9215,28.937
26347,8748,8666,245.46400000000003
26348,8667,8669,750.225
26349,9501,8667,937.227
26350,8668,8669,10.351
26351,8761,8670,28.441000000000003
26352,8672,8671,156.60500000000002
26353,8671,8672,156.60500000000002
26354,8674,8673,44.543
26355,8673,8674,44.543
26356,8676,8677,107.998
26357,8677,8676,107.998
26358,8677,8678,75.62400000000001
26359,8678,8677,75.62400000000001
26360,8679,8961,330.61400000000003
26361,8961,8679,330.61400000000003
26362,8962,8680,54.137
26363,9118,8680,21.55
26364,8681,8687,43.504
26365,8681,8682,43.29600000000001
26366,9118,8681,83.80699999999999
26367,8687,8682,6.608
26368,8682,8687,6.608
26369,8682,8683,37.618
26370,8684,8682,41.84700000000001
26371,8683,8962,19.773
26372,8684,8683,72.80099999999999
26373,8685,8684,86.213
26374,8686,8685,64.073
26375,8688,8893,98.209
26376,8688,9120,34.107
26377,9120,8688,34.107
26378,8895,8688,30.822
26379,8688,8895,30.822
26380,8894,8688,31.691000000000003
26381,8721,8689,8.128
26382,9193,8690,24.24
26383,8691,8694,60.691
26384,8692,8701,123.908
26385,8701,8692,123.908
26386,8696,8692,164.464
26387,8692,8696,164.464
26388,8692,8696,164.34199999999998
26389,8696,8692,164.34199999999998
26390,8693,8694,21.861
26391,8694,8693,21.861
26392,8697,9671,10.272
26393,8697,9673,190.312
26394,8697,9673,190.297
26395,8697,9674,221.833
26396,8697,9674,222.615
26397,8699,8698,15.343
26398,8699,9363,8.578
26399,9363,8699,8.578
26400,9364,8699,120.373
26401,8699,9364,120.373
26402,9345,8700,204.039
26403,8701,8702,40.1
26404,8702,8701,40.521
26405,8703,8712,43.776
26406,8712,8703,43.776
26407,8703,8711,104.333
26408,8711,8703,104.333
26409,8706,8704,119.962
26410,8704,8706,119.962
26411,8704,8708,34.904
26412,8708,8704,34.631
26413,8705,9610,32.537
26414,8712,8707,287.1209999999999
26415,8711,8714,192.309
26416,8714,8711,192.309
26417,8712,8711,73.359
26418,8717,9286,91.742
26419,8717,9287,28.254
26420,9287,8717,28.254
26421,9288,8717,128.897
26422,8717,9288,128.897
26423,8718,9288,68.09
26424,9288,8718,68.09
26425,9288,8718,103.264
26426,8718,9300,191.479
26427,9290,8718,190.595
26428,9590,8721,229.53500000000005
26429,9588,8722,68.892
26430,9597,8723,15.428
26431,9890,8723,18.809
26432,8726,8725,11.819
26433,8725,8726,11.819
26434,8727,9337,67.764
26435,9337,8727,67.764
26436,8728,8729,51.92699999999999
26437,8730,8728,29.199
26438,8729,9337,15.646
26439,8732,9598,0.56
26440,8736,8737,13.179
26441,9077,8736,73.595
26442,8737,9078,73.21900000000001
26443,8739,8738,32.903
26444,8740,8741,87.26899999999999
26445,8743,8854,178.67000000000002
26446,8854,8743,178.67000000000002
26447,9716,8744,170.265
26448,8744,9716,170.265
26449,8744,8856,178.979
26450,8856,8744,178.979
26451,8745,9592,307.598
26452,8747,9215,30.235
26453,8747,8748,36.423
26454,9215,8748,32.02
26455,8760,8753,51.303
26456,8753,8760,51.303
26457,8754,8761,36.767
26458,8761,8754,36.767
26459,8765,8754,104.961
26460,8754,8765,104.961
26461,8756,8771,199.948
26462,8771,8756,199.948
26463,8762,8756,101.016
26464,8756,8762,101.016
26465,8757,8775,85.258
26466,8759,8757,13.657
26467,8757,8759,13.657
26468,8757,8766,78.46600000000001
26469,8766,8757,78.46600000000001
26470,8758,9737,14.881
26471,9737,8758,14.881
26472,8772,8759,85.234
26473,9558,8762,76.304
26474,8762,9558,76.304
26475,8763,8767,62.485
26476,8767,8763,62.485
26477,8778,8764,93.366
26478,8764,8778,93.366
26479,8769,8764,48.003
26480,8767,8765,42.092
26481,8765,8767,42.092
26482,8766,8779,75.384
26483,8779,8766,75.384
26484,8768,8782,25.534
26485,8782,8768,25.534
26486,8772,8775,13.652
26487,8775,8772,13.652
26488,9568,8774,37.752
26489,8777,8781,31.908
26490,9570,8777,10.651
26491,8778,8782,34.04
26492,8780,8779,32.063
26493,8784,8788,146.388
26494,8788,8784,146.388
26495,8785,8784,146.33399999999995
26496,8784,8785,146.33399999999995
26497,8789,8790,146.61399999999998
26498,8790,8789,146.61399999999998
26499,8791,9156,59.823
26500,9156,8791,59.823
26501,8792,8791,42.245
26502,8793,9124,116.738
26503,8794,8793,42.58
26504,9138,8796,37.644000000000005
26505,8796,9138,37.644000000000005
26506,9277,8797,61.264
26507,8798,9282,80.38000000000002
26508,8912,8799,34.282
26509,8799,8912,34.282
26510,8803,8799,49.389
26511,8801,9148,83.222
26512,9148,8801,83.222
26513,9182,8801,20.458
26514,8804,8841,94.17
26515,8841,8804,94.17
26516,8805,9583,32.475
26517,8806,8807,3.052
26518,8807,8806,3.052
26519,8811,8810,76.025
26520,8810,8811,76.025
26521,8818,9724,9.744
26522,9725,8818,9.756
26523,8820,8819,44.528
26524,8822,8821,102.437
26525,8821,8822,102.437
26526,8825,9265,19.414
26527,9467,8825,15.194
26528,8826,8897,92.846
26529,8897,8826,92.846
26530,8826,8840,188.839
26531,8840,8826,188.839
26532,8827,8896,78.92099999999999
26533,8896,8827,78.92099999999999
26534,8830,8828,93.914
26535,8828,8830,93.914
26536,8829,8985,95.334
26537,8985,8829,95.334
26538,8829,8836,94.447
26539,8836,8829,94.447
26540,8830,8887,157.488
26541,8887,8830,157.488
26542,8834,8831,94.346
26543,8831,8834,94.346
26544,8832,8834,94.213
26545,8834,8832,94.213
26546,8841,8832,94.119
26547,8832,8841,94.119
26548,8835,8844,94.328
26549,8844,8835,94.328
26550,8838,8835,94.336
26551,8835,8838,94.336
26552,8844,8837,94.59
26553,8837,8844,94.59
26554,8839,8838,94.353
26555,8838,8839,94.353
26556,8842,8839,94.107
26557,8839,8842,94.107
26558,8876,8842,94.407
26559,8842,8876,94.407
26560,8846,9144,180.757
26561,8851,8846,101.69
26562,8846,8851,101.69
26563,8849,8846,82.956
26564,8848,8854,47.06099999999999
26565,8854,8848,47.06099999999999
26566,8848,8849,113.09699999999998
26567,8849,8848,113.09699999999998
26568,8850,8853,98.095
26569,8851,8856,49.26499999999999
26570,8856,8851,49.26499999999999
26571,8854,8851,49.29
26572,8851,8854,49.29
26573,8852,8857,81.009
26574,8857,8852,81.009
26575,8852,8853,82.488
26576,8853,8852,82.488
26577,8853,9141,11.952
26578,9141,8853,11.952
26579,8856,8855,47.109
26580,8855,8856,47.109
26581,8862,8858,94.737
26582,8858,8862,94.737
26583,8863,8859,94.555
26584,8859,8863,94.555
26585,8860,8861,95.049
26586,8861,8860,95.049
26587,8866,8860,94.393
26588,8860,8866,94.393
26589,8861,8862,95.05
26590,8862,8861,95.05
26591,8864,8866,94.745
26592,8866,8864,94.745
26593,8867,8869,94.211
26594,8869,8867,94.211
26595,8870,8867,94.451
26596,8867,8870,94.451
26597,8869,8876,94.345
26598,8876,8869,94.345
26599,8880,8870,94.114
26600,8870,8880,94.114
26601,8871,8878,94.573
26602,8878,8871,94.573
26603,8873,8880,94.221
26604,8880,8873,94.221
26605,8875,8877,94.592
26606,8877,8875,94.592
26607,8882,8883,98.94
26608,8883,8882,98.94
26609,8883,8884,94.212
26610,8884,8883,94.212
26611,8884,8885,94.476
26612,8885,8884,94.476
26613,8886,8888,8.621
26614,8888,8886,8.621
26615,8886,8887,96.362
26616,8890,8886,23.474
26617,8887,8888,98.285
26618,8887,9543,72.745
26619,9543,8887,72.745
26620,8888,8890,22.49
26621,8896,8889,11.672
26622,8889,8896,11.672
26623,8893,8889,47.03
26624,8891,8890,47.768
26625,8890,8891,47.768
26626,8892,8893,11.671
26627,8893,8892,11.671
26628,8892,8894,65.057
26629,8896,8892,47.004
26630,8894,8895,47.395
26631,8895,9120,39.722
26632,8902,8900,14.843
26633,8900,8902,14.843
26634,8904,9895,8.31
26635,8905,8904,129.83200000000002
26636,8904,8905,129.83200000000002
26637,9902,8904,8.152
26638,8905,8906,42.536
26639,8909,8911,24.648
26640,8910,8909,18.055
26641,8911,8910,15.684
26642,8914,8915,13.224
26643,8924,8922,11.04
26644,8922,8924,11.04
26645,8922,8925,93.305
26646,8925,8922,93.305
26647,8923,8924,82.226
26648,8924,8923,82.226
26649,8927,9499,150.946
26650,9498,8927,150.559
26651,8927,9498,150.559
26652,8928,8929,11.207
26653,9429,8928,190.115
26654,8931,8932,10.662
26655,8932,8931,10.662
26656,8933,9497,9.913
26657,9499,8933,9.139
26658,8935,8995,96.064
26659,8995,8935,96.064
26660,8936,8944,121.311
26661,8944,8936,121.311
26662,8938,8936,86.583
26663,8936,8938,86.583
26664,8940,8939,84.23500000000001
26665,8939,8940,84.23500000000001
26666,9894,8940,103.77
26667,8940,9894,103.77
26668,8976,8943,202.277
26669,8943,8976,202.277
26670,9437,8953,38.854
26671,8953,9437,38.854
26672,8953,9438,62.616
26673,9438,8953,62.616
26674,8955,8957,94.227
26675,8957,8955,94.227
26676,8970,8971,98.902
26677,8971,8970,98.902
26678,8972,8973,10.501
26679,8973,8972,10.501
26680,8977,8976,10.623
26681,8976,8977,10.623
26682,8978,8981,39.213
26683,8981,8978,39.213
26684,8982,8978,25.969
26685,8978,8982,25.969
26686,9120,8984,654.8299999999999
26687,8984,9120,654.8299999999999
26688,8986,8987,12.828
26689,8987,8986,12.828
26690,8989,8990,22.56
26691,8990,8989,22.56
26692,8994,8992,15.051
26693,8992,8994,15.051
26694,8996,9000,75.279
26695,9000,8996,75.279
26696,8996,9026,47.077
26697,8997,9002,78.997
26698,9011,8997,26.916
26699,8999,9008,28.863
26700,9001,9003,75.80699999999999
26701,9026,9001,28.889
26702,9003,9011,49.312
26703,9178,9004,8.614
26704,9179,9004,7.568
26705,9180,9005,7.032999999999999
26706,9008,9009,77.376
26707,9009,9010,78.592
26708,9010,9037,76.363
26709,9011,9010,16.82
26710,9010,9011,16.82
26711,9028,9012,77.563
26712,9012,9028,77.563
26713,9012,9013,77.615
26714,9013,9012,77.615
26715,9013,9015,77.634
26716,9015,9013,77.634
26717,9014,9039,119.732
26718,9039,9014,119.732
26719,9041,9014,48.03399999999999
26720,9014,9041,48.03399999999999
26721,9018,9016,78.083
26722,9019,9020,74.56
26723,9020,9019,74.56
26724,9038,9021,43.798
26725,9022,9036,162.059
26726,9036,9022,162.059
26727,9023,9024,78.082
26728,9024,9023,78.082
26729,9029,9023,77.61500000000001
26730,9023,9029,77.61500000000001
26731,9024,9028,77.468
26732,9028,9024,77.468
26733,9026,9031,16.771
26734,9031,9026,16.771
26735,9027,9033,34.089
26736,9033,9027,34.089
26737,9034,9029,77.606
26738,9029,9034,77.606
26739,9030,9038,43.56000000000001
26740,9031,9035,77.438
26741,9037,9031,77.56
26742,9035,9032,77.71000000000001
26743,9033,9036,89.409
26744,9036,9033,89.409
26745,9036,9034,77.606
26746,9034,9036,77.606
26747,9039,9041,312.72400000000005
26748,9041,9039,312.72400000000005
26749,9042,9041,308.0370000000001
26750,9041,9042,308.0370000000001
26751,9049,9046,4.491
26752,9047,9050,9.876
26753,9048,9047,11.814
26754,9050,9052,145.893
26755,9051,9055,64.393
26756,9055,9051,64.393
26757,9053,9052,73.24
26758,9052,9053,73.24
26759,9053,9054,409.769
26760,9054,9053,409.769
26761,9055,9054,99.657
26762,9054,9055,99.657
26763,9056,9057,157.94299999999998
26764,9057,9056,157.94299999999998
26765,9056,9637,86.281
26766,9636,9056,58.06
26767,9058,9057,239.74599999999992
26768,9057,9058,239.74599999999992
26769,9060,9062,410.435
26770,9062,9060,410.435
26771,9061,9062,19.61
26772,9063,9086,102.535
26773,9065,9064,13.174
26774,9263,9065,85.34299999999999
26775,9067,9066,86.703
26776,9070,9069,13.973
26777,9069,9070,13.973
26778,9075,9139,50.069
26779,9076,9601,26.324
26780,9077,9078,13.126
26781,9078,9077,13.126
26782,9092,9080,71.78
26783,9081,9093,64.422
26784,9093,9081,64.422
26785,9081,9460,142.594
26786,9460,9081,142.594
26787,9081,9083,58.586
26788,9083,9081,58.586
26789,9082,9081,51.77
26790,9081,9082,51.77
26791,9083,9094,78.886
26792,9094,9083,78.886
26793,9084,9085,21.53
26794,9085,9084,21.53
26795,9088,9087,223.118
26796,9089,9745,10.473
26797,9314,9089,9.119
26798,9091,9186,28.688
26799,9093,9460,110.426
26800,9460,9093,110.426
26801,9094,9093,56.104000000000006
26802,9093,9094,56.104000000000006
26803,9096,9095,10.022
26804,9095,9096,10.022
26805,9099,9125,44.51
26806,9125,9099,44.51
26807,9124,9099,53.65599999999999
26808,9100,9101,27.361000000000004
26809,9103,9104,13.558
26810,9104,9103,13.558
26811,9105,9106,29.906
26812,9112,9111,9.93
26813,9111,9112,9.93
26814,9397,9113,165.47500000000002
26815,9114,9720,338.27700000000004
26816,9285,9123,68.198
26817,9124,9125,39.775
26818,9127,9463,13.372
26819,9734,9128,15.332
26820,9128,9734,15.332
26821,9129,9128,21.662
26822,9131,9132,70.5
26823,9133,9131,26.082
26824,9134,9132,15.149
26825,9132,9134,15.149
26826,9133,9134,89.623
26827,9145,9453,23.895
26828,9453,9145,23.895
26829,9147,9145,49.755
26830,9145,9147,49.755
26831,9148,9149,165.475
26832,9149,9148,165.475
26833,9151,9152,42.124
26834,9157,9166,8.443
26835,9166,9157,8.443
26836,9164,9163,30.972
26837,9169,9170,54.365
26838,9170,9169,54.365
26839,9173,9174,82.513
26840,9175,9313,9.742
26841,9745,9175,9.789
26842,9179,9178,4.044
26843,9178,9179,4.044
26844,9178,9314,204.679
26845,9314,9178,204.679
26846,9180,9179,149.189
26847,9179,9180,149.189
26848,9181,9478,5.825
26849,9481,9182,5.914
26850,9713,9188,87.822
26851,9192,9191,9.908
26852,9191,9192,9.908
26853,9194,9196,14.716
26854,9194,9195,38.51899999999999
26855,9198,9199,3.347
26856,9199,9198,3.347
26857,9198,9339,36.93299999999999
26858,9228,9198,28.759
26859,9199,9227,28.628
26860,9338,9199,36.817
26861,9463,9200,65.491
26862,9201,9202,8.088
26863,9204,9201,5.68
26864,9202,9203,5.763
26865,9203,9204,6.462999999999999
26866,9209,9210,9.319
26867,9212,9213,39.799
26868,9342,9214,59.444
26869,9216,9217,8.982
26870,9218,9216,11.195
26871,9219,9216,24.55
26872,9218,9217,9.824
26873,9282,9220,103.821
26874,9220,9282,103.821
26875,9222,9223,146.057
26876,9223,9222,146.057
26877,9228,9227,6.549
26878,9227,9228,6.549
26879,9229,9228,143.311
26880,9228,9229,143.311
26881,9230,9233,29.292
26882,9617,9232,87.706
26883,9232,9617,87.706
26884,9235,9238,29.812
26885,9235,9373,14.07
26886,9236,9235,74.162
26887,9236,9448,13.576
26888,9448,9236,13.576
26889,9237,9373,6.348
26890,9372,9237,6.5
26891,9238,9816,271.988
26892,9373,9238,23.439
26893,9372,9239,23.268
26894,9242,9240,6.658
26895,9240,9242,6.658
26896,9873,9241,8.129
26897,9241,9873,8.129
26898,9242,9241,183.599
26899,9482,9244,14.438
26900,9247,9246,52.444
26901,9248,9247,52.226
26902,9249,9248,104.67
26903,9251,9250,51.978
26904,9256,9389,24.023
26905,9257,9393,69.323
26906,9258,9630,134.454
26907,9630,9258,134.454
26908,9260,9261,36.44
26909,9261,9260,36.44
26910,9534,9266,65.624
26911,9266,9534,65.624
26912,9268,9269,178.97
26913,9269,9268,178.97
26914,9269,9270,31.186
26915,9270,9269,31.186
26916,9269,9271,56.838
26917,9270,9273,71.509
26918,9273,9270,71.509
26919,9271,9270,59.188
26920,9272,9624,187.60300000000004
26921,9624,9272,187.60300000000004
26922,9273,9272,106.01
26923,9272,9273,106.01
26924,9273,9624,86.368
26925,9624,9273,86.368
26926,9275,9276,176.162
26927,9276,9275,175.932
26928,9279,9277,73.78299999999999
26929,9277,9279,73.78299999999999
26930,9278,9279,146.29399999999998
26931,9279,9278,146.29399999999998
26932,9284,9289,50.873
26933,9284,9285,60.542
26934,9287,9284,91.155
26935,9285,9287,155.404
26936,9289,9285,60.435
26937,9289,9297,324.909
26938,9297,9289,324.909
26939,9290,9299,34.138
26940,9299,9290,833.881
26941,9290,9300,11.739
26942,9309,9291,11.878
26943,9310,9291,86.51100000000001
26944,9292,9308,20.908
26945,9293,9292,44.259
26946,9293,9310,22.063
26947,9294,9295,97.252
26948,9295,9294,97.252
26949,9707,9295,199.079
26950,9295,9707,199.079
26951,9296,9298,4.522
26952,9296,9297,20.492
26953,9297,9298,19.283
26954,9300,9299,45.89
26955,9302,9301,28.042
26956,9692,9301,79.625
26957,9302,9303,80.998
26958,9692,9303,11.012
26959,9305,9304,47.167
26960,9306,9307,11.134
26961,9585,9306,77.103
26962,9307,9309,17.172
26963,9585,9307,81.04799999999999
26964,9308,9585,10.593
26965,9310,9309,89.56400000000001
26966,9313,9744,10.669
26967,9744,9314,10.134
26968,9315,9316,12.671
26969,9316,9315,12.671
26970,9318,9317,12.955
26971,9319,9317,24.044
26972,9318,9319,24.358
26973,9320,9322,12.865
26974,9321,9320,28.058
26975,9322,9323,11.931
26976,9322,9324,25.162
26977,9324,9323,24.911
26978,9325,9327,12.858
26979,9326,9325,35.433
26980,9607,9336,144.801
26981,9339,9338,4.014
26982,9338,9339,4.014
26983,9342,9534,3.719
26984,9534,9342,3.719
26985,9343,9345,194.738
26986,9344,9343,25.06
26987,9346,9344,193.86500000000004
26988,9346,9345,27.481
26989,9345,9346,27.481
26990,9347,9348,24.433
26991,9348,9347,24.433
26992,9349,9347,246.283
26993,9350,9349,26.544000000000004
26994,9349,9350,26.544000000000004
26995,9353,9352,104.817
26996,9354,9353,107.725
26997,9356,9355,107.757
26998,9357,9356,104.816
26999,9696,9358,141.331
27000,9358,9696,141.331
27001,9359,9360,226.195
27002,9360,9359,226.195
27003,9360,9362,343.937
27004,9362,9360,343.937
27005,9363,9696,277.33
27006,9696,9363,277.33
27007,9365,9364,32.601
27008,9367,9500,72.60000000000001
27009,9368,9367,20.449
27010,9500,9369,15.379
27011,9369,9500,15.379
27012,9399,9370,91.34000000000002
27013,9373,9372,3.108
27014,9374,9376,66.518
27015,9375,9374,58.343
27016,9379,9375,67.402
27017,9376,9377,191.924
27018,9378,9377,109.993
27019,9383,9386,6.805
27020,9386,9383,6.805
27021,9383,9385,63.581
27022,9384,9383,64.521
27023,9386,9384,64.43599999999999
27024,9385,9386,63.58299999999999
27025,9388,9387,1.324
27026,9387,9388,1.324
27027,9390,9399,104.796
27028,9391,9390,10.481
27029,9392,9391,19.289
27030,9394,9392,148.076
27031,9393,9394,182.002
27032,9882,9395,43.951
27033,9397,9396,20.368
27034,9398,9397,21.246
27035,9401,9400,13.073
27036,9400,9401,13.073
27037,9404,9403,39.383
27038,9406,9407,177.391
27039,9407,9406,177.391
27040,9409,9408,14.803
27041,9411,9416,12.303
27042,9412,9413,9.701
27043,9863,9417,6.293
27044,9417,9863,6.293
27045,9417,9714,94.334
27046,9425,9427,40.22
27047,9428,9425,81.137
27048,9426,9429,40.295
27049,9430,9426,46.769000000000005
27050,9434,9913,9.398
27051,9920,9434,10.376
27052,9435,9915,57.49
27053,9437,9435,56.277
27054,9915,9436,18.778
27055,9440,9437,17.348
27056,9437,9440,17.348
27057,9439,9438,98.872
27058,9440,9439,21.971
27059,9912,9439,59.747
27060,9441,9442,40.181
27061,9443,9441,77.036
27062,9445,9444,40.438
27063,9446,9445,48.285
27064,9451,9455,40.04899999999999
27065,9453,9452,37.688
27066,9456,9454,35.312
27067,9459,9458,35.701
27068,9693,9464,55.736
27069,9464,9693,55.736
27070,9464,9859,60.51
27071,9859,9464,60.51
27072,9466,9465,57.177
27073,9468,9469,7.158
27074,9471,9468,30.602000000000004
27075,9469,9470,84.904
27076,9473,9474,6.107
27077,9475,9473,51.79899999999999
27078,9476,9477,5.439
27079,9478,9481,6.097
27080,9480,9478,9.471
27081,9482,9480,6.132
27082,9481,9482,9.138
27083,9485,9486,94.214
27084,9486,9485,94.214
27085,9486,9487,94.38
27086,9487,9486,94.38
27087,9487,9488,94.224
27088,9488,9487,94.224
27089,9488,9489,94.047
27090,9489,9488,94.047
27091,9489,9491,292.248
27092,9491,9489,292.248
27093,9491,9490,94.302
27094,9490,9491,94.302
27095,9490,9492,91.099
27096,9492,9490,91.099
27097,9493,9496,7.124
27098,9495,9493,8.64
27099,9494,9495,7.975999999999999
27100,9496,9494,7.954000000000001
27101,9499,9497,13.171
27102,9498,9499,17.793
27103,9599,9506,40.117
27104,9510,9511,1343.2409999999998
27105,9576,9514,53.354000000000006
27106,9515,9519,30.839
27107,9516,9517,59.238
27108,9518,9516,139.061
27109,9517,9520,46.521
27110,9523,9518,81.445
27111,9520,9521,191.213
27112,9524,9525,54.64099999999999
27113,9590,9524,15.483
27114,9531,9530,14.906
27115,9530,9531,14.906
27116,9530,9663,60.6
27117,9663,9530,60.6
27118,9535,9533,146.367
27119,9533,9535,146.367
27120,9535,9537,104.317
27121,9537,9536,106.626
27122,9539,9721,86.752
27123,9542,9543,22.314
27124,9544,9542,26.419
27125,9547,9549,9.275
27126,9549,9548,9.226
27127,9551,9550,172.13799999999998
27128,9552,9551,107.738
27129,9553,9552,104.846
27130,9554,9553,105.082
27131,9555,9554,104.803
27132,9556,9555,104.841
27133,9559,9558,42.034
27134,9562,9561,37.143
27135,9561,9562,37.143
27136,9564,9563,2.184
27137,9563,9564,2.184
27138,9567,9566,24.875
27139,9569,9570,12.981000000000002
27140,9573,9572,28.11
27141,9579,9577,10.117
27142,9578,9579,12.145
27143,9582,9584,34.902
27144,9583,9582,17.608
27145,9647,9584,7.553
27146,9584,9647,7.553
27147,9595,9593,38.776
27148,9593,9595,38.776
27149,9594,9595,95.048
27150,9595,9594,95.048
27151,9596,9595,26.445
27152,9595,9596,26.445
27153,9890,9597,32.533
27154,9600,9602,16.378
27155,9603,9600,9.353
27156,9623,9792,59.622
27157,9792,9623,59.622
27158,9625,9626,84.831
27159,9626,9625,84.831
27160,9627,9628,13.153
27161,9628,9627,13.153
27162,9631,9632,163.294
27163,9632,9631,163.294
27164,9631,9707,62.357
27165,9707,9631,62.357
27166,9636,9637,121.728
27167,9639,9640,69.54599999999999
27168,9643,9642,29.718
27169,9642,9643,29.718
27170,9645,9646,97.344
27171,9651,9649,9.99
27172,9650,9651,2.77
27173,9653,9652,7.145999999999999
27174,9654,9653,6.753
27175,9839,9655,20.2
27176,9657,9658,40.927
27177,9660,9872,88.94099999999999
27178,9872,9660,88.94099999999999
27179,9662,9667,24.771
27180,9668,9662,23.616
27181,9663,9669,31.398
27182,9665,9663,33.763000000000005
27183,9664,9666,11.279
27184,9669,9664,5.006
27185,9665,9669,10.777
27186,9667,9665,12.368999999999998
27187,9666,9668,5.233000000000001
27188,9668,9667,10.532
27189,9671,9675,40.369
27190,9671,9672,39.544
27191,9672,9676,141.499
27192,9672,9676,141.86399999999998
27193,9675,9677,176.43
27194,9678,9679,99.921
27195,9679,9678,99.921
27196,9685,9686,109.012
27197,9691,9690,21.006
27198,9690,9691,21.006
27199,9696,9695,11.83
27200,9695,9696,11.83
27201,9797,9698,189.712
27202,9698,9797,189.712
27203,9698,9699,148.15699999999998
27204,9699,9698,148.15699999999998
27205,9698,9854,164.862
27206,9854,9698,164.862
27207,9699,9700,170.16199999999998
27208,9700,9699,170.16199999999998
27209,9798,9699,190.392
27210,9699,9798,190.392
27211,9854,9700,141.54500000000002
27212,9700,9854,141.54500000000002
27213,9719,9701,29.474
27214,9701,9719,29.474
27215,9719,9701,53.492
27216,9704,9703,267.185
27217,9703,9704,267.185
27218,9706,9708,34.256
27219,9708,9706,34.256
27220,9707,9708,102.996
27221,9708,9707,102.996
27222,9708,9709,98.097
27223,9709,9708,98.097
27224,9865,9713,6.425999999999999
27225,9713,9865,6.425999999999999
27226,9714,9713,94.245
27227,9864,9714,6.937
27228,9714,9864,6.937
27229,9822,9720,153.372
27230,9722,9728,7.031
27231,9730,9722,3.418
27232,9731,9722,9.918
27233,9723,9725,7.755
27234,9726,9723,2.349
27235,9724,9730,8.088999999999999
27236,9725,9724,3.7
27237,9727,9726,8.214
27238,9728,9727,3.519
27239,9729,9727,8.886
27240,9728,9729,8.645
27241,9730,9731,9.543
27242,9732,9733,104.719
27243,9733,9732,104.719
27244,9770,9732,105.258
27245,9732,9770,105.258
27246,9733,9771,59.153
27247,9771,9733,59.153
27248,9736,9737,27.904
27249,9741,9742,59.5
27250,9743,9744,7.113
27251,9744,9743,7.113
27252,9791,9743,198.121
27253,9743,9791,198.121
27254,9744,9745,9.192
27255,9745,9744,9.192
27256,9745,9787,48.892
27257,9787,9745,48.892
27258,9746,9747,104.507
27259,9787,9746,79.41300000000001
27260,9790,9746,6.436
27261,9747,9789,7.671
27262,9747,9748,108.005
27263,9788,9748,4.797
27264,9748,9788,4.797
27265,9748,9786,162.384
27266,9749,9750,50.434
27267,9750,9749,50.434
27268,9786,9749,42.156
27269,9749,9786,42.156
27270,9750,9751,57.53
27271,9785,9750,57.435
27272,9751,9752,104.558
27273,9785,9751,6.506
27274,9752,9784,6.243
27275,9752,9783,66.99
27276,9753,9754,43.357
27277,9754,9753,43.357
27278,9783,9753,38.479
27279,9753,9783,38.479
27280,9754,9755,61.779
27281,9782,9754,61.641
27282,9755,9782,5.925
27283,9755,9756,105.687
27284,9756,9757,104.849
27285,9757,9756,104.849
27286,9756,9782,105.683
27287,9757,9758,105.11
27288,9781,9757,104.94100000000002
27289,9758,9759,105.546
27290,9781,9758,6.349
27291,9759,9760,104.816
27292,9760,9759,104.816
27293,9759,9781,105.841
27294,9760,9761,105.171
27295,9780,9760,105.425
27296,9761,9780,5.729
27297,9761,9762,102.876
27298,9762,9763,9.023
27299,9779,9762,7.701
27300,9763,9778,7.479
27301,9763,9764,101.50799999999998
27302,9764,9765,98.711
27303,9765,9764,98.711
27304,9764,9778,101.638
27305,9765,9766,99.192
27306,9777,9765,99.47799999999998
27307,9766,9767,100.019
27308,9777,9766,5.935
27309,9767,9768,98.525
27310,9768,9767,98.525
27311,9767,9777,100.185
27312,9768,9769,104.788
27313,9776,9768,105.298
27314,9776,9769,4.525
27315,9769,9776,4.525
27316,9769,9775,57.91
27317,9775,9770,48.893
27318,9770,9775,48.893
27319,9772,9771,46.546
27320,9774,9772,105.056
27321,9773,9774,86.717
27322,9775,9776,57.706
27323,9778,9779,8.811
27324,9779,9780,102.858
27325,9783,9784,66.968
27326,9784,9785,104.742
27327,9786,9788,163.151
27328,9790,9787,79.14699999999999
27329,9788,9789,107.18
27330,9789,9790,104.604
27331,9792,9794,14.337
27332,9794,9792,14.337
27333,9793,9792,458.408
27334,9794,9793,31.264
27335,9794,9822,695.774
27336,9855,9797,29.88
27337,9797,9855,29.88
27338,9797,9798,148.212
27339,9798,9797,148.212
27340,9802,9848,15.549
27341,9849,9802,16.655
27342,9816,9815,23.095
27343,9828,9823,9.17
27344,9823,9828,9.17
27345,9824,9823,89.02600000000001
27346,9825,9824,89.749
27347,9829,9825,9.345
27348,9825,9829,9.345
27349,9826,9825,88.555
27350,9827,9826,89.592
27351,9830,9827,9.434
27352,9827,9830,9.434
27353,9834,9827,178.218
27354,9828,9829,178.761
27355,9829,9830,178.152
27356,9830,9835,178.209
27357,9831,9850,81.69999999999999
27358,9832,9831,97.047
27359,9832,9833,8.147
27360,9833,9832,8.147
27361,9835,9832,178.23199999999997
27362,9833,9834,178.229
27363,9835,9834,8.772
27364,9834,9835,8.772
27365,9838,9840,10.158
27366,9840,9839,1.769
27367,9842,9849,2.057
27368,9843,9842,9.606
27369,9844,9843,1.803
27370,9846,9844,328.403
27371,9846,9844,6.67
27372,9845,9846,1.927
27373,9847,9845,9.65
27374,9848,9847,1.93
27375,9849,9848,3.975
27376,9850,9852,179.932
27377,9852,9851,89.658
27378,9852,9853,7.758
27379,9853,9852,7.758
27380,9885,9854,67.764
27381,9854,9885,67.764
27382,9858,9887,79.402
27383,9887,9858,79.402
27384,9859,9858,75.087
27385,9858,9859,75.087
27386,9859,9860,63.607
27387,9860,9859,63.607
27388,9864,9863,94.319
27389,9863,9864,94.319
27390,9865,9864,94.224
27391,9864,9865,94.224
27392,9866,9867,26.21
27393,9868,9869,61.727
27394,9870,9871,62.86600000000001
27395,9876,9908,95.344
27396,9907,9876,93.199
27397,9877,9919,93.02
27398,9918,9877,95.726
27399,9880,9881,9.267
27400,9895,9896,3.797
27401,9902,9895,3.501
27402,9896,9905,7.288
27403,9896,9897,3.219
27404,9897,9898,1.946
27405,9905,9897,7.158
27406,9898,9904,7.157
27407,9898,9899,3.764
27408,9899,9900,2.276
27409,9904,9899,8.501
27410,9900,9903,6.342
27411,9900,9901,2.898
27412,9901,9902,2.492
27413,9903,9901,5.985
27414,9913,9907,99.167
27415,9908,9909,85.39200000000001
27416,9909,9914,10.354
27417,9910,9911,94.287
27418,9914,9910,93.674
27419,9911,9912,94.305
27420,9915,9922,37.117
27421,9916,9917,93.807
27422,9922,9916,94.188
27423,9917,9921,10.157
27424,9921,9918,85.153
27425,9919,9920,98.853
